 
****************************************
Report : timing
        -path full
        -delay min
        -max_paths 100
Design : SYS_TOP
Version: K-2015.06
Date   : Tue Sep 30 11:36:27 2025
****************************************

Operating Conditions: scmetro_tsmc_cl013g_rvt_ff_1p32v_m40c   Library: scmetro_tsmc_cl013g_rvt_ff_1p32v_m40c
Wire Load Model Mode: top

  Startpoint: U_ALU/ALU_OUT_reg[6]
              (rising edge-triggered flip-flop clocked by ALU_CLK)
  Endpoint: U_ALU/ALU_OUT_reg[7]
            (rising edge-triggered flip-flop clocked by ALU_CLK)
  Path Group: ALU_CLK
  Path Type: min

  Point                                    Incr       Path
  -----------------------------------------------------------
  clock ALU_CLK (rise edge)                0.00       0.00
  clock network delay (ideal)              0.00       0.00
  U_ALU/ALU_OUT_reg[6]/CK (SDFFRQX2M)      0.00       0.00 r
  U_ALU/ALU_OUT_reg[6]/Q (SDFFRQX2M)       0.35       0.35 r
  U_ALU/ALU_OUT_reg[7]/SI (SDFFRQX2M)      0.00       0.35 r
  data arrival time                                   0.35

  clock ALU_CLK (rise edge)                0.00       0.00
  clock network delay (ideal)              0.00       0.00
  clock uncertainty                        0.10       0.10
  U_ALU/ALU_OUT_reg[7]/CK (SDFFRQX2M)      0.00       0.10 r
  library hold time                       -0.18      -0.08
  data required time                                 -0.08
  -----------------------------------------------------------
  data required time                                 -0.08
  data arrival time                                  -0.35
  -----------------------------------------------------------
  slack (MET)                                         0.43


  Startpoint: U_ALU/ALU_OUT_reg[5]
              (rising edge-triggered flip-flop clocked by ALU_CLK)
  Endpoint: U_ALU/ALU_OUT_reg[6]
            (rising edge-triggered flip-flop clocked by ALU_CLK)
  Path Group: ALU_CLK
  Path Type: min

  Point                                    Incr       Path
  -----------------------------------------------------------
  clock ALU_CLK (rise edge)                0.00       0.00
  clock network delay (ideal)              0.00       0.00
  U_ALU/ALU_OUT_reg[5]/CK (SDFFRQX2M)      0.00       0.00 r
  U_ALU/ALU_OUT_reg[5]/Q (SDFFRQX2M)       0.35       0.35 r
  U_ALU/ALU_OUT_reg[6]/SI (SDFFRQX2M)      0.00       0.35 r
  data arrival time                                   0.35

  clock ALU_CLK (rise edge)                0.00       0.00
  clock network delay (ideal)              0.00       0.00
  clock uncertainty                        0.10       0.10
  U_ALU/ALU_OUT_reg[6]/CK (SDFFRQX2M)      0.00       0.10 r
  library hold time                       -0.18      -0.08
  data required time                                 -0.08
  -----------------------------------------------------------
  data required time                                 -0.08
  data arrival time                                  -0.35
  -----------------------------------------------------------
  slack (MET)                                         0.43


  Startpoint: U_ALU/ALU_OUT_reg[4]
              (rising edge-triggered flip-flop clocked by ALU_CLK)
  Endpoint: U_ALU/ALU_OUT_reg[5]
            (rising edge-triggered flip-flop clocked by ALU_CLK)
  Path Group: ALU_CLK
  Path Type: min

  Point                                    Incr       Path
  -----------------------------------------------------------
  clock ALU_CLK (rise edge)                0.00       0.00
  clock network delay (ideal)              0.00       0.00
  U_ALU/ALU_OUT_reg[4]/CK (SDFFRQX2M)      0.00       0.00 r
  U_ALU/ALU_OUT_reg[4]/Q (SDFFRQX2M)       0.35       0.35 r
  U_ALU/ALU_OUT_reg[5]/SI (SDFFRQX2M)      0.00       0.35 r
  data arrival time                                   0.35

  clock ALU_CLK (rise edge)                0.00       0.00
  clock network delay (ideal)              0.00       0.00
  clock uncertainty                        0.10       0.10
  U_ALU/ALU_OUT_reg[5]/CK (SDFFRQX2M)      0.00       0.10 r
  library hold time                       -0.18      -0.08
  data required time                                 -0.08
  -----------------------------------------------------------
  data required time                                 -0.08
  data arrival time                                  -0.35
  -----------------------------------------------------------
  slack (MET)                                         0.43


  Startpoint: U_ALU/ALU_OUT_reg[3]
              (rising edge-triggered flip-flop clocked by ALU_CLK)
  Endpoint: U_ALU/ALU_OUT_reg[4]
            (rising edge-triggered flip-flop clocked by ALU_CLK)
  Path Group: ALU_CLK
  Path Type: min

  Point                                    Incr       Path
  -----------------------------------------------------------
  clock ALU_CLK (rise edge)                0.00       0.00
  clock network delay (ideal)              0.00       0.00
  U_ALU/ALU_OUT_reg[3]/CK (SDFFRQX2M)      0.00       0.00 r
  U_ALU/ALU_OUT_reg[3]/Q (SDFFRQX2M)       0.35       0.35 r
  U_ALU/ALU_OUT_reg[4]/SI (SDFFRQX2M)      0.00       0.35 r
  data arrival time                                   0.35

  clock ALU_CLK (rise edge)                0.00       0.00
  clock network delay (ideal)              0.00       0.00
  clock uncertainty                        0.10       0.10
  U_ALU/ALU_OUT_reg[4]/CK (SDFFRQX2M)      0.00       0.10 r
  library hold time                       -0.18      -0.08
  data required time                                 -0.08
  -----------------------------------------------------------
  data required time                                 -0.08
  data arrival time                                  -0.35
  -----------------------------------------------------------
  slack (MET)                                         0.43


  Startpoint: U_ALU/ALU_OUT_reg[2]
              (rising edge-triggered flip-flop clocked by ALU_CLK)
  Endpoint: U_ALU/ALU_OUT_reg[3]
            (rising edge-triggered flip-flop clocked by ALU_CLK)
  Path Group: ALU_CLK
  Path Type: min

  Point                                    Incr       Path
  -----------------------------------------------------------
  clock ALU_CLK (rise edge)                0.00       0.00
  clock network delay (ideal)              0.00       0.00
  U_ALU/ALU_OUT_reg[2]/CK (SDFFRQX2M)      0.00       0.00 r
  U_ALU/ALU_OUT_reg[2]/Q (SDFFRQX2M)       0.35       0.35 r
  U_ALU/ALU_OUT_reg[3]/SI (SDFFRQX2M)      0.00       0.35 r
  data arrival time                                   0.35

  clock ALU_CLK (rise edge)                0.00       0.00
  clock network delay (ideal)              0.00       0.00
  clock uncertainty                        0.10       0.10
  U_ALU/ALU_OUT_reg[3]/CK (SDFFRQX2M)      0.00       0.10 r
  library hold time                       -0.18      -0.08
  data required time                                 -0.08
  -----------------------------------------------------------
  data required time                                 -0.08
  data arrival time                                  -0.35
  -----------------------------------------------------------
  slack (MET)                                         0.43


  Startpoint: U_ALU/ALU_OUT_reg[1]
              (rising edge-triggered flip-flop clocked by ALU_CLK)
  Endpoint: U_ALU/ALU_OUT_reg[2]
            (rising edge-triggered flip-flop clocked by ALU_CLK)
  Path Group: ALU_CLK
  Path Type: min

  Point                                    Incr       Path
  -----------------------------------------------------------
  clock ALU_CLK (rise edge)                0.00       0.00
  clock network delay (ideal)              0.00       0.00
  U_ALU/ALU_OUT_reg[1]/CK (SDFFRQX2M)      0.00       0.00 r
  U_ALU/ALU_OUT_reg[1]/Q (SDFFRQX2M)       0.35       0.35 r
  U_ALU/ALU_OUT_reg[2]/SI (SDFFRQX2M)      0.00       0.35 r
  data arrival time                                   0.35

  clock ALU_CLK (rise edge)                0.00       0.00
  clock network delay (ideal)              0.00       0.00
  clock uncertainty                        0.10       0.10
  U_ALU/ALU_OUT_reg[2]/CK (SDFFRQX2M)      0.00       0.10 r
  library hold time                       -0.18      -0.08
  data required time                                 -0.08
  -----------------------------------------------------------
  data required time                                 -0.08
  data arrival time                                  -0.35
  -----------------------------------------------------------
  slack (MET)                                         0.43


  Startpoint: U_ALU/ALU_OUT_reg[0]
              (rising edge-triggered flip-flop clocked by ALU_CLK)
  Endpoint: U_ALU/ALU_OUT_reg[1]
            (rising edge-triggered flip-flop clocked by ALU_CLK)
  Path Group: ALU_CLK
  Path Type: min

  Point                                    Incr       Path
  -----------------------------------------------------------
  clock ALU_CLK (rise edge)                0.00       0.00
  clock network delay (ideal)              0.00       0.00
  U_ALU/ALU_OUT_reg[0]/CK (SDFFRQX2M)      0.00       0.00 r
  U_ALU/ALU_OUT_reg[0]/Q (SDFFRQX2M)       0.35       0.35 r
  U_ALU/ALU_OUT_reg[1]/SI (SDFFRQX2M)      0.00       0.35 r
  data arrival time                                   0.35

  clock ALU_CLK (rise edge)                0.00       0.00
  clock network delay (ideal)              0.00       0.00
  clock uncertainty                        0.10       0.10
  U_ALU/ALU_OUT_reg[1]/CK (SDFFRQX2M)      0.00       0.10 r
  library hold time                       -0.18      -0.08
  data required time                                 -0.08
  -----------------------------------------------------------
  data required time                                 -0.08
  data arrival time                                  -0.35
  -----------------------------------------------------------
  slack (MET)                                         0.43


  Startpoint: U_ALU/ALU_OUT_reg[7]
              (rising edge-triggered flip-flop clocked by ALU_CLK)
  Endpoint: U_ALU/ALU_OUT_reg[8]
            (rising edge-triggered flip-flop clocked by ALU_CLK)
  Path Group: ALU_CLK
  Path Type: min

  Point                                    Incr       Path
  -----------------------------------------------------------
  clock ALU_CLK (rise edge)                0.00       0.00
  clock network delay (ideal)              0.00       0.00
  U_ALU/ALU_OUT_reg[7]/CK (SDFFRQX2M)      0.00       0.00 r
  U_ALU/ALU_OUT_reg[7]/Q (SDFFRQX2M)       0.35       0.35 r
  U_ALU/ALU_OUT_reg[8]/SI (SDFFRQX2M)      0.00       0.35 r
  data arrival time                                   0.35

  clock ALU_CLK (rise edge)                0.00       0.00
  clock network delay (ideal)              0.00       0.00
  clock uncertainty                        0.10       0.10
  U_ALU/ALU_OUT_reg[8]/CK (SDFFRQX2M)      0.00       0.10 r
  library hold time                       -0.18      -0.08
  data required time                                 -0.08
  -----------------------------------------------------------
  data required time                                 -0.08
  data arrival time                                  -0.35
  -----------------------------------------------------------
  slack (MET)                                         0.43


  Startpoint: U_ALU/ALU_OUT_reg[14]
              (rising edge-triggered flip-flop clocked by ALU_CLK)
  Endpoint: U_ALU/ALU_OUT_reg[15]
            (rising edge-triggered flip-flop clocked by ALU_CLK)
  Path Group: ALU_CLK
  Path Type: min

  Point                                                   Incr       Path
  --------------------------------------------------------------------------
  clock ALU_CLK (rise edge)                               0.00       0.00
  clock network delay (ideal)                             0.00       0.00
  U_ALU/ALU_OUT_reg[14]/CK (SDFFRQX2M)                    0.00       0.00 r
  U_ALU/ALU_OUT_reg[14]/Q (SDFFRQX2M)                     0.35       0.35 r
  U_ALU/ALU_OUT_reg[15]/SI (SDFFRQX2M)                    0.00       0.35 r
  data arrival time                                                  0.35

  clock ALU_CLK (rise edge)                               0.00       0.00
  clock network delay (ideal)                             0.00       0.00
  clock uncertainty                                       0.10       0.10
  U_ALU/ALU_OUT_reg[15]/CK (SDFFRQX2M)                    0.00       0.10 r
  library hold time                                      -0.18      -0.08
  data required time                                                -0.08
  --------------------------------------------------------------------------
  data required time                                                -0.08
  data arrival time                                                 -0.35
  --------------------------------------------------------------------------
  slack (MET)                                                        0.43


  Startpoint: U_ALU/ALU_OUT_reg[13]
              (rising edge-triggered flip-flop clocked by ALU_CLK)
  Endpoint: U_ALU/ALU_OUT_reg[14]
            (rising edge-triggered flip-flop clocked by ALU_CLK)
  Path Group: ALU_CLK
  Path Type: min

  Point                                                   Incr       Path
  --------------------------------------------------------------------------
  clock ALU_CLK (rise edge)                               0.00       0.00
  clock network delay (ideal)                             0.00       0.00
  U_ALU/ALU_OUT_reg[13]/CK (SDFFRQX2M)                    0.00       0.00 r
  U_ALU/ALU_OUT_reg[13]/Q (SDFFRQX2M)                     0.35       0.35 r
  U_ALU/ALU_OUT_reg[14]/SI (SDFFRQX2M)                    0.00       0.35 r
  data arrival time                                                  0.35

  clock ALU_CLK (rise edge)                               0.00       0.00
  clock network delay (ideal)                             0.00       0.00
  clock uncertainty                                       0.10       0.10
  U_ALU/ALU_OUT_reg[14]/CK (SDFFRQX2M)                    0.00       0.10 r
  library hold time                                      -0.18      -0.08
  data required time                                                -0.08
  --------------------------------------------------------------------------
  data required time                                                -0.08
  data arrival time                                                 -0.35
  --------------------------------------------------------------------------
  slack (MET)                                                        0.43


  Startpoint: U_ALU/ALU_OUT_reg[12]
              (rising edge-triggered flip-flop clocked by ALU_CLK)
  Endpoint: U_ALU/ALU_OUT_reg[13]
            (rising edge-triggered flip-flop clocked by ALU_CLK)
  Path Group: ALU_CLK
  Path Type: min

  Point                                                   Incr       Path
  --------------------------------------------------------------------------
  clock ALU_CLK (rise edge)                               0.00       0.00
  clock network delay (ideal)                             0.00       0.00
  U_ALU/ALU_OUT_reg[12]/CK (SDFFRQX2M)                    0.00       0.00 r
  U_ALU/ALU_OUT_reg[12]/Q (SDFFRQX2M)                     0.35       0.35 r
  U_ALU/ALU_OUT_reg[13]/SI (SDFFRQX2M)                    0.00       0.35 r
  data arrival time                                                  0.35

  clock ALU_CLK (rise edge)                               0.00       0.00
  clock network delay (ideal)                             0.00       0.00
  clock uncertainty                                       0.10       0.10
  U_ALU/ALU_OUT_reg[13]/CK (SDFFRQX2M)                    0.00       0.10 r
  library hold time                                      -0.18      -0.08
  data required time                                                -0.08
  --------------------------------------------------------------------------
  data required time                                                -0.08
  data arrival time                                                 -0.35
  --------------------------------------------------------------------------
  slack (MET)                                                        0.43


  Startpoint: U_ALU/ALU_OUT_reg[11]
              (rising edge-triggered flip-flop clocked by ALU_CLK)
  Endpoint: U_ALU/ALU_OUT_reg[12]
            (rising edge-triggered flip-flop clocked by ALU_CLK)
  Path Group: ALU_CLK
  Path Type: min

  Point                                                   Incr       Path
  --------------------------------------------------------------------------
  clock ALU_CLK (rise edge)                               0.00       0.00
  clock network delay (ideal)                             0.00       0.00
  U_ALU/ALU_OUT_reg[11]/CK (SDFFRQX2M)                    0.00       0.00 r
  U_ALU/ALU_OUT_reg[11]/Q (SDFFRQX2M)                     0.35       0.35 r
  U_ALU/ALU_OUT_reg[12]/SI (SDFFRQX2M)                    0.00       0.35 r
  data arrival time                                                  0.35

  clock ALU_CLK (rise edge)                               0.00       0.00
  clock network delay (ideal)                             0.00       0.00
  clock uncertainty                                       0.10       0.10
  U_ALU/ALU_OUT_reg[12]/CK (SDFFRQX2M)                    0.00       0.10 r
  library hold time                                      -0.18      -0.08
  data required time                                                -0.08
  --------------------------------------------------------------------------
  data required time                                                -0.08
  data arrival time                                                 -0.35
  --------------------------------------------------------------------------
  slack (MET)                                                        0.43


  Startpoint: U_ALU/ALU_OUT_reg[10]
              (rising edge-triggered flip-flop clocked by ALU_CLK)
  Endpoint: U_ALU/ALU_OUT_reg[11]
            (rising edge-triggered flip-flop clocked by ALU_CLK)
  Path Group: ALU_CLK
  Path Type: min

  Point                                                   Incr       Path
  --------------------------------------------------------------------------
  clock ALU_CLK (rise edge)                               0.00       0.00
  clock network delay (ideal)                             0.00       0.00
  U_ALU/ALU_OUT_reg[10]/CK (SDFFRQX2M)                    0.00       0.00 r
  U_ALU/ALU_OUT_reg[10]/Q (SDFFRQX2M)                     0.35       0.35 r
  U_ALU/ALU_OUT_reg[11]/SI (SDFFRQX2M)                    0.00       0.35 r
  data arrival time                                                  0.35

  clock ALU_CLK (rise edge)                               0.00       0.00
  clock network delay (ideal)                             0.00       0.00
  clock uncertainty                                       0.10       0.10
  U_ALU/ALU_OUT_reg[11]/CK (SDFFRQX2M)                    0.00       0.10 r
  library hold time                                      -0.18      -0.08
  data required time                                                -0.08
  --------------------------------------------------------------------------
  data required time                                                -0.08
  data arrival time                                                 -0.35
  --------------------------------------------------------------------------
  slack (MET)                                                        0.43


  Startpoint: U_ALU/ALU_OUT_reg[9]
              (rising edge-triggered flip-flop clocked by ALU_CLK)
  Endpoint: U_ALU/ALU_OUT_reg[10]
            (rising edge-triggered flip-flop clocked by ALU_CLK)
  Path Group: ALU_CLK
  Path Type: min

  Point                                                   Incr       Path
  --------------------------------------------------------------------------
  clock ALU_CLK (rise edge)                               0.00       0.00
  clock network delay (ideal)                             0.00       0.00
  U_ALU/ALU_OUT_reg[9]/CK (SDFFRQX2M)                     0.00       0.00 r
  U_ALU/ALU_OUT_reg[9]/Q (SDFFRQX2M)                      0.35       0.35 r
  U_ALU/ALU_OUT_reg[10]/SI (SDFFRQX2M)                    0.00       0.35 r
  data arrival time                                                  0.35

  clock ALU_CLK (rise edge)                               0.00       0.00
  clock network delay (ideal)                             0.00       0.00
  clock uncertainty                                       0.10       0.10
  U_ALU/ALU_OUT_reg[10]/CK (SDFFRQX2M)                    0.00       0.10 r
  library hold time                                      -0.18      -0.08
  data required time                                                -0.08
  --------------------------------------------------------------------------
  data required time                                                -0.08
  data arrival time                                                 -0.35
  --------------------------------------------------------------------------
  slack (MET)                                                        0.43


  Startpoint: U_ALU/ALU_OUT_reg[8]
              (rising edge-triggered flip-flop clocked by ALU_CLK)
  Endpoint: U_ALU/ALU_OUT_reg[9]
            (rising edge-triggered flip-flop clocked by ALU_CLK)
  Path Group: ALU_CLK
  Path Type: min

  Point                                    Incr       Path
  -----------------------------------------------------------
  clock ALU_CLK (rise edge)                0.00       0.00
  clock network delay (ideal)              0.00       0.00
  U_ALU/ALU_OUT_reg[8]/CK (SDFFRQX2M)      0.00       0.00 r
  U_ALU/ALU_OUT_reg[8]/Q (SDFFRQX2M)       0.35       0.35 r
  U_ALU/ALU_OUT_reg[9]/SI (SDFFRQX2M)      0.00       0.35 r
  data arrival time                                   0.35

  clock ALU_CLK (rise edge)                0.00       0.00
  clock network delay (ideal)              0.00       0.00
  clock uncertainty                        0.10       0.10
  U_ALU/ALU_OUT_reg[9]/CK (SDFFRQX2M)      0.00       0.10 r
  library hold time                       -0.18      -0.08
  data required time                                 -0.08
  -----------------------------------------------------------
  data required time                                 -0.08
  data arrival time                                  -0.35
  -----------------------------------------------------------
  slack (MET)                                         0.43


  Startpoint: U_ALU/ALU_OUT_reg[15]
              (rising edge-triggered flip-flop clocked by ALU_CLK)
  Endpoint: U_ALU/OUT_Valid_reg
            (rising edge-triggered flip-flop clocked by ALU_CLK)
  Path Group: ALU_CLK
  Path Type: min

  Point                                                   Incr       Path
  --------------------------------------------------------------------------
  clock ALU_CLK (rise edge)                               0.00       0.00
  clock network delay (ideal)                             0.00       0.00
  U_ALU/ALU_OUT_reg[15]/CK (SDFFRQX2M)                    0.00       0.00 r
  U_ALU/ALU_OUT_reg[15]/Q (SDFFRQX2M)                     0.35       0.35 r
  U_ALU/OUT_Valid_reg/SI (SDFFRQX1M)                      0.00       0.35 r
  data arrival time                                                  0.35

  clock ALU_CLK (rise edge)                               0.00       0.00
  clock network delay (ideal)                             0.00       0.00
  clock uncertainty                                       0.10       0.10
  U_ALU/OUT_Valid_reg/CK (SDFFRQX1M)                      0.00       0.10 r
  library hold time                                      -0.20      -0.10
  data required time                                                -0.10
  --------------------------------------------------------------------------
  data required time                                                -0.10
  data arrival time                                                 -0.35
  --------------------------------------------------------------------------
  slack (MET)                                                        0.45


  Startpoint: U_ALU/OUT_Valid_reg
              (rising edge-triggered flip-flop clocked by ALU_CLK)
  Endpoint: U_ALU/OUT_Valid_reg
            (rising edge-triggered flip-flop clocked by ALU_CLK)
  Path Group: ALU_CLK
  Path Type: min

  Point                                                   Incr       Path
  --------------------------------------------------------------------------
  clock ALU_CLK (rise edge)                               0.00       0.00
  clock network delay (ideal)                             0.00       0.00
  U_ALU/OUT_Valid_reg/CK (SDFFRQX1M)                      0.00       0.00 r
  U_ALU/OUT_Valid_reg/Q (SDFFRQX1M)                       0.43       0.43 f
  U_ALU/OUT_Valid (ALU_test_1)                            0.00       0.43 f
  U_SYS_CTRL/OUT_Valid (SYS_CTRL_test_1)                  0.00       0.43 f
  U_SYS_CTRL/U64/Y (NAND3X2M)                             0.10       0.53 r
  U_SYS_CTRL/U28/Y (NOR2X2M)                              0.09       0.62 f
  U_SYS_CTRL/U25/Y (INVX2M)                               0.08       0.70 r
  U_SYS_CTRL/U29/Y (NAND2X2M)                             0.08       0.78 f
  U_SYS_CTRL/ALU_EN (SYS_CTRL_test_1)                     0.00       0.78 f
  U_ALU/Enable (ALU_test_1)                               0.00       0.78 f
  U_ALU/OUT_Valid_reg/D (SDFFRQX1M)                       0.00       0.78 f
  data arrival time                                                  0.78

  clock ALU_CLK (rise edge)                               0.00       0.00
  clock network delay (ideal)                             0.00       0.00
  clock uncertainty                                       0.10       0.10
  U_ALU/OUT_Valid_reg/CK (SDFFRQX1M)                      0.00       0.10 r
  library hold time                                      -0.23      -0.13
  data required time                                                -0.13
  --------------------------------------------------------------------------
  data required time                                                -0.13
  data arrival time                                                 -0.78
  --------------------------------------------------------------------------
  slack (MET)                                                        0.91


  Startpoint: U_ALU/OUT_Valid_reg
              (rising edge-triggered flip-flop clocked by ALU_CLK)
  Endpoint: U_ALU/ALU_OUT_reg[15]
            (rising edge-triggered flip-flop clocked by ALU_CLK)
  Path Group: ALU_CLK
  Path Type: min

  Point                                                   Incr       Path
  --------------------------------------------------------------------------
  clock ALU_CLK (rise edge)                               0.00       0.00
  clock network delay (ideal)                             0.00       0.00
  U_ALU/OUT_Valid_reg/CK (SDFFRQX1M)                      0.00       0.00 r
  U_ALU/OUT_Valid_reg/Q (SDFFRQX1M)                       0.43       0.43 f
  U_ALU/OUT_Valid (ALU_test_1)                            0.00       0.43 f
  U_SYS_CTRL/OUT_Valid (SYS_CTRL_test_1)                  0.00       0.43 f
  U_SYS_CTRL/U64/Y (NAND3X2M)                             0.10       0.53 r
  U_SYS_CTRL/U28/Y (NOR2X2M)                              0.09       0.62 f
  U_SYS_CTRL/U25/Y (INVX2M)                               0.08       0.70 r
  U_SYS_CTRL/U29/Y (NAND2X2M)                             0.08       0.78 f
  U_SYS_CTRL/ALU_EN (SYS_CTRL_test_1)                     0.00       0.78 f
  U_ALU/Enable (ALU_test_1)                               0.00       0.78 f
  U_ALU/U47/Y (NAND2X2M)                                  0.15       0.94 r
  U_ALU/U38/Y (OAI2BB1X2M)                                0.07       1.01 f
  U_ALU/ALU_OUT_reg[15]/D (SDFFRQX2M)                     0.00       1.01 f
  data arrival time                                                  1.01

  clock ALU_CLK (rise edge)                               0.00       0.00
  clock network delay (ideal)                             0.00       0.00
  clock uncertainty                                       0.10       0.10
  U_ALU/ALU_OUT_reg[15]/CK (SDFFRQX2M)                    0.00       0.10 r
  library hold time                                      -0.22      -0.12
  data required time                                                -0.12
  --------------------------------------------------------------------------
  data required time                                                -0.12
  data arrival time                                                 -1.01
  --------------------------------------------------------------------------
  slack (MET)                                                        1.12


  Startpoint: U_ALU/OUT_Valid_reg
              (rising edge-triggered flip-flop clocked by ALU_CLK)
  Endpoint: U_ALU/ALU_OUT_reg[14]
            (rising edge-triggered flip-flop clocked by ALU_CLK)
  Path Group: ALU_CLK
  Path Type: min

  Point                                                   Incr       Path
  --------------------------------------------------------------------------
  clock ALU_CLK (rise edge)                               0.00       0.00
  clock network delay (ideal)                             0.00       0.00
  U_ALU/OUT_Valid_reg/CK (SDFFRQX1M)                      0.00       0.00 r
  U_ALU/OUT_Valid_reg/Q (SDFFRQX1M)                       0.43       0.43 f
  U_ALU/OUT_Valid (ALU_test_1)                            0.00       0.43 f
  U_SYS_CTRL/OUT_Valid (SYS_CTRL_test_1)                  0.00       0.43 f
  U_SYS_CTRL/U64/Y (NAND3X2M)                             0.10       0.53 r
  U_SYS_CTRL/U28/Y (NOR2X2M)                              0.09       0.62 f
  U_SYS_CTRL/U25/Y (INVX2M)                               0.08       0.70 r
  U_SYS_CTRL/U29/Y (NAND2X2M)                             0.08       0.78 f
  U_SYS_CTRL/ALU_EN (SYS_CTRL_test_1)                     0.00       0.78 f
  U_ALU/Enable (ALU_test_1)                               0.00       0.78 f
  U_ALU/U47/Y (NAND2X2M)                                  0.15       0.94 r
  U_ALU/U37/Y (OAI2BB1X2M)                                0.07       1.01 f
  U_ALU/ALU_OUT_reg[14]/D (SDFFRQX2M)                     0.00       1.01 f
  data arrival time                                                  1.01

  clock ALU_CLK (rise edge)                               0.00       0.00
  clock network delay (ideal)                             0.00       0.00
  clock uncertainty                                       0.10       0.10
  U_ALU/ALU_OUT_reg[14]/CK (SDFFRQX2M)                    0.00       0.10 r
  library hold time                                      -0.22      -0.12
  data required time                                                -0.12
  --------------------------------------------------------------------------
  data required time                                                -0.12
  data arrival time                                                 -1.01
  --------------------------------------------------------------------------
  slack (MET)                                                        1.12


  Startpoint: U_ALU/OUT_Valid_reg
              (rising edge-triggered flip-flop clocked by ALU_CLK)
  Endpoint: U_ALU/ALU_OUT_reg[13]
            (rising edge-triggered flip-flop clocked by ALU_CLK)
  Path Group: ALU_CLK
  Path Type: min

  Point                                                   Incr       Path
  --------------------------------------------------------------------------
  clock ALU_CLK (rise edge)                               0.00       0.00
  clock network delay (ideal)                             0.00       0.00
  U_ALU/OUT_Valid_reg/CK (SDFFRQX1M)                      0.00       0.00 r
  U_ALU/OUT_Valid_reg/Q (SDFFRQX1M)                       0.43       0.43 f
  U_ALU/OUT_Valid (ALU_test_1)                            0.00       0.43 f
  U_SYS_CTRL/OUT_Valid (SYS_CTRL_test_1)                  0.00       0.43 f
  U_SYS_CTRL/U64/Y (NAND3X2M)                             0.10       0.53 r
  U_SYS_CTRL/U28/Y (NOR2X2M)                              0.09       0.62 f
  U_SYS_CTRL/U25/Y (INVX2M)                               0.08       0.70 r
  U_SYS_CTRL/U29/Y (NAND2X2M)                             0.08       0.78 f
  U_SYS_CTRL/ALU_EN (SYS_CTRL_test_1)                     0.00       0.78 f
  U_ALU/Enable (ALU_test_1)                               0.00       0.78 f
  U_ALU/U47/Y (NAND2X2M)                                  0.15       0.94 r
  U_ALU/U36/Y (OAI2BB1X2M)                                0.07       1.01 f
  U_ALU/ALU_OUT_reg[13]/D (SDFFRQX2M)                     0.00       1.01 f
  data arrival time                                                  1.01

  clock ALU_CLK (rise edge)                               0.00       0.00
  clock network delay (ideal)                             0.00       0.00
  clock uncertainty                                       0.10       0.10
  U_ALU/ALU_OUT_reg[13]/CK (SDFFRQX2M)                    0.00       0.10 r
  library hold time                                      -0.22      -0.12
  data required time                                                -0.12
  --------------------------------------------------------------------------
  data required time                                                -0.12
  data arrival time                                                 -1.01
  --------------------------------------------------------------------------
  slack (MET)                                                        1.12


  Startpoint: U_ALU/OUT_Valid_reg
              (rising edge-triggered flip-flop clocked by ALU_CLK)
  Endpoint: U_ALU/ALU_OUT_reg[12]
            (rising edge-triggered flip-flop clocked by ALU_CLK)
  Path Group: ALU_CLK
  Path Type: min

  Point                                                   Incr       Path
  --------------------------------------------------------------------------
  clock ALU_CLK (rise edge)                               0.00       0.00
  clock network delay (ideal)                             0.00       0.00
  U_ALU/OUT_Valid_reg/CK (SDFFRQX1M)                      0.00       0.00 r
  U_ALU/OUT_Valid_reg/Q (SDFFRQX1M)                       0.43       0.43 f
  U_ALU/OUT_Valid (ALU_test_1)                            0.00       0.43 f
  U_SYS_CTRL/OUT_Valid (SYS_CTRL_test_1)                  0.00       0.43 f
  U_SYS_CTRL/U64/Y (NAND3X2M)                             0.10       0.53 r
  U_SYS_CTRL/U28/Y (NOR2X2M)                              0.09       0.62 f
  U_SYS_CTRL/U25/Y (INVX2M)                               0.08       0.70 r
  U_SYS_CTRL/U29/Y (NAND2X2M)                             0.08       0.78 f
  U_SYS_CTRL/ALU_EN (SYS_CTRL_test_1)                     0.00       0.78 f
  U_ALU/Enable (ALU_test_1)                               0.00       0.78 f
  U_ALU/U47/Y (NAND2X2M)                                  0.15       0.94 r
  U_ALU/U35/Y (OAI2BB1X2M)                                0.07       1.01 f
  U_ALU/ALU_OUT_reg[12]/D (SDFFRQX2M)                     0.00       1.01 f
  data arrival time                                                  1.01

  clock ALU_CLK (rise edge)                               0.00       0.00
  clock network delay (ideal)                             0.00       0.00
  clock uncertainty                                       0.10       0.10
  U_ALU/ALU_OUT_reg[12]/CK (SDFFRQX2M)                    0.00       0.10 r
  library hold time                                      -0.22      -0.12
  data required time                                                -0.12
  --------------------------------------------------------------------------
  data required time                                                -0.12
  data arrival time                                                 -1.01
  --------------------------------------------------------------------------
  slack (MET)                                                        1.12


  Startpoint: U_ALU/OUT_Valid_reg
              (rising edge-triggered flip-flop clocked by ALU_CLK)
  Endpoint: U_ALU/ALU_OUT_reg[11]
            (rising edge-triggered flip-flop clocked by ALU_CLK)
  Path Group: ALU_CLK
  Path Type: min

  Point                                                   Incr       Path
  --------------------------------------------------------------------------
  clock ALU_CLK (rise edge)                               0.00       0.00
  clock network delay (ideal)                             0.00       0.00
  U_ALU/OUT_Valid_reg/CK (SDFFRQX1M)                      0.00       0.00 r
  U_ALU/OUT_Valid_reg/Q (SDFFRQX1M)                       0.43       0.43 f
  U_ALU/OUT_Valid (ALU_test_1)                            0.00       0.43 f
  U_SYS_CTRL/OUT_Valid (SYS_CTRL_test_1)                  0.00       0.43 f
  U_SYS_CTRL/U64/Y (NAND3X2M)                             0.10       0.53 r
  U_SYS_CTRL/U28/Y (NOR2X2M)                              0.09       0.62 f
  U_SYS_CTRL/U25/Y (INVX2M)                               0.08       0.70 r
  U_SYS_CTRL/U29/Y (NAND2X2M)                             0.08       0.78 f
  U_SYS_CTRL/ALU_EN (SYS_CTRL_test_1)                     0.00       0.78 f
  U_ALU/Enable (ALU_test_1)                               0.00       0.78 f
  U_ALU/U47/Y (NAND2X2M)                                  0.15       0.94 r
  U_ALU/U34/Y (OAI2BB1X2M)                                0.07       1.01 f
  U_ALU/ALU_OUT_reg[11]/D (SDFFRQX2M)                     0.00       1.01 f
  data arrival time                                                  1.01

  clock ALU_CLK (rise edge)                               0.00       0.00
  clock network delay (ideal)                             0.00       0.00
  clock uncertainty                                       0.10       0.10
  U_ALU/ALU_OUT_reg[11]/CK (SDFFRQX2M)                    0.00       0.10 r
  library hold time                                      -0.22      -0.12
  data required time                                                -0.12
  --------------------------------------------------------------------------
  data required time                                                -0.12
  data arrival time                                                 -1.01
  --------------------------------------------------------------------------
  slack (MET)                                                        1.12


  Startpoint: U_ALU/OUT_Valid_reg
              (rising edge-triggered flip-flop clocked by ALU_CLK)
  Endpoint: U_ALU/ALU_OUT_reg[10]
            (rising edge-triggered flip-flop clocked by ALU_CLK)
  Path Group: ALU_CLK
  Path Type: min

  Point                                                   Incr       Path
  --------------------------------------------------------------------------
  clock ALU_CLK (rise edge)                               0.00       0.00
  clock network delay (ideal)                             0.00       0.00
  U_ALU/OUT_Valid_reg/CK (SDFFRQX1M)                      0.00       0.00 r
  U_ALU/OUT_Valid_reg/Q (SDFFRQX1M)                       0.43       0.43 f
  U_ALU/OUT_Valid (ALU_test_1)                            0.00       0.43 f
  U_SYS_CTRL/OUT_Valid (SYS_CTRL_test_1)                  0.00       0.43 f
  U_SYS_CTRL/U64/Y (NAND3X2M)                             0.10       0.53 r
  U_SYS_CTRL/U28/Y (NOR2X2M)                              0.09       0.62 f
  U_SYS_CTRL/U25/Y (INVX2M)                               0.08       0.70 r
  U_SYS_CTRL/U29/Y (NAND2X2M)                             0.08       0.78 f
  U_SYS_CTRL/ALU_EN (SYS_CTRL_test_1)                     0.00       0.78 f
  U_ALU/Enable (ALU_test_1)                               0.00       0.78 f
  U_ALU/U47/Y (NAND2X2M)                                  0.15       0.94 r
  U_ALU/U33/Y (OAI2BB1X2M)                                0.07       1.01 f
  U_ALU/ALU_OUT_reg[10]/D (SDFFRQX2M)                     0.00       1.01 f
  data arrival time                                                  1.01

  clock ALU_CLK (rise edge)                               0.00       0.00
  clock network delay (ideal)                             0.00       0.00
  clock uncertainty                                       0.10       0.10
  U_ALU/ALU_OUT_reg[10]/CK (SDFFRQX2M)                    0.00       0.10 r
  library hold time                                      -0.22      -0.12
  data required time                                                -0.12
  --------------------------------------------------------------------------
  data required time                                                -0.12
  data arrival time                                                 -1.01
  --------------------------------------------------------------------------
  slack (MET)                                                        1.12


  Startpoint: U_ALU/OUT_Valid_reg
              (rising edge-triggered flip-flop clocked by ALU_CLK)
  Endpoint: U_ALU/ALU_OUT_reg[9]
            (rising edge-triggered flip-flop clocked by ALU_CLK)
  Path Group: ALU_CLK
  Path Type: min

  Point                                                   Incr       Path
  --------------------------------------------------------------------------
  clock ALU_CLK (rise edge)                               0.00       0.00
  clock network delay (ideal)                             0.00       0.00
  U_ALU/OUT_Valid_reg/CK (SDFFRQX1M)                      0.00       0.00 r
  U_ALU/OUT_Valid_reg/Q (SDFFRQX1M)                       0.43       0.43 f
  U_ALU/OUT_Valid (ALU_test_1)                            0.00       0.43 f
  U_SYS_CTRL/OUT_Valid (SYS_CTRL_test_1)                  0.00       0.43 f
  U_SYS_CTRL/U64/Y (NAND3X2M)                             0.10       0.53 r
  U_SYS_CTRL/U28/Y (NOR2X2M)                              0.09       0.62 f
  U_SYS_CTRL/U25/Y (INVX2M)                               0.08       0.70 r
  U_SYS_CTRL/U29/Y (NAND2X2M)                             0.08       0.78 f
  U_SYS_CTRL/ALU_EN (SYS_CTRL_test_1)                     0.00       0.78 f
  U_ALU/Enable (ALU_test_1)                               0.00       0.78 f
  U_ALU/U47/Y (NAND2X2M)                                  0.15       0.94 r
  U_ALU/U32/Y (OAI2BB1X2M)                                0.07       1.01 f
  U_ALU/ALU_OUT_reg[9]/D (SDFFRQX2M)                      0.00       1.01 f
  data arrival time                                                  1.01

  clock ALU_CLK (rise edge)                               0.00       0.00
  clock network delay (ideal)                             0.00       0.00
  clock uncertainty                                       0.10       0.10
  U_ALU/ALU_OUT_reg[9]/CK (SDFFRQX2M)                     0.00       0.10 r
  library hold time                                      -0.22      -0.12
  data required time                                                -0.12
  --------------------------------------------------------------------------
  data required time                                                -0.12
  data arrival time                                                 -1.01
  --------------------------------------------------------------------------
  slack (MET)                                                        1.12


  Startpoint: U_ALU/OUT_Valid_reg
              (rising edge-triggered flip-flop clocked by ALU_CLK)
  Endpoint: U_ALU/ALU_OUT_reg[8]
            (rising edge-triggered flip-flop clocked by ALU_CLK)
  Path Group: ALU_CLK
  Path Type: min

  Point                                                   Incr       Path
  --------------------------------------------------------------------------
  clock ALU_CLK (rise edge)                               0.00       0.00
  clock network delay (ideal)                             0.00       0.00
  U_ALU/OUT_Valid_reg/CK (SDFFRQX1M)                      0.00       0.00 r
  U_ALU/OUT_Valid_reg/Q (SDFFRQX1M)                       0.43       0.43 f
  U_ALU/OUT_Valid (ALU_test_1)                            0.00       0.43 f
  U_SYS_CTRL/OUT_Valid (SYS_CTRL_test_1)                  0.00       0.43 f
  U_SYS_CTRL/U64/Y (NAND3X2M)                             0.10       0.53 r
  U_SYS_CTRL/U28/Y (NOR2X2M)                              0.09       0.62 f
  U_SYS_CTRL/U25/Y (INVX2M)                               0.08       0.70 r
  U_SYS_CTRL/U29/Y (NAND2X2M)                             0.08       0.78 f
  U_SYS_CTRL/ALU_EN (SYS_CTRL_test_1)                     0.00       0.78 f
  U_ALU/Enable (ALU_test_1)                               0.00       0.78 f
  U_ALU/U48/Y (INVX2M)                                    0.22       1.00 r
  U_ALU/U97/Y (AOI21X2M)                                  0.06       1.06 f
  U_ALU/ALU_OUT_reg[8]/D (SDFFRQX2M)                      0.00       1.06 f
  data arrival time                                                  1.06

  clock ALU_CLK (rise edge)                               0.00       0.00
  clock network delay (ideal)                             0.00       0.00
  clock uncertainty                                       0.10       0.10
  U_ALU/ALU_OUT_reg[8]/CK (SDFFRQX2M)                     0.00       0.10 r
  library hold time                                      -0.21      -0.11
  data required time                                                -0.11
  --------------------------------------------------------------------------
  data required time                                                -0.11
  data arrival time                                                 -1.06
  --------------------------------------------------------------------------
  slack (MET)                                                        1.18


  Startpoint: U_ALU/OUT_Valid_reg
              (rising edge-triggered flip-flop clocked by ALU_CLK)
  Endpoint: U_ALU/ALU_OUT_reg[7]
            (rising edge-triggered flip-flop clocked by ALU_CLK)
  Path Group: ALU_CLK
  Path Type: min

  Point                                                   Incr       Path
  --------------------------------------------------------------------------
  clock ALU_CLK (rise edge)                               0.00       0.00
  clock network delay (ideal)                             0.00       0.00
  U_ALU/OUT_Valid_reg/CK (SDFFRQX1M)                      0.00       0.00 r
  U_ALU/OUT_Valid_reg/Q (SDFFRQX1M)                       0.43       0.43 f
  U_ALU/OUT_Valid (ALU_test_1)                            0.00       0.43 f
  U_SYS_CTRL/OUT_Valid (SYS_CTRL_test_1)                  0.00       0.43 f
  U_SYS_CTRL/U64/Y (NAND3X2M)                             0.10       0.53 r
  U_SYS_CTRL/U28/Y (NOR2X2M)                              0.09       0.62 f
  U_SYS_CTRL/U25/Y (INVX2M)                               0.08       0.70 r
  U_SYS_CTRL/U29/Y (NAND2X2M)                             0.08       0.78 f
  U_SYS_CTRL/ALU_EN (SYS_CTRL_test_1)                     0.00       0.78 f
  U_ALU/Enable (ALU_test_1)                               0.00       0.78 f
  U_ALU/U48/Y (INVX2M)                                    0.22       1.00 r
  U_ALU/U93/Y (AOI31X2M)                                  0.06       1.06 f
  U_ALU/ALU_OUT_reg[7]/D (SDFFRQX2M)                      0.00       1.06 f
  data arrival time                                                  1.06

  clock ALU_CLK (rise edge)                               0.00       0.00
  clock network delay (ideal)                             0.00       0.00
  clock uncertainty                                       0.10       0.10
  U_ALU/ALU_OUT_reg[7]/CK (SDFFRQX2M)                     0.00       0.10 r
  library hold time                                      -0.22      -0.12
  data required time                                                -0.12
  --------------------------------------------------------------------------
  data required time                                                -0.12
  data arrival time                                                 -1.06
  --------------------------------------------------------------------------
  slack (MET)                                                        1.18


  Startpoint: U_ALU/OUT_Valid_reg
              (rising edge-triggered flip-flop clocked by ALU_CLK)
  Endpoint: U_ALU/ALU_OUT_reg[6]
            (rising edge-triggered flip-flop clocked by ALU_CLK)
  Path Group: ALU_CLK
  Path Type: min

  Point                                                   Incr       Path
  --------------------------------------------------------------------------
  clock ALU_CLK (rise edge)                               0.00       0.00
  clock network delay (ideal)                             0.00       0.00
  U_ALU/OUT_Valid_reg/CK (SDFFRQX1M)                      0.00       0.00 r
  U_ALU/OUT_Valid_reg/Q (SDFFRQX1M)                       0.43       0.43 f
  U_ALU/OUT_Valid (ALU_test_1)                            0.00       0.43 f
  U_SYS_CTRL/OUT_Valid (SYS_CTRL_test_1)                  0.00       0.43 f
  U_SYS_CTRL/U64/Y (NAND3X2M)                             0.10       0.53 r
  U_SYS_CTRL/U28/Y (NOR2X2M)                              0.09       0.62 f
  U_SYS_CTRL/U25/Y (INVX2M)                               0.08       0.70 r
  U_SYS_CTRL/U29/Y (NAND2X2M)                             0.08       0.78 f
  U_SYS_CTRL/ALU_EN (SYS_CTRL_test_1)                     0.00       0.78 f
  U_ALU/Enable (ALU_test_1)                               0.00       0.78 f
  U_ALU/U48/Y (INVX2M)                                    0.22       1.00 r
  U_ALU/U73/Y (AOI31X2M)                                  0.06       1.06 f
  U_ALU/ALU_OUT_reg[6]/D (SDFFRQX2M)                      0.00       1.06 f
  data arrival time                                                  1.06

  clock ALU_CLK (rise edge)                               0.00       0.00
  clock network delay (ideal)                             0.00       0.00
  clock uncertainty                                       0.10       0.10
  U_ALU/ALU_OUT_reg[6]/CK (SDFFRQX2M)                     0.00       0.10 r
  library hold time                                      -0.22      -0.12
  data required time                                                -0.12
  --------------------------------------------------------------------------
  data required time                                                -0.12
  data arrival time                                                 -1.06
  --------------------------------------------------------------------------
  slack (MET)                                                        1.18


  Startpoint: U_ALU/OUT_Valid_reg
              (rising edge-triggered flip-flop clocked by ALU_CLK)
  Endpoint: U_ALU/ALU_OUT_reg[5]
            (rising edge-triggered flip-flop clocked by ALU_CLK)
  Path Group: ALU_CLK
  Path Type: min

  Point                                                   Incr       Path
  --------------------------------------------------------------------------
  clock ALU_CLK (rise edge)                               0.00       0.00
  clock network delay (ideal)                             0.00       0.00
  U_ALU/OUT_Valid_reg/CK (SDFFRQX1M)                      0.00       0.00 r
  U_ALU/OUT_Valid_reg/Q (SDFFRQX1M)                       0.43       0.43 f
  U_ALU/OUT_Valid (ALU_test_1)                            0.00       0.43 f
  U_SYS_CTRL/OUT_Valid (SYS_CTRL_test_1)                  0.00       0.43 f
  U_SYS_CTRL/U64/Y (NAND3X2M)                             0.10       0.53 r
  U_SYS_CTRL/U28/Y (NOR2X2M)                              0.09       0.62 f
  U_SYS_CTRL/U25/Y (INVX2M)                               0.08       0.70 r
  U_SYS_CTRL/U29/Y (NAND2X2M)                             0.08       0.78 f
  U_SYS_CTRL/ALU_EN (SYS_CTRL_test_1)                     0.00       0.78 f
  U_ALU/Enable (ALU_test_1)                               0.00       0.78 f
  U_ALU/U48/Y (INVX2M)                                    0.22       1.00 r
  U_ALU/U69/Y (AOI31X2M)                                  0.06       1.06 f
  U_ALU/ALU_OUT_reg[5]/D (SDFFRQX2M)                      0.00       1.06 f
  data arrival time                                                  1.06

  clock ALU_CLK (rise edge)                               0.00       0.00
  clock network delay (ideal)                             0.00       0.00
  clock uncertainty                                       0.10       0.10
  U_ALU/ALU_OUT_reg[5]/CK (SDFFRQX2M)                     0.00       0.10 r
  library hold time                                      -0.22      -0.12
  data required time                                                -0.12
  --------------------------------------------------------------------------
  data required time                                                -0.12
  data arrival time                                                 -1.06
  --------------------------------------------------------------------------
  slack (MET)                                                        1.18


  Startpoint: U_ALU/OUT_Valid_reg
              (rising edge-triggered flip-flop clocked by ALU_CLK)
  Endpoint: U_ALU/ALU_OUT_reg[4]
            (rising edge-triggered flip-flop clocked by ALU_CLK)
  Path Group: ALU_CLK
  Path Type: min

  Point                                                   Incr       Path
  --------------------------------------------------------------------------
  clock ALU_CLK (rise edge)                               0.00       0.00
  clock network delay (ideal)                             0.00       0.00
  U_ALU/OUT_Valid_reg/CK (SDFFRQX1M)                      0.00       0.00 r
  U_ALU/OUT_Valid_reg/Q (SDFFRQX1M)                       0.43       0.43 f
  U_ALU/OUT_Valid (ALU_test_1)                            0.00       0.43 f
  U_SYS_CTRL/OUT_Valid (SYS_CTRL_test_1)                  0.00       0.43 f
  U_SYS_CTRL/U64/Y (NAND3X2M)                             0.10       0.53 r
  U_SYS_CTRL/U28/Y (NOR2X2M)                              0.09       0.62 f
  U_SYS_CTRL/U25/Y (INVX2M)                               0.08       0.70 r
  U_SYS_CTRL/U29/Y (NAND2X2M)                             0.08       0.78 f
  U_SYS_CTRL/ALU_EN (SYS_CTRL_test_1)                     0.00       0.78 f
  U_ALU/Enable (ALU_test_1)                               0.00       0.78 f
  U_ALU/U48/Y (INVX2M)                                    0.22       1.00 r
  U_ALU/U65/Y (AOI31X2M)                                  0.06       1.06 f
  U_ALU/ALU_OUT_reg[4]/D (SDFFRQX2M)                      0.00       1.06 f
  data arrival time                                                  1.06

  clock ALU_CLK (rise edge)                               0.00       0.00
  clock network delay (ideal)                             0.00       0.00
  clock uncertainty                                       0.10       0.10
  U_ALU/ALU_OUT_reg[4]/CK (SDFFRQX2M)                     0.00       0.10 r
  library hold time                                      -0.22      -0.12
  data required time                                                -0.12
  --------------------------------------------------------------------------
  data required time                                                -0.12
  data arrival time                                                 -1.06
  --------------------------------------------------------------------------
  slack (MET)                                                        1.18


  Startpoint: U_ALU/OUT_Valid_reg
              (rising edge-triggered flip-flop clocked by ALU_CLK)
  Endpoint: U_ALU/ALU_OUT_reg[3]
            (rising edge-triggered flip-flop clocked by ALU_CLK)
  Path Group: ALU_CLK
  Path Type: min

  Point                                                   Incr       Path
  --------------------------------------------------------------------------
  clock ALU_CLK (rise edge)                               0.00       0.00
  clock network delay (ideal)                             0.00       0.00
  U_ALU/OUT_Valid_reg/CK (SDFFRQX1M)                      0.00       0.00 r
  U_ALU/OUT_Valid_reg/Q (SDFFRQX1M)                       0.43       0.43 f
  U_ALU/OUT_Valid (ALU_test_1)                            0.00       0.43 f
  U_SYS_CTRL/OUT_Valid (SYS_CTRL_test_1)                  0.00       0.43 f
  U_SYS_CTRL/U64/Y (NAND3X2M)                             0.10       0.53 r
  U_SYS_CTRL/U28/Y (NOR2X2M)                              0.09       0.62 f
  U_SYS_CTRL/U25/Y (INVX2M)                               0.08       0.70 r
  U_SYS_CTRL/U29/Y (NAND2X2M)                             0.08       0.78 f
  U_SYS_CTRL/ALU_EN (SYS_CTRL_test_1)                     0.00       0.78 f
  U_ALU/Enable (ALU_test_1)                               0.00       0.78 f
  U_ALU/U48/Y (INVX2M)                                    0.22       1.00 r
  U_ALU/U81/Y (AOI31X2M)                                  0.06       1.06 f
  U_ALU/ALU_OUT_reg[3]/D (SDFFRQX2M)                      0.00       1.06 f
  data arrival time                                                  1.06

  clock ALU_CLK (rise edge)                               0.00       0.00
  clock network delay (ideal)                             0.00       0.00
  clock uncertainty                                       0.10       0.10
  U_ALU/ALU_OUT_reg[3]/CK (SDFFRQX2M)                     0.00       0.10 r
  library hold time                                      -0.22      -0.12
  data required time                                                -0.12
  --------------------------------------------------------------------------
  data required time                                                -0.12
  data arrival time                                                 -1.06
  --------------------------------------------------------------------------
  slack (MET)                                                        1.18


  Startpoint: U_ALU/OUT_Valid_reg
              (rising edge-triggered flip-flop clocked by ALU_CLK)
  Endpoint: U_ALU/ALU_OUT_reg[2]
            (rising edge-triggered flip-flop clocked by ALU_CLK)
  Path Group: ALU_CLK
  Path Type: min

  Point                                                   Incr       Path
  --------------------------------------------------------------------------
  clock ALU_CLK (rise edge)                               0.00       0.00
  clock network delay (ideal)                             0.00       0.00
  U_ALU/OUT_Valid_reg/CK (SDFFRQX1M)                      0.00       0.00 r
  U_ALU/OUT_Valid_reg/Q (SDFFRQX1M)                       0.43       0.43 f
  U_ALU/OUT_Valid (ALU_test_1)                            0.00       0.43 f
  U_SYS_CTRL/OUT_Valid (SYS_CTRL_test_1)                  0.00       0.43 f
  U_SYS_CTRL/U64/Y (NAND3X2M)                             0.10       0.53 r
  U_SYS_CTRL/U28/Y (NOR2X2M)                              0.09       0.62 f
  U_SYS_CTRL/U25/Y (INVX2M)                               0.08       0.70 r
  U_SYS_CTRL/U29/Y (NAND2X2M)                             0.08       0.78 f
  U_SYS_CTRL/ALU_EN (SYS_CTRL_test_1)                     0.00       0.78 f
  U_ALU/Enable (ALU_test_1)                               0.00       0.78 f
  U_ALU/U48/Y (INVX2M)                                    0.22       1.00 r
  U_ALU/U77/Y (AOI31X2M)                                  0.06       1.06 f
  U_ALU/ALU_OUT_reg[2]/D (SDFFRQX2M)                      0.00       1.06 f
  data arrival time                                                  1.06

  clock ALU_CLK (rise edge)                               0.00       0.00
  clock network delay (ideal)                             0.00       0.00
  clock uncertainty                                       0.10       0.10
  U_ALU/ALU_OUT_reg[2]/CK (SDFFRQX2M)                     0.00       0.10 r
  library hold time                                      -0.22      -0.12
  data required time                                                -0.12
  --------------------------------------------------------------------------
  data required time                                                -0.12
  data arrival time                                                 -1.06
  --------------------------------------------------------------------------
  slack (MET)                                                        1.18


  Startpoint: U_ALU/OUT_Valid_reg
              (rising edge-triggered flip-flop clocked by ALU_CLK)
  Endpoint: U_ALU/ALU_OUT_reg[1]
            (rising edge-triggered flip-flop clocked by ALU_CLK)
  Path Group: ALU_CLK
  Path Type: min

  Point                                                   Incr       Path
  --------------------------------------------------------------------------
  clock ALU_CLK (rise edge)                               0.00       0.00
  clock network delay (ideal)                             0.00       0.00
  U_ALU/OUT_Valid_reg/CK (SDFFRQX1M)                      0.00       0.00 r
  U_ALU/OUT_Valid_reg/Q (SDFFRQX1M)                       0.43       0.43 f
  U_ALU/OUT_Valid (ALU_test_1)                            0.00       0.43 f
  U_SYS_CTRL/OUT_Valid (SYS_CTRL_test_1)                  0.00       0.43 f
  U_SYS_CTRL/U64/Y (NAND3X2M)                             0.10       0.53 r
  U_SYS_CTRL/U28/Y (NOR2X2M)                              0.09       0.62 f
  U_SYS_CTRL/U25/Y (INVX2M)                               0.08       0.70 r
  U_SYS_CTRL/U29/Y (NAND2X2M)                             0.08       0.78 f
  U_SYS_CTRL/ALU_EN (SYS_CTRL_test_1)                     0.00       0.78 f
  U_ALU/Enable (ALU_test_1)                               0.00       0.78 f
  U_ALU/U48/Y (INVX2M)                                    0.22       1.00 r
  U_ALU/U89/Y (AOI31X2M)                                  0.06       1.06 f
  U_ALU/ALU_OUT_reg[1]/D (SDFFRQX2M)                      0.00       1.06 f
  data arrival time                                                  1.06

  clock ALU_CLK (rise edge)                               0.00       0.00
  clock network delay (ideal)                             0.00       0.00
  clock uncertainty                                       0.10       0.10
  U_ALU/ALU_OUT_reg[1]/CK (SDFFRQX2M)                     0.00       0.10 r
  library hold time                                      -0.22      -0.12
  data required time                                                -0.12
  --------------------------------------------------------------------------
  data required time                                                -0.12
  data arrival time                                                 -1.06
  --------------------------------------------------------------------------
  slack (MET)                                                        1.18


  Startpoint: U_ALU/OUT_Valid_reg
              (rising edge-triggered flip-flop clocked by ALU_CLK)
  Endpoint: U_ALU/ALU_OUT_reg[0]
            (rising edge-triggered flip-flop clocked by ALU_CLK)
  Path Group: ALU_CLK
  Path Type: min

  Point                                                   Incr       Path
  --------------------------------------------------------------------------
  clock ALU_CLK (rise edge)                               0.00       0.00
  clock network delay (ideal)                             0.00       0.00
  U_ALU/OUT_Valid_reg/CK (SDFFRQX1M)                      0.00       0.00 r
  U_ALU/OUT_Valid_reg/Q (SDFFRQX1M)                       0.43       0.43 f
  U_ALU/OUT_Valid (ALU_test_1)                            0.00       0.43 f
  U_SYS_CTRL/OUT_Valid (SYS_CTRL_test_1)                  0.00       0.43 f
  U_SYS_CTRL/U64/Y (NAND3X2M)                             0.10       0.53 r
  U_SYS_CTRL/U28/Y (NOR2X2M)                              0.09       0.62 f
  U_SYS_CTRL/U25/Y (INVX2M)                               0.08       0.70 r
  U_SYS_CTRL/U29/Y (NAND2X2M)                             0.08       0.78 f
  U_SYS_CTRL/ALU_EN (SYS_CTRL_test_1)                     0.00       0.78 f
  U_ALU/Enable (ALU_test_1)                               0.00       0.78 f
  U_ALU/U48/Y (INVX2M)                                    0.22       1.00 r
  U_ALU/U85/Y (AOI31X2M)                                  0.06       1.06 f
  U_ALU/ALU_OUT_reg[0]/D (SDFFRQX2M)                      0.00       1.06 f
  data arrival time                                                  1.06

  clock ALU_CLK (rise edge)                               0.00       0.00
  clock network delay (ideal)                             0.00       0.00
  clock uncertainty                                       0.10       0.10
  U_ALU/ALU_OUT_reg[0]/CK (SDFFRQX2M)                     0.00       0.10 r
  library hold time                                      -0.22      -0.12
  data required time                                                -0.12
  --------------------------------------------------------------------------
  data required time                                                -0.12
  data arrival time                                                 -1.06
  --------------------------------------------------------------------------
  slack (MET)                                                        1.18


  Startpoint: U_UART_RX/U0_edge_bit_counter/Edge_cnt_reg[1]
              (rising edge-triggered flip-flop clocked by scan_clk)
  Endpoint: U_UART_RX/U0_edge_bit_counter/Edge_cnt_reg[2]
            (rising edge-triggered flip-flop clocked by scan_clk)
  Path Group: scan_clk
  Path Type: min

  Point                                                   Incr       Path
  --------------------------------------------------------------------------
  clock scan_clk (rise edge)                              0.00       0.00
  clock network delay (ideal)                             0.00       0.00
  U_UART_RX/U0_edge_bit_counter/Edge_cnt_reg[1]/CK (SDFFRX1M)
                                                          0.00       0.00 r
  U_UART_RX/U0_edge_bit_counter/Edge_cnt_reg[1]/QN (SDFFRX1M)
                                                          0.32       0.32 r
  U_UART_RX/U0_edge_bit_counter/Edge_cnt_reg[2]/SI (SDFFRQX2M)
                                                          0.00       0.32 r
  data arrival time                                                  0.32

  clock scan_clk (rise edge)                              0.00       0.00
  clock network delay (ideal)                             0.00       0.00
  clock uncertainty                                       0.01       0.01
  U_UART_RX/U0_edge_bit_counter/Edge_cnt_reg[2]/CK (SDFFRQX2M)
                                                          0.00       0.01 r
  library hold time                                      -0.19      -0.18
  data required time                                                -0.18
  --------------------------------------------------------------------------
  data required time                                                -0.18
  data arrival time                                                 -0.32
  --------------------------------------------------------------------------
  slack (MET)                                                        0.50


  Startpoint: RST_SYNC_1/Sync_reg[0]
              (rising edge-triggered flip-flop clocked by scan_clk)
  Endpoint: RST_SYNC_1/Sync_reg[1]
            (rising edge-triggered flip-flop clocked by scan_clk)
  Path Group: scan_clk
  Path Type: min

  Point                                                   Incr       Path
  --------------------------------------------------------------------------
  clock scan_clk (rise edge)                              0.00       0.00
  clock network delay (ideal)                             0.00       0.00
  RST_SYNC_1/Sync_reg[0]/CK (SDFFRQX2M)                   0.00       0.00 r
  RST_SYNC_1/Sync_reg[0]/Q (SDFFRQX2M)                    0.35       0.35 r
  RST_SYNC_1/Sync_reg[1]/D (SDFFRQX2M)                    0.00       0.35 r
  data arrival time                                                  0.35

  clock scan_clk (rise edge)                              0.00       0.00
  clock network delay (ideal)                             0.00       0.00
  clock uncertainty                                       0.01       0.01
  RST_SYNC_1/Sync_reg[1]/CK (SDFFRQX2M)                   0.00       0.01 r
  library hold time                                      -0.16      -0.15
  data required time                                                -0.15
  --------------------------------------------------------------------------
  data required time                                                -0.15
  data arrival time                                                 -0.35
  --------------------------------------------------------------------------
  slack (MET)                                                        0.51


  Startpoint: RST_SYNC_2/Sync_reg[0]
              (rising edge-triggered flip-flop clocked by scan_clk)
  Endpoint: RST_SYNC_2/Sync_reg[1]
            (rising edge-triggered flip-flop clocked by scan_clk)
  Path Group: scan_clk
  Path Type: min

  Point                                                   Incr       Path
  --------------------------------------------------------------------------
  clock scan_clk (rise edge)                              0.00       0.00
  clock network delay (ideal)                             0.00       0.00
  RST_SYNC_2/Sync_reg[0]/CK (SDFFRQX2M)                   0.00       0.00 r
  RST_SYNC_2/Sync_reg[0]/Q (SDFFRQX2M)                    0.35       0.35 r
  RST_SYNC_2/Sync_reg[1]/D (SDFFRQX2M)                    0.00       0.35 r
  data arrival time                                                  0.35

  clock scan_clk (rise edge)                              0.00       0.00
  clock network delay (ideal)                             0.00       0.00
  clock uncertainty                                       0.01       0.01
  RST_SYNC_2/Sync_reg[1]/CK (SDFFRQX2M)                   0.00       0.01 r
  library hold time                                      -0.16      -0.15
  data required time                                                -0.15
  --------------------------------------------------------------------------
  data required time                                                -0.15
  data arrival time                                                 -0.35
  --------------------------------------------------------------------------
  slack (MET)                                                        0.51


  Startpoint: U_ASYC_FIFO/SYNC_r2w/SYNC_reg[3][0]
              (rising edge-triggered flip-flop clocked by scan_clk)
  Endpoint: U_ASYC_FIFO/SYNC_r2w/SYNC_reg[3][1]
            (rising edge-triggered flip-flop clocked by scan_clk)
  Path Group: scan_clk
  Path Type: min

  Point                                                   Incr       Path
  --------------------------------------------------------------------------
  clock scan_clk (rise edge)                              0.00       0.00
  clock network delay (ideal)                             0.00       0.00
  U_ASYC_FIFO/SYNC_r2w/SYNC_reg[3][0]/CK (SDFFRQX2M)      0.00       0.00 r
  U_ASYC_FIFO/SYNC_r2w/SYNC_reg[3][0]/Q (SDFFRQX2M)       0.35       0.35 r
  U_ASYC_FIFO/SYNC_r2w/SYNC_reg[3][1]/D (SDFFRQX2M)       0.00       0.35 r
  data arrival time                                                  0.35

  clock scan_clk (rise edge)                              0.00       0.00
  clock network delay (ideal)                             0.00       0.00
  clock uncertainty                                       0.01       0.01
  U_ASYC_FIFO/SYNC_r2w/SYNC_reg[3][1]/CK (SDFFRQX2M)      0.00       0.01 r
  library hold time                                      -0.16      -0.15
  data required time                                                -0.15
  --------------------------------------------------------------------------
  data required time                                                -0.15
  data arrival time                                                 -0.35
  --------------------------------------------------------------------------
  slack (MET)                                                        0.51


  Startpoint: U_ASYC_FIFO/SYNC_r2w/SYNC_reg[2][0]
              (rising edge-triggered flip-flop clocked by scan_clk)
  Endpoint: U_ASYC_FIFO/SYNC_r2w/SYNC_reg[2][1]
            (rising edge-triggered flip-flop clocked by scan_clk)
  Path Group: scan_clk
  Path Type: min

  Point                                                   Incr       Path
  --------------------------------------------------------------------------
  clock scan_clk (rise edge)                              0.00       0.00
  clock network delay (ideal)                             0.00       0.00
  U_ASYC_FIFO/SYNC_r2w/SYNC_reg[2][0]/CK (SDFFRQX2M)      0.00       0.00 r
  U_ASYC_FIFO/SYNC_r2w/SYNC_reg[2][0]/Q (SDFFRQX2M)       0.35       0.35 r
  U_ASYC_FIFO/SYNC_r2w/SYNC_reg[2][1]/D (SDFFRQX2M)       0.00       0.35 r
  data arrival time                                                  0.35

  clock scan_clk (rise edge)                              0.00       0.00
  clock network delay (ideal)                             0.00       0.00
  clock uncertainty                                       0.01       0.01
  U_ASYC_FIFO/SYNC_r2w/SYNC_reg[2][1]/CK (SDFFRQX2M)      0.00       0.01 r
  library hold time                                      -0.16      -0.15
  data required time                                                -0.15
  --------------------------------------------------------------------------
  data required time                                                -0.15
  data arrival time                                                 -0.35
  --------------------------------------------------------------------------
  slack (MET)                                                        0.51


  Startpoint: U_ASYC_FIFO/SYNC_r2w/SYNC_reg[1][0]
              (rising edge-triggered flip-flop clocked by scan_clk)
  Endpoint: U_ASYC_FIFO/SYNC_r2w/SYNC_reg[1][1]
            (rising edge-triggered flip-flop clocked by scan_clk)
  Path Group: scan_clk
  Path Type: min

  Point                                                   Incr       Path
  --------------------------------------------------------------------------
  clock scan_clk (rise edge)                              0.00       0.00
  clock network delay (ideal)                             0.00       0.00
  U_ASYC_FIFO/SYNC_r2w/SYNC_reg[1][0]/CK (SDFFRQX2M)      0.00       0.00 r
  U_ASYC_FIFO/SYNC_r2w/SYNC_reg[1][0]/Q (SDFFRQX2M)       0.35       0.35 r
  U_ASYC_FIFO/SYNC_r2w/SYNC_reg[1][1]/D (SDFFRQX2M)       0.00       0.35 r
  data arrival time                                                  0.35

  clock scan_clk (rise edge)                              0.00       0.00
  clock network delay (ideal)                             0.00       0.00
  clock uncertainty                                       0.01       0.01
  U_ASYC_FIFO/SYNC_r2w/SYNC_reg[1][1]/CK (SDFFRQX2M)      0.00       0.01 r
  library hold time                                      -0.16      -0.15
  data required time                                                -0.15
  --------------------------------------------------------------------------
  data required time                                                -0.15
  data arrival time                                                 -0.35
  --------------------------------------------------------------------------
  slack (MET)                                                        0.51


  Startpoint: U_ASYC_FIFO/SYNC_r2w/SYNC_reg[0][0]
              (rising edge-triggered flip-flop clocked by scan_clk)
  Endpoint: U_ASYC_FIFO/SYNC_r2w/SYNC_reg[0][1]
            (rising edge-triggered flip-flop clocked by scan_clk)
  Path Group: scan_clk
  Path Type: min

  Point                                                   Incr       Path
  --------------------------------------------------------------------------
  clock scan_clk (rise edge)                              0.00       0.00
  clock network delay (ideal)                             0.00       0.00
  U_ASYC_FIFO/SYNC_r2w/SYNC_reg[0][0]/CK (SDFFRQX2M)      0.00       0.00 r
  U_ASYC_FIFO/SYNC_r2w/SYNC_reg[0][0]/Q (SDFFRQX2M)       0.35       0.35 r
  U_ASYC_FIFO/SYNC_r2w/SYNC_reg[0][1]/D (SDFFRQX2M)       0.00       0.35 r
  data arrival time                                                  0.35

  clock scan_clk (rise edge)                              0.00       0.00
  clock network delay (ideal)                             0.00       0.00
  clock uncertainty                                       0.01       0.01
  U_ASYC_FIFO/SYNC_r2w/SYNC_reg[0][1]/CK (SDFFRQX2M)      0.00       0.01 r
  library hold time                                      -0.16      -0.15
  data required time                                                -0.15
  --------------------------------------------------------------------------
  data required time                                                -0.15
  data arrival time                                                 -0.35
  --------------------------------------------------------------------------
  slack (MET)                                                        0.51


  Startpoint: U_ASYC_FIFO/Rptr_empty/R_ptr_reg[3]
              (rising edge-triggered flip-flop clocked by scan_clk)
  Endpoint: U_ASYC_FIFO/SYNC_r2w/SYNC_reg[3][0]
            (rising edge-triggered flip-flop clocked by scan_clk)
  Path Group: scan_clk
  Path Type: min

  Point                                                   Incr       Path
  --------------------------------------------------------------------------
  clock scan_clk (rise edge)                              0.00       0.00
  clock network delay (ideal)                             0.00       0.00
  U_ASYC_FIFO/Rptr_empty/R_ptr_reg[3]/CK (SDFFRQX2M)      0.00       0.00 r
  U_ASYC_FIFO/Rptr_empty/R_ptr_reg[3]/Q (SDFFRQX2M)       0.35       0.35 r
  U_ASYC_FIFO/Rptr_empty/R_ptr[3] (Rptr_empty_ADDR_WIDTH3_test_1)
                                                          0.00       0.35 r
  U_ASYC_FIFO/SYNC_r2w/ASYNC_addr[3] (SYNC_ADDR_WIDTH3_test_0)
                                                          0.00       0.35 r
  U_ASYC_FIFO/SYNC_r2w/SYNC_reg[3][0]/D (SDFFRQX2M)       0.00       0.35 r
  data arrival time                                                  0.35

  clock scan_clk (rise edge)                              0.00       0.00
  clock network delay (ideal)                             0.00       0.00
  clock uncertainty                                       0.01       0.01
  U_ASYC_FIFO/SYNC_r2w/SYNC_reg[3][0]/CK (SDFFRQX2M)      0.00       0.01 r
  library hold time                                      -0.16      -0.15
  data required time                                                -0.15
  --------------------------------------------------------------------------
  data required time                                                -0.15
  data arrival time                                                 -0.35
  --------------------------------------------------------------------------
  slack (MET)                                                        0.51


  Startpoint: U_ASYC_FIFO/Rptr_empty/R_ptr_reg[2]
              (rising edge-triggered flip-flop clocked by scan_clk)
  Endpoint: U_ASYC_FIFO/SYNC_r2w/SYNC_reg[2][0]
            (rising edge-triggered flip-flop clocked by scan_clk)
  Path Group: scan_clk
  Path Type: min

  Point                                                   Incr       Path
  --------------------------------------------------------------------------
  clock scan_clk (rise edge)                              0.00       0.00
  clock network delay (ideal)                             0.00       0.00
  U_ASYC_FIFO/Rptr_empty/R_ptr_reg[2]/CK (SDFFRQX2M)      0.00       0.00 r
  U_ASYC_FIFO/Rptr_empty/R_ptr_reg[2]/Q (SDFFRQX2M)       0.35       0.35 r
  U_ASYC_FIFO/Rptr_empty/R_ptr[2] (Rptr_empty_ADDR_WIDTH3_test_1)
                                                          0.00       0.35 r
  U_ASYC_FIFO/SYNC_r2w/ASYNC_addr[2] (SYNC_ADDR_WIDTH3_test_0)
                                                          0.00       0.35 r
  U_ASYC_FIFO/SYNC_r2w/SYNC_reg[2][0]/D (SDFFRQX2M)       0.00       0.35 r
  data arrival time                                                  0.35

  clock scan_clk (rise edge)                              0.00       0.00
  clock network delay (ideal)                             0.00       0.00
  clock uncertainty                                       0.01       0.01
  U_ASYC_FIFO/SYNC_r2w/SYNC_reg[2][0]/CK (SDFFRQX2M)      0.00       0.01 r
  library hold time                                      -0.16      -0.15
  data required time                                                -0.15
  --------------------------------------------------------------------------
  data required time                                                -0.15
  data arrival time                                                 -0.35
  --------------------------------------------------------------------------
  slack (MET)                                                        0.51


  Startpoint: U_ASYC_FIFO/Rptr_empty/R_ptr_reg[1]
              (rising edge-triggered flip-flop clocked by scan_clk)
  Endpoint: U_ASYC_FIFO/SYNC_r2w/SYNC_reg[1][0]
            (rising edge-triggered flip-flop clocked by scan_clk)
  Path Group: scan_clk
  Path Type: min

  Point                                                   Incr       Path
  --------------------------------------------------------------------------
  clock scan_clk (rise edge)                              0.00       0.00
  clock network delay (ideal)                             0.00       0.00
  U_ASYC_FIFO/Rptr_empty/R_ptr_reg[1]/CK (SDFFRQX2M)      0.00       0.00 r
  U_ASYC_FIFO/Rptr_empty/R_ptr_reg[1]/Q (SDFFRQX2M)       0.35       0.35 r
  U_ASYC_FIFO/Rptr_empty/R_ptr[1] (Rptr_empty_ADDR_WIDTH3_test_1)
                                                          0.00       0.35 r
  U_ASYC_FIFO/SYNC_r2w/ASYNC_addr[1] (SYNC_ADDR_WIDTH3_test_0)
                                                          0.00       0.35 r
  U_ASYC_FIFO/SYNC_r2w/SYNC_reg[1][0]/D (SDFFRQX2M)       0.00       0.35 r
  data arrival time                                                  0.35

  clock scan_clk (rise edge)                              0.00       0.00
  clock network delay (ideal)                             0.00       0.00
  clock uncertainty                                       0.01       0.01
  U_ASYC_FIFO/SYNC_r2w/SYNC_reg[1][0]/CK (SDFFRQX2M)      0.00       0.01 r
  library hold time                                      -0.16      -0.15
  data required time                                                -0.15
  --------------------------------------------------------------------------
  data required time                                                -0.15
  data arrival time                                                 -0.35
  --------------------------------------------------------------------------
  slack (MET)                                                        0.51


  Startpoint: U_ASYC_FIFO/Rptr_empty/R_ptr_reg[0]
              (rising edge-triggered flip-flop clocked by scan_clk)
  Endpoint: U_ASYC_FIFO/SYNC_r2w/SYNC_reg[0][0]
            (rising edge-triggered flip-flop clocked by scan_clk)
  Path Group: scan_clk
  Path Type: min

  Point                                                   Incr       Path
  --------------------------------------------------------------------------
  clock scan_clk (rise edge)                              0.00       0.00
  clock network delay (ideal)                             0.00       0.00
  U_ASYC_FIFO/Rptr_empty/R_ptr_reg[0]/CK (SDFFRQX2M)      0.00       0.00 r
  U_ASYC_FIFO/Rptr_empty/R_ptr_reg[0]/Q (SDFFRQX2M)       0.35       0.35 r
  U_ASYC_FIFO/Rptr_empty/R_ptr[0] (Rptr_empty_ADDR_WIDTH3_test_1)
                                                          0.00       0.35 r
  U_ASYC_FIFO/SYNC_r2w/ASYNC_addr[0] (SYNC_ADDR_WIDTH3_test_0)
                                                          0.00       0.35 r
  U_ASYC_FIFO/SYNC_r2w/SYNC_reg[0][0]/D (SDFFRQX2M)       0.00       0.35 r
  data arrival time                                                  0.35

  clock scan_clk (rise edge)                              0.00       0.00
  clock network delay (ideal)                             0.00       0.00
  clock uncertainty                                       0.01       0.01
  U_ASYC_FIFO/SYNC_r2w/SYNC_reg[0][0]/CK (SDFFRQX2M)      0.00       0.01 r
  library hold time                                      -0.16      -0.15
  data required time                                                -0.15
  --------------------------------------------------------------------------
  data required time                                                -0.15
  data arrival time                                                 -0.35
  --------------------------------------------------------------------------
  slack (MET)                                                        0.51


  Startpoint: U_ASYC_FIFO/SYNC_w2r/SYNC_reg[2][0]
              (rising edge-triggered flip-flop clocked by scan_clk)
  Endpoint: U_ASYC_FIFO/SYNC_w2r/SYNC_reg[2][1]
            (rising edge-triggered flip-flop clocked by scan_clk)
  Path Group: scan_clk
  Path Type: min

  Point                                                   Incr       Path
  --------------------------------------------------------------------------
  clock scan_clk (rise edge)                              0.00       0.00
  clock network delay (ideal)                             0.00       0.00
  U_ASYC_FIFO/SYNC_w2r/SYNC_reg[2][0]/CK (SDFFRQX2M)      0.00       0.00 r
  U_ASYC_FIFO/SYNC_w2r/SYNC_reg[2][0]/Q (SDFFRQX2M)       0.35       0.35 r
  U_ASYC_FIFO/SYNC_w2r/SYNC_reg[2][1]/D (SDFFRQX2M)       0.00       0.35 r
  data arrival time                                                  0.35

  clock scan_clk (rise edge)                              0.00       0.00
  clock network delay (ideal)                             0.00       0.00
  clock uncertainty                                       0.01       0.01
  U_ASYC_FIFO/SYNC_w2r/SYNC_reg[2][1]/CK (SDFFRQX2M)      0.00       0.01 r
  library hold time                                      -0.16      -0.15
  data required time                                                -0.15
  --------------------------------------------------------------------------
  data required time                                                -0.15
  data arrival time                                                 -0.35
  --------------------------------------------------------------------------
  slack (MET)                                                        0.51


  Startpoint: U_ASYC_FIFO/SYNC_w2r/SYNC_reg[1][0]
              (rising edge-triggered flip-flop clocked by scan_clk)
  Endpoint: U_ASYC_FIFO/SYNC_w2r/SYNC_reg[1][1]
            (rising edge-triggered flip-flop clocked by scan_clk)
  Path Group: scan_clk
  Path Type: min

  Point                                                   Incr       Path
  --------------------------------------------------------------------------
  clock scan_clk (rise edge)                              0.00       0.00
  clock network delay (ideal)                             0.00       0.00
  U_ASYC_FIFO/SYNC_w2r/SYNC_reg[1][0]/CK (SDFFRQX2M)      0.00       0.00 r
  U_ASYC_FIFO/SYNC_w2r/SYNC_reg[1][0]/Q (SDFFRQX2M)       0.35       0.35 r
  U_ASYC_FIFO/SYNC_w2r/SYNC_reg[1][1]/D (SDFFRQX2M)       0.00       0.35 r
  data arrival time                                                  0.35

  clock scan_clk (rise edge)                              0.00       0.00
  clock network delay (ideal)                             0.00       0.00
  clock uncertainty                                       0.01       0.01
  U_ASYC_FIFO/SYNC_w2r/SYNC_reg[1][1]/CK (SDFFRQX2M)      0.00       0.01 r
  library hold time                                      -0.16      -0.15
  data required time                                                -0.15
  --------------------------------------------------------------------------
  data required time                                                -0.15
  data arrival time                                                 -0.35
  --------------------------------------------------------------------------
  slack (MET)                                                        0.51


  Startpoint: U_ASYC_FIFO/SYNC_w2r/SYNC_reg[0][0]
              (rising edge-triggered flip-flop clocked by scan_clk)
  Endpoint: U_ASYC_FIFO/SYNC_w2r/SYNC_reg[0][1]
            (rising edge-triggered flip-flop clocked by scan_clk)
  Path Group: scan_clk
  Path Type: min

  Point                                                   Incr       Path
  --------------------------------------------------------------------------
  clock scan_clk (rise edge)                              0.00       0.00
  clock network delay (ideal)                             0.00       0.00
  U_ASYC_FIFO/SYNC_w2r/SYNC_reg[0][0]/CK (SDFFRQX2M)      0.00       0.00 r
  U_ASYC_FIFO/SYNC_w2r/SYNC_reg[0][0]/Q (SDFFRQX2M)       0.35       0.35 r
  U_ASYC_FIFO/SYNC_w2r/SYNC_reg[0][1]/D (SDFFRQX2M)       0.00       0.35 r
  data arrival time                                                  0.35

  clock scan_clk (rise edge)                              0.00       0.00
  clock network delay (ideal)                             0.00       0.00
  clock uncertainty                                       0.01       0.01
  U_ASYC_FIFO/SYNC_w2r/SYNC_reg[0][1]/CK (SDFFRQX2M)      0.00       0.01 r
  library hold time                                      -0.16      -0.15
  data required time                                                -0.15
  --------------------------------------------------------------------------
  data required time                                                -0.15
  data arrival time                                                 -0.35
  --------------------------------------------------------------------------
  slack (MET)                                                        0.51


  Startpoint: U_ASYC_FIFO/Wptr_full/W_ptr_reg[3]
              (rising edge-triggered flip-flop clocked by scan_clk)
  Endpoint: U_ASYC_FIFO/SYNC_w2r/SYNC_reg[3][0]
            (rising edge-triggered flip-flop clocked by scan_clk)
  Path Group: scan_clk
  Path Type: min

  Point                                                   Incr       Path
  --------------------------------------------------------------------------
  clock scan_clk (rise edge)                              0.00       0.00
  clock network delay (ideal)                             0.00       0.00
  U_ASYC_FIFO/Wptr_full/W_ptr_reg[3]/CK (SDFFRQX2M)       0.00       0.00 r
  U_ASYC_FIFO/Wptr_full/W_ptr_reg[3]/Q (SDFFRQX2M)        0.35       0.35 r
  U_ASYC_FIFO/Wptr_full/W_ptr[3] (Wptr_full_ADDR_WIDTH3_test_1)
                                                          0.00       0.35 r
  U_ASYC_FIFO/SYNC_w2r/ASYNC_addr[3] (SYNC_ADDR_WIDTH3_test_1)
                                                          0.00       0.35 r
  U_ASYC_FIFO/SYNC_w2r/SYNC_reg[3][0]/D (SDFFRQX2M)       0.00       0.35 r
  data arrival time                                                  0.35

  clock scan_clk (rise edge)                              0.00       0.00
  clock network delay (ideal)                             0.00       0.00
  clock uncertainty                                       0.01       0.01
  U_ASYC_FIFO/SYNC_w2r/SYNC_reg[3][0]/CK (SDFFRQX2M)      0.00       0.01 r
  library hold time                                      -0.16      -0.15
  data required time                                                -0.15
  --------------------------------------------------------------------------
  data required time                                                -0.15
  data arrival time                                                 -0.35
  --------------------------------------------------------------------------
  slack (MET)                                                        0.51


  Startpoint: U_ASYC_FIFO/Wptr_full/W_ptr_reg[2]
              (rising edge-triggered flip-flop clocked by scan_clk)
  Endpoint: U_ASYC_FIFO/SYNC_w2r/SYNC_reg[2][0]
            (rising edge-triggered flip-flop clocked by scan_clk)
  Path Group: scan_clk
  Path Type: min

  Point                                                   Incr       Path
  --------------------------------------------------------------------------
  clock scan_clk (rise edge)                              0.00       0.00
  clock network delay (ideal)                             0.00       0.00
  U_ASYC_FIFO/Wptr_full/W_ptr_reg[2]/CK (SDFFRQX2M)       0.00       0.00 r
  U_ASYC_FIFO/Wptr_full/W_ptr_reg[2]/Q (SDFFRQX2M)        0.35       0.35 r
  U_ASYC_FIFO/Wptr_full/W_ptr[2] (Wptr_full_ADDR_WIDTH3_test_1)
                                                          0.00       0.35 r
  U_ASYC_FIFO/SYNC_w2r/ASYNC_addr[2] (SYNC_ADDR_WIDTH3_test_1)
                                                          0.00       0.35 r
  U_ASYC_FIFO/SYNC_w2r/SYNC_reg[2][0]/D (SDFFRQX2M)       0.00       0.35 r
  data arrival time                                                  0.35

  clock scan_clk (rise edge)                              0.00       0.00
  clock network delay (ideal)                             0.00       0.00
  clock uncertainty                                       0.01       0.01
  U_ASYC_FIFO/SYNC_w2r/SYNC_reg[2][0]/CK (SDFFRQX2M)      0.00       0.01 r
  library hold time                                      -0.16      -0.15
  data required time                                                -0.15
  --------------------------------------------------------------------------
  data required time                                                -0.15
  data arrival time                                                 -0.35
  --------------------------------------------------------------------------
  slack (MET)                                                        0.51


  Startpoint: U_ASYC_FIFO/Wptr_full/W_ptr_reg[1]
              (rising edge-triggered flip-flop clocked by scan_clk)
  Endpoint: U_ASYC_FIFO/SYNC_w2r/SYNC_reg[1][0]
            (rising edge-triggered flip-flop clocked by scan_clk)
  Path Group: scan_clk
  Path Type: min

  Point                                                   Incr       Path
  --------------------------------------------------------------------------
  clock scan_clk (rise edge)                              0.00       0.00
  clock network delay (ideal)                             0.00       0.00
  U_ASYC_FIFO/Wptr_full/W_ptr_reg[1]/CK (SDFFRQX2M)       0.00       0.00 r
  U_ASYC_FIFO/Wptr_full/W_ptr_reg[1]/Q (SDFFRQX2M)        0.35       0.35 r
  U_ASYC_FIFO/Wptr_full/W_ptr[1] (Wptr_full_ADDR_WIDTH3_test_1)
                                                          0.00       0.35 r
  U_ASYC_FIFO/SYNC_w2r/ASYNC_addr[1] (SYNC_ADDR_WIDTH3_test_1)
                                                          0.00       0.35 r
  U_ASYC_FIFO/SYNC_w2r/SYNC_reg[1][0]/D (SDFFRQX2M)       0.00       0.35 r
  data arrival time                                                  0.35

  clock scan_clk (rise edge)                              0.00       0.00
  clock network delay (ideal)                             0.00       0.00
  clock uncertainty                                       0.01       0.01
  U_ASYC_FIFO/SYNC_w2r/SYNC_reg[1][0]/CK (SDFFRQX2M)      0.00       0.01 r
  library hold time                                      -0.16      -0.15
  data required time                                                -0.15
  --------------------------------------------------------------------------
  data required time                                                -0.15
  data arrival time                                                 -0.35
  --------------------------------------------------------------------------
  slack (MET)                                                        0.51


  Startpoint: U_ASYC_FIFO/Wptr_full/W_ptr_reg[0]
              (rising edge-triggered flip-flop clocked by scan_clk)
  Endpoint: U_ASYC_FIFO/SYNC_w2r/SYNC_reg[0][0]
            (rising edge-triggered flip-flop clocked by scan_clk)
  Path Group: scan_clk
  Path Type: min

  Point                                                   Incr       Path
  --------------------------------------------------------------------------
  clock scan_clk (rise edge)                              0.00       0.00
  clock network delay (ideal)                             0.00       0.00
  U_ASYC_FIFO/Wptr_full/W_ptr_reg[0]/CK (SDFFRQX2M)       0.00       0.00 r
  U_ASYC_FIFO/Wptr_full/W_ptr_reg[0]/Q (SDFFRQX2M)        0.35       0.35 r
  U_ASYC_FIFO/Wptr_full/W_ptr[0] (Wptr_full_ADDR_WIDTH3_test_1)
                                                          0.00       0.35 r
  U_ASYC_FIFO/SYNC_w2r/ASYNC_addr[0] (SYNC_ADDR_WIDTH3_test_1)
                                                          0.00       0.35 r
  U_ASYC_FIFO/SYNC_w2r/SYNC_reg[0][0]/D (SDFFRQX2M)       0.00       0.35 r
  data arrival time                                                  0.35

  clock scan_clk (rise edge)                              0.00       0.00
  clock network delay (ideal)                             0.00       0.00
  clock uncertainty                                       0.01       0.01
  U_ASYC_FIFO/SYNC_w2r/SYNC_reg[0][0]/CK (SDFFRQX2M)      0.00       0.01 r
  library hold time                                      -0.16      -0.15
  data required time                                                -0.15
  --------------------------------------------------------------------------
  data required time                                                -0.15
  data arrival time                                                 -0.35
  --------------------------------------------------------------------------
  slack (MET)                                                        0.51


  Startpoint: U_ASYC_FIFO/Rptr_empty/R_bin_reg[3]
              (rising edge-triggered flip-flop clocked by scan_clk)
  Endpoint: U_ASYC_FIFO/Rptr_empty/R_empty_reg
            (rising edge-triggered flip-flop clocked by scan_clk)
  Path Group: scan_clk
  Path Type: min

  Point                                                   Incr       Path
  --------------------------------------------------------------------------
  clock scan_clk (rise edge)                              0.00       0.00
  clock network delay (ideal)                             0.00       0.00
  U_ASYC_FIFO/Rptr_empty/R_bin_reg[3]/CK (SDFFRQX2M)      0.00       0.00 r
  U_ASYC_FIFO/Rptr_empty/R_bin_reg[3]/Q (SDFFRQX2M)       0.37       0.37 r
  U_ASYC_FIFO/Rptr_empty/R_empty_reg/SI (SDFFSQX1M)       0.00       0.37 r
  data arrival time                                                  0.37

  clock scan_clk (rise edge)                              0.00       0.00
  clock network delay (ideal)                             0.00       0.00
  clock uncertainty                                       0.01       0.01
  U_ASYC_FIFO/Rptr_empty/R_empty_reg/CK (SDFFSQX1M)       0.00       0.01 r
  library hold time                                      -0.15      -0.14
  data required time                                                -0.14
  --------------------------------------------------------------------------
  data required time                                                -0.14
  data arrival time                                                 -0.37
  --------------------------------------------------------------------------
  slack (MET)                                                        0.52


  Startpoint: U_UART_RX/U0_edge_bit_counter/Edge_cnt_reg[0]
              (rising edge-triggered flip-flop clocked by scan_clk)
  Endpoint: U_UART_RX/U0_edge_bit_counter/Edge_cnt_reg[1]
            (rising edge-triggered flip-flop clocked by scan_clk)
  Path Group: scan_clk
  Path Type: min

  Point                                                   Incr       Path
  --------------------------------------------------------------------------
  clock scan_clk (rise edge)                              0.00       0.00
  clock network delay (ideal)                             0.00       0.00
  U_UART_RX/U0_edge_bit_counter/Edge_cnt_reg[0]/CK (SDFFRX1M)
                                                          0.00       0.00 r
  U_UART_RX/U0_edge_bit_counter/Edge_cnt_reg[0]/QN (SDFFRX1M)
                                                          0.32       0.32 r
  U_UART_RX/U0_edge_bit_counter/Edge_cnt_reg[1]/SI (SDFFRX1M)
                                                          0.00       0.32 r
  data arrival time                                                  0.32

  clock scan_clk (rise edge)                              0.00       0.00
  clock network delay (ideal)                             0.00       0.00
  clock uncertainty                                       0.01       0.01
  U_UART_RX/U0_edge_bit_counter/Edge_cnt_reg[1]/CK (SDFFRX1M)
                                                          0.00       0.01 r
  library hold time                                      -0.21      -0.20
  data required time                                                -0.20
  --------------------------------------------------------------------------
  data required time                                                -0.20
  data arrival time                                                 -0.32
  --------------------------------------------------------------------------
  slack (MET)                                                        0.52


  Startpoint: RST_SYNC_1/Sync_reg[0]
              (rising edge-triggered flip-flop clocked by scan_clk)
  Endpoint: RST_SYNC_1/Sync_reg[1]
            (rising edge-triggered flip-flop clocked by scan_clk)
  Path Group: scan_clk
  Path Type: min

  Point                                                   Incr       Path
  --------------------------------------------------------------------------
  clock scan_clk (rise edge)                              0.00       0.00
  clock network delay (ideal)                             0.00       0.00
  RST_SYNC_1/Sync_reg[0]/CK (SDFFRQX2M)                   0.00       0.00 r
  RST_SYNC_1/Sync_reg[0]/Q (SDFFRQX2M)                    0.35       0.35 r
  RST_SYNC_1/Sync_reg[1]/SI (SDFFRQX2M)                   0.00       0.35 r
  data arrival time                                                  0.35

  clock scan_clk (rise edge)                              0.00       0.00
  clock network delay (ideal)                             0.00       0.00
  clock uncertainty                                       0.01       0.01
  RST_SYNC_1/Sync_reg[1]/CK (SDFFRQX2M)                   0.00       0.01 r
  library hold time                                      -0.18      -0.17
  data required time                                                -0.17
  --------------------------------------------------------------------------
  data required time                                                -0.17
  data arrival time                                                 -0.35
  --------------------------------------------------------------------------
  slack (MET)                                                        0.52


  Startpoint: RST_SYNC_2/Sync_reg[0]
              (rising edge-triggered flip-flop clocked by scan_clk)
  Endpoint: RST_SYNC_2/Sync_reg[1]
            (rising edge-triggered flip-flop clocked by scan_clk)
  Path Group: scan_clk
  Path Type: min

  Point                                                   Incr       Path
  --------------------------------------------------------------------------
  clock scan_clk (rise edge)                              0.00       0.00
  clock network delay (ideal)                             0.00       0.00
  RST_SYNC_2/Sync_reg[0]/CK (SDFFRQX2M)                   0.00       0.00 r
  RST_SYNC_2/Sync_reg[0]/Q (SDFFRQX2M)                    0.35       0.35 r
  RST_SYNC_2/Sync_reg[1]/SI (SDFFRQX2M)                   0.00       0.35 r
  data arrival time                                                  0.35

  clock scan_clk (rise edge)                              0.00       0.00
  clock network delay (ideal)                             0.00       0.00
  clock uncertainty                                       0.01       0.01
  RST_SYNC_2/Sync_reg[1]/CK (SDFFRQX2M)                   0.00       0.01 r
  library hold time                                      -0.18      -0.17
  data required time                                                -0.17
  --------------------------------------------------------------------------
  data required time                                                -0.17
  data arrival time                                                 -0.35
  --------------------------------------------------------------------------
  slack (MET)                                                        0.52


  Startpoint: U_ASYC_FIFO/SYNC_r2w/SYNC_reg[3][0]
              (rising edge-triggered flip-flop clocked by scan_clk)
  Endpoint: U_ASYC_FIFO/SYNC_r2w/SYNC_reg[3][1]
            (rising edge-triggered flip-flop clocked by scan_clk)
  Path Group: scan_clk
  Path Type: min

  Point                                                   Incr       Path
  --------------------------------------------------------------------------
  clock scan_clk (rise edge)                              0.00       0.00
  clock network delay (ideal)                             0.00       0.00
  U_ASYC_FIFO/SYNC_r2w/SYNC_reg[3][0]/CK (SDFFRQX2M)      0.00       0.00 r
  U_ASYC_FIFO/SYNC_r2w/SYNC_reg[3][0]/Q (SDFFRQX2M)       0.35       0.35 r
  U_ASYC_FIFO/SYNC_r2w/SYNC_reg[3][1]/SI (SDFFRQX2M)      0.00       0.35 r
  data arrival time                                                  0.35

  clock scan_clk (rise edge)                              0.00       0.00
  clock network delay (ideal)                             0.00       0.00
  clock uncertainty                                       0.01       0.01
  U_ASYC_FIFO/SYNC_r2w/SYNC_reg[3][1]/CK (SDFFRQX2M)      0.00       0.01 r
  library hold time                                      -0.18      -0.17
  data required time                                                -0.17
  --------------------------------------------------------------------------
  data required time                                                -0.17
  data arrival time                                                 -0.35
  --------------------------------------------------------------------------
  slack (MET)                                                        0.52


  Startpoint: U_ASYC_FIFO/SYNC_r2w/SYNC_reg[2][0]
              (rising edge-triggered flip-flop clocked by scan_clk)
  Endpoint: U_ASYC_FIFO/SYNC_r2w/SYNC_reg[2][1]
            (rising edge-triggered flip-flop clocked by scan_clk)
  Path Group: scan_clk
  Path Type: min

  Point                                                   Incr       Path
  --------------------------------------------------------------------------
  clock scan_clk (rise edge)                              0.00       0.00
  clock network delay (ideal)                             0.00       0.00
  U_ASYC_FIFO/SYNC_r2w/SYNC_reg[2][0]/CK (SDFFRQX2M)      0.00       0.00 r
  U_ASYC_FIFO/SYNC_r2w/SYNC_reg[2][0]/Q (SDFFRQX2M)       0.35       0.35 r
  U_ASYC_FIFO/SYNC_r2w/SYNC_reg[2][1]/SI (SDFFRQX2M)      0.00       0.35 r
  data arrival time                                                  0.35

  clock scan_clk (rise edge)                              0.00       0.00
  clock network delay (ideal)                             0.00       0.00
  clock uncertainty                                       0.01       0.01
  U_ASYC_FIFO/SYNC_r2w/SYNC_reg[2][1]/CK (SDFFRQX2M)      0.00       0.01 r
  library hold time                                      -0.18      -0.17
  data required time                                                -0.17
  --------------------------------------------------------------------------
  data required time                                                -0.17
  data arrival time                                                 -0.35
  --------------------------------------------------------------------------
  slack (MET)                                                        0.52


  Startpoint: U_ASYC_FIFO/SYNC_r2w/SYNC_reg[1][0]
              (rising edge-triggered flip-flop clocked by scan_clk)
  Endpoint: U_ASYC_FIFO/SYNC_r2w/SYNC_reg[1][1]
            (rising edge-triggered flip-flop clocked by scan_clk)
  Path Group: scan_clk
  Path Type: min

  Point                                                   Incr       Path
  --------------------------------------------------------------------------
  clock scan_clk (rise edge)                              0.00       0.00
  clock network delay (ideal)                             0.00       0.00
  U_ASYC_FIFO/SYNC_r2w/SYNC_reg[1][0]/CK (SDFFRQX2M)      0.00       0.00 r
  U_ASYC_FIFO/SYNC_r2w/SYNC_reg[1][0]/Q (SDFFRQX2M)       0.35       0.35 r
  U_ASYC_FIFO/SYNC_r2w/SYNC_reg[1][1]/SI (SDFFRQX2M)      0.00       0.35 r
  data arrival time                                                  0.35

  clock scan_clk (rise edge)                              0.00       0.00
  clock network delay (ideal)                             0.00       0.00
  clock uncertainty                                       0.01       0.01
  U_ASYC_FIFO/SYNC_r2w/SYNC_reg[1][1]/CK (SDFFRQX2M)      0.00       0.01 r
  library hold time                                      -0.18      -0.17
  data required time                                                -0.17
  --------------------------------------------------------------------------
  data required time                                                -0.17
  data arrival time                                                 -0.35
  --------------------------------------------------------------------------
  slack (MET)                                                        0.52


  Startpoint: U_ASYC_FIFO/SYNC_r2w/SYNC_reg[0][0]
              (rising edge-triggered flip-flop clocked by scan_clk)
  Endpoint: U_ASYC_FIFO/SYNC_r2w/SYNC_reg[0][1]
            (rising edge-triggered flip-flop clocked by scan_clk)
  Path Group: scan_clk
  Path Type: min

  Point                                                   Incr       Path
  --------------------------------------------------------------------------
  clock scan_clk (rise edge)                              0.00       0.00
  clock network delay (ideal)                             0.00       0.00
  U_ASYC_FIFO/SYNC_r2w/SYNC_reg[0][0]/CK (SDFFRQX2M)      0.00       0.00 r
  U_ASYC_FIFO/SYNC_r2w/SYNC_reg[0][0]/Q (SDFFRQX2M)       0.35       0.35 r
  U_ASYC_FIFO/SYNC_r2w/SYNC_reg[0][1]/SI (SDFFRQX2M)      0.00       0.35 r
  data arrival time                                                  0.35

  clock scan_clk (rise edge)                              0.00       0.00
  clock network delay (ideal)                             0.00       0.00
  clock uncertainty                                       0.01       0.01
  U_ASYC_FIFO/SYNC_r2w/SYNC_reg[0][1]/CK (SDFFRQX2M)      0.00       0.01 r
  library hold time                                      -0.18      -0.17
  data required time                                                -0.17
  --------------------------------------------------------------------------
  data required time                                                -0.17
  data arrival time                                                 -0.35
  --------------------------------------------------------------------------
  slack (MET)                                                        0.52


  Startpoint: U_ASYC_FIFO/Rptr_empty/R_ptr_reg[3]
              (rising edge-triggered flip-flop clocked by scan_clk)
  Endpoint: U_ASYC_FIFO/SYNC_r2w/SYNC_reg[0][0]
            (rising edge-triggered flip-flop clocked by scan_clk)
  Path Group: scan_clk
  Path Type: min

  Point                                                   Incr       Path
  --------------------------------------------------------------------------
  clock scan_clk (rise edge)                              0.00       0.00
  clock network delay (ideal)                             0.00       0.00
  U_ASYC_FIFO/Rptr_empty/R_ptr_reg[3]/CK (SDFFRQX2M)      0.00       0.00 r
  U_ASYC_FIFO/Rptr_empty/R_ptr_reg[3]/Q (SDFFRQX2M)       0.35       0.35 r
  U_ASYC_FIFO/Rptr_empty/R_ptr[3] (Rptr_empty_ADDR_WIDTH3_test_1)
                                                          0.00       0.35 r
  U_ASYC_FIFO/SYNC_r2w/ASYNC_addr[3] (SYNC_ADDR_WIDTH3_test_0)
                                                          0.00       0.35 r
  U_ASYC_FIFO/SYNC_r2w/SYNC_reg[0][0]/SI (SDFFRQX2M)      0.00       0.35 r
  data arrival time                                                  0.35

  clock scan_clk (rise edge)                              0.00       0.00
  clock network delay (ideal)                             0.00       0.00
  clock uncertainty                                       0.01       0.01
  U_ASYC_FIFO/SYNC_r2w/SYNC_reg[0][0]/CK (SDFFRQX2M)      0.00       0.01 r
  library hold time                                      -0.18      -0.17
  data required time                                                -0.17
  --------------------------------------------------------------------------
  data required time                                                -0.17
  data arrival time                                                 -0.35
  --------------------------------------------------------------------------
  slack (MET)                                                        0.52


  Startpoint: U_ASYC_FIFO/SYNC_w2r/SYNC_reg[2][0]
              (rising edge-triggered flip-flop clocked by scan_clk)
  Endpoint: U_ASYC_FIFO/SYNC_w2r/SYNC_reg[2][1]
            (rising edge-triggered flip-flop clocked by scan_clk)
  Path Group: scan_clk
  Path Type: min

  Point                                                   Incr       Path
  --------------------------------------------------------------------------
  clock scan_clk (rise edge)                              0.00       0.00
  clock network delay (ideal)                             0.00       0.00
  U_ASYC_FIFO/SYNC_w2r/SYNC_reg[2][0]/CK (SDFFRQX2M)      0.00       0.00 r
  U_ASYC_FIFO/SYNC_w2r/SYNC_reg[2][0]/Q (SDFFRQX2M)       0.35       0.35 r
  U_ASYC_FIFO/SYNC_w2r/SYNC_reg[2][1]/SI (SDFFRQX2M)      0.00       0.35 r
  data arrival time                                                  0.35

  clock scan_clk (rise edge)                              0.00       0.00
  clock network delay (ideal)                             0.00       0.00
  clock uncertainty                                       0.01       0.01
  U_ASYC_FIFO/SYNC_w2r/SYNC_reg[2][1]/CK (SDFFRQX2M)      0.00       0.01 r
  library hold time                                      -0.18      -0.17
  data required time                                                -0.17
  --------------------------------------------------------------------------
  data required time                                                -0.17
  data arrival time                                                 -0.35
  --------------------------------------------------------------------------
  slack (MET)                                                        0.52


  Startpoint: U_ASYC_FIFO/SYNC_w2r/SYNC_reg[1][0]
              (rising edge-triggered flip-flop clocked by scan_clk)
  Endpoint: U_ASYC_FIFO/SYNC_w2r/SYNC_reg[1][1]
            (rising edge-triggered flip-flop clocked by scan_clk)
  Path Group: scan_clk
  Path Type: min

  Point                                                   Incr       Path
  --------------------------------------------------------------------------
  clock scan_clk (rise edge)                              0.00       0.00
  clock network delay (ideal)                             0.00       0.00
  U_ASYC_FIFO/SYNC_w2r/SYNC_reg[1][0]/CK (SDFFRQX2M)      0.00       0.00 r
  U_ASYC_FIFO/SYNC_w2r/SYNC_reg[1][0]/Q (SDFFRQX2M)       0.35       0.35 r
  U_ASYC_FIFO/SYNC_w2r/SYNC_reg[1][1]/SI (SDFFRQX2M)      0.00       0.35 r
  data arrival time                                                  0.35

  clock scan_clk (rise edge)                              0.00       0.00
  clock network delay (ideal)                             0.00       0.00
  clock uncertainty                                       0.01       0.01
  U_ASYC_FIFO/SYNC_w2r/SYNC_reg[1][1]/CK (SDFFRQX2M)      0.00       0.01 r
  library hold time                                      -0.18      -0.17
  data required time                                                -0.17
  --------------------------------------------------------------------------
  data required time                                                -0.17
  data arrival time                                                 -0.35
  --------------------------------------------------------------------------
  slack (MET)                                                        0.52


  Startpoint: U_ASYC_FIFO/SYNC_w2r/SYNC_reg[0][0]
              (rising edge-triggered flip-flop clocked by scan_clk)
  Endpoint: U_ASYC_FIFO/SYNC_w2r/SYNC_reg[0][1]
            (rising edge-triggered flip-flop clocked by scan_clk)
  Path Group: scan_clk
  Path Type: min

  Point                                                   Incr       Path
  --------------------------------------------------------------------------
  clock scan_clk (rise edge)                              0.00       0.00
  clock network delay (ideal)                             0.00       0.00
  U_ASYC_FIFO/SYNC_w2r/SYNC_reg[0][0]/CK (SDFFRQX2M)      0.00       0.00 r
  U_ASYC_FIFO/SYNC_w2r/SYNC_reg[0][0]/Q (SDFFRQX2M)       0.35       0.35 r
  U_ASYC_FIFO/SYNC_w2r/SYNC_reg[0][1]/SI (SDFFRQX2M)      0.00       0.35 r
  data arrival time                                                  0.35

  clock scan_clk (rise edge)                              0.00       0.00
  clock network delay (ideal)                             0.00       0.00
  clock uncertainty                                       0.01       0.01
  U_ASYC_FIFO/SYNC_w2r/SYNC_reg[0][1]/CK (SDFFRQX2M)      0.00       0.01 r
  library hold time                                      -0.18      -0.17
  data required time                                                -0.17
  --------------------------------------------------------------------------
  data required time                                                -0.17
  data arrival time                                                 -0.35
  --------------------------------------------------------------------------
  slack (MET)                                                        0.52


  Startpoint: U_ASYC_FIFO/Rptr_empty/R_ptr_reg[2]
              (rising edge-triggered flip-flop clocked by scan_clk)
  Endpoint: U_ASYC_FIFO/Rptr_empty/R_ptr_reg[3]
            (rising edge-triggered flip-flop clocked by scan_clk)
  Path Group: scan_clk
  Path Type: min

  Point                                                   Incr       Path
  --------------------------------------------------------------------------
  clock scan_clk (rise edge)                              0.00       0.00
  clock network delay (ideal)                             0.00       0.00
  U_ASYC_FIFO/Rptr_empty/R_ptr_reg[2]/CK (SDFFRQX2M)      0.00       0.00 r
  U_ASYC_FIFO/Rptr_empty/R_ptr_reg[2]/Q (SDFFRQX2M)       0.35       0.35 r
  U_ASYC_FIFO/Rptr_empty/R_ptr_reg[3]/SI (SDFFRQX2M)      0.00       0.35 r
  data arrival time                                                  0.35

  clock scan_clk (rise edge)                              0.00       0.00
  clock network delay (ideal)                             0.00       0.00
  clock uncertainty                                       0.01       0.01
  U_ASYC_FIFO/Rptr_empty/R_ptr_reg[3]/CK (SDFFRQX2M)      0.00       0.01 r
  library hold time                                      -0.18      -0.17
  data required time                                                -0.17
  --------------------------------------------------------------------------
  data required time                                                -0.17
  data arrival time                                                 -0.35
  --------------------------------------------------------------------------
  slack (MET)                                                        0.52


  Startpoint: U_ASYC_FIFO/Rptr_empty/R_ptr_reg[1]
              (rising edge-triggered flip-flop clocked by scan_clk)
  Endpoint: U_ASYC_FIFO/Rptr_empty/R_ptr_reg[2]
            (rising edge-triggered flip-flop clocked by scan_clk)
  Path Group: scan_clk
  Path Type: min

  Point                                                   Incr       Path
  --------------------------------------------------------------------------
  clock scan_clk (rise edge)                              0.00       0.00
  clock network delay (ideal)                             0.00       0.00
  U_ASYC_FIFO/Rptr_empty/R_ptr_reg[1]/CK (SDFFRQX2M)      0.00       0.00 r
  U_ASYC_FIFO/Rptr_empty/R_ptr_reg[1]/Q (SDFFRQX2M)       0.35       0.35 r
  U_ASYC_FIFO/Rptr_empty/R_ptr_reg[2]/SI (SDFFRQX2M)      0.00       0.35 r
  data arrival time                                                  0.35

  clock scan_clk (rise edge)                              0.00       0.00
  clock network delay (ideal)                             0.00       0.00
  clock uncertainty                                       0.01       0.01
  U_ASYC_FIFO/Rptr_empty/R_ptr_reg[2]/CK (SDFFRQX2M)      0.00       0.01 r
  library hold time                                      -0.18      -0.17
  data required time                                                -0.17
  --------------------------------------------------------------------------
  data required time                                                -0.17
  data arrival time                                                 -0.35
  --------------------------------------------------------------------------
  slack (MET)                                                        0.52


  Startpoint: U_ASYC_FIFO/Rptr_empty/R_ptr_reg[0]
              (rising edge-triggered flip-flop clocked by scan_clk)
  Endpoint: U_ASYC_FIFO/Rptr_empty/R_ptr_reg[1]
            (rising edge-triggered flip-flop clocked by scan_clk)
  Path Group: scan_clk
  Path Type: min

  Point                                                   Incr       Path
  --------------------------------------------------------------------------
  clock scan_clk (rise edge)                              0.00       0.00
  clock network delay (ideal)                             0.00       0.00
  U_ASYC_FIFO/Rptr_empty/R_ptr_reg[0]/CK (SDFFRQX2M)      0.00       0.00 r
  U_ASYC_FIFO/Rptr_empty/R_ptr_reg[0]/Q (SDFFRQX2M)       0.35       0.35 r
  U_ASYC_FIFO/Rptr_empty/R_ptr_reg[1]/SI (SDFFRQX2M)      0.00       0.35 r
  data arrival time                                                  0.35

  clock scan_clk (rise edge)                              0.00       0.00
  clock network delay (ideal)                             0.00       0.00
  clock uncertainty                                       0.01       0.01
  U_ASYC_FIFO/Rptr_empty/R_ptr_reg[1]/CK (SDFFRQX2M)      0.00       0.01 r
  library hold time                                      -0.18      -0.17
  data required time                                                -0.17
  --------------------------------------------------------------------------
  data required time                                                -0.17
  data arrival time                                                 -0.35
  --------------------------------------------------------------------------
  slack (MET)                                                        0.52


  Startpoint: U_ASYC_FIFO/Wptr_full/W_ptr_reg[2]
              (rising edge-triggered flip-flop clocked by scan_clk)
  Endpoint: U_ASYC_FIFO/Wptr_full/W_ptr_reg[3]
            (rising edge-triggered flip-flop clocked by scan_clk)
  Path Group: scan_clk
  Path Type: min

  Point                                                   Incr       Path
  --------------------------------------------------------------------------
  clock scan_clk (rise edge)                              0.00       0.00
  clock network delay (ideal)                             0.00       0.00
  U_ASYC_FIFO/Wptr_full/W_ptr_reg[2]/CK (SDFFRQX2M)       0.00       0.00 r
  U_ASYC_FIFO/Wptr_full/W_ptr_reg[2]/Q (SDFFRQX2M)        0.35       0.35 r
  U_ASYC_FIFO/Wptr_full/W_ptr_reg[3]/SI (SDFFRQX2M)       0.00       0.35 r
  data arrival time                                                  0.35

  clock scan_clk (rise edge)                              0.00       0.00
  clock network delay (ideal)                             0.00       0.00
  clock uncertainty                                       0.01       0.01
  U_ASYC_FIFO/Wptr_full/W_ptr_reg[3]/CK (SDFFRQX2M)       0.00       0.01 r
  library hold time                                      -0.18      -0.17
  data required time                                                -0.17
  --------------------------------------------------------------------------
  data required time                                                -0.17
  data arrival time                                                 -0.35
  --------------------------------------------------------------------------
  slack (MET)                                                        0.52


  Startpoint: U_ASYC_FIFO/Wptr_full/W_ptr_reg[1]
              (rising edge-triggered flip-flop clocked by scan_clk)
  Endpoint: U_ASYC_FIFO/Wptr_full/W_ptr_reg[2]
            (rising edge-triggered flip-flop clocked by scan_clk)
  Path Group: scan_clk
  Path Type: min

  Point                                                   Incr       Path
  --------------------------------------------------------------------------
  clock scan_clk (rise edge)                              0.00       0.00
  clock network delay (ideal)                             0.00       0.00
  U_ASYC_FIFO/Wptr_full/W_ptr_reg[1]/CK (SDFFRQX2M)       0.00       0.00 r
  U_ASYC_FIFO/Wptr_full/W_ptr_reg[1]/Q (SDFFRQX2M)        0.35       0.35 r
  U_ASYC_FIFO/Wptr_full/W_ptr_reg[2]/SI (SDFFRQX2M)       0.00       0.35 r
  data arrival time                                                  0.35

  clock scan_clk (rise edge)                              0.00       0.00
  clock network delay (ideal)                             0.00       0.00
  clock uncertainty                                       0.01       0.01
  U_ASYC_FIFO/Wptr_full/W_ptr_reg[2]/CK (SDFFRQX2M)       0.00       0.01 r
  library hold time                                      -0.18      -0.17
  data required time                                                -0.17
  --------------------------------------------------------------------------
  data required time                                                -0.17
  data arrival time                                                 -0.35
  --------------------------------------------------------------------------
  slack (MET)                                                        0.52


  Startpoint: U_ASYC_FIFO/Wptr_full/W_ptr_reg[0]
              (rising edge-triggered flip-flop clocked by scan_clk)
  Endpoint: U_ASYC_FIFO/Wptr_full/W_ptr_reg[1]
            (rising edge-triggered flip-flop clocked by scan_clk)
  Path Group: scan_clk
  Path Type: min

  Point                                                   Incr       Path
  --------------------------------------------------------------------------
  clock scan_clk (rise edge)                              0.00       0.00
  clock network delay (ideal)                             0.00       0.00
  U_ASYC_FIFO/Wptr_full/W_ptr_reg[0]/CK (SDFFRQX2M)       0.00       0.00 r
  U_ASYC_FIFO/Wptr_full/W_ptr_reg[0]/Q (SDFFRQX2M)        0.35       0.35 r
  U_ASYC_FIFO/Wptr_full/W_ptr_reg[1]/SI (SDFFRQX2M)       0.00       0.35 r
  data arrival time                                                  0.35

  clock scan_clk (rise edge)                              0.00       0.00
  clock network delay (ideal)                             0.00       0.00
  clock uncertainty                                       0.01       0.01
  U_ASYC_FIFO/Wptr_full/W_ptr_reg[1]/CK (SDFFRQX2M)       0.00       0.01 r
  library hold time                                      -0.18      -0.17
  data required time                                                -0.17
  --------------------------------------------------------------------------
  data required time                                                -0.17
  data arrival time                                                 -0.35
  --------------------------------------------------------------------------
  slack (MET)                                                        0.52


  Startpoint: U_ASYC_FIFO/Wptr_full/W_ptr_reg[3]
              (rising edge-triggered flip-flop clocked by scan_clk)
  Endpoint: U_DATA_SYNC/Sync_en_reg[0]
            (rising edge-triggered flip-flop clocked by scan_clk)
  Path Group: scan_clk
  Path Type: min

  Point                                                   Incr       Path
  --------------------------------------------------------------------------
  clock scan_clk (rise edge)                              0.00       0.00
  clock network delay (ideal)                             0.00       0.00
  U_ASYC_FIFO/Wptr_full/W_ptr_reg[3]/CK (SDFFRQX2M)       0.00       0.00 r
  U_ASYC_FIFO/Wptr_full/W_ptr_reg[3]/Q (SDFFRQX2M)        0.35       0.35 r
  U_ASYC_FIFO/Wptr_full/W_ptr[3] (Wptr_full_ADDR_WIDTH3_test_1)
                                                          0.00       0.35 r
  U_ASYC_FIFO/test_so2 (ASYC_FIFO_test_1)                 0.00       0.35 r
  U_DATA_SYNC/test_si (DATA_SYNC_test_1)                  0.00       0.35 r
  U_DATA_SYNC/Sync_en_reg[0]/SI (SDFFRQX2M)               0.00       0.35 r
  data arrival time                                                  0.35

  clock scan_clk (rise edge)                              0.00       0.00
  clock network delay (ideal)                             0.00       0.00
  clock uncertainty                                       0.01       0.01
  U_DATA_SYNC/Sync_en_reg[0]/CK (SDFFRQX2M)               0.00       0.01 r
  library hold time                                      -0.18      -0.17
  data required time                                                -0.17
  --------------------------------------------------------------------------
  data required time                                                -0.17
  data arrival time                                                 -0.35
  --------------------------------------------------------------------------
  slack (MET)                                                        0.52


  Startpoint: U_Pulse_Gen/Pulse_reg_reg[0]
              (rising edge-triggered flip-flop clocked by scan_clk)
  Endpoint: U_Pulse_Gen/Pulse_reg_reg[1]
            (rising edge-triggered flip-flop clocked by scan_clk)
  Path Group: scan_clk
  Path Type: min

  Point                                                   Incr       Path
  --------------------------------------------------------------------------
  clock scan_clk (rise edge)                              0.00       0.00
  clock network delay (ideal)                             0.00       0.00
  U_Pulse_Gen/Pulse_reg_reg[0]/CK (SDFFRQX2M)             0.00       0.00 r
  U_Pulse_Gen/Pulse_reg_reg[0]/Q (SDFFRQX2M)              0.37       0.37 r
  U_Pulse_Gen/Pulse_reg_reg[1]/D (SDFFRQX2M)              0.00       0.37 r
  data arrival time                                                  0.37

  clock scan_clk (rise edge)                              0.00       0.00
  clock network delay (ideal)                             0.00       0.00
  clock uncertainty                                       0.01       0.01
  U_Pulse_Gen/Pulse_reg_reg[1]/CK (SDFFRQX2M)             0.00       0.01 r
  library hold time                                      -0.16      -0.15
  data required time                                                -0.15
  --------------------------------------------------------------------------
  data required time                                                -0.15
  data arrival time                                                 -0.37
  --------------------------------------------------------------------------
  slack (MET)                                                        0.52


  Startpoint: U_ASYC_FIFO/SYNC_w2r/SYNC_reg[3][0]
              (rising edge-triggered flip-flop clocked by scan_clk)
  Endpoint: U_ASYC_FIFO/SYNC_w2r/SYNC_reg[3][1]
            (rising edge-triggered flip-flop clocked by scan_clk)
  Path Group: scan_clk
  Path Type: min

  Point                                                   Incr       Path
  --------------------------------------------------------------------------
  clock scan_clk (rise edge)                              0.00       0.00
  clock network delay (ideal)                             0.00       0.00
  U_ASYC_FIFO/SYNC_w2r/SYNC_reg[3][0]/CK (SDFFRQX2M)      0.00       0.00 r
  U_ASYC_FIFO/SYNC_w2r/SYNC_reg[3][0]/Q (SDFFRQX2M)       0.35       0.35 r
  U_ASYC_FIFO/SYNC_w2r/SYNC_reg[3][1]/D (SDFFRQX1M)       0.00       0.35 r
  data arrival time                                                  0.35

  clock scan_clk (rise edge)                              0.00       0.00
  clock network delay (ideal)                             0.00       0.00
  clock uncertainty                                       0.01       0.01
  U_ASYC_FIFO/SYNC_w2r/SYNC_reg[3][1]/CK (SDFFRQX1M)      0.00       0.01 r
  library hold time                                      -0.18      -0.17
  data required time                                                -0.17
  --------------------------------------------------------------------------
  data required time                                                -0.17
  data arrival time                                                 -0.35
  --------------------------------------------------------------------------
  slack (MET)                                                        0.52


  Startpoint: U_DATA_SYNC/Sync_en_reg[0]
              (rising edge-triggered flip-flop clocked by scan_clk)
  Endpoint: U_DATA_SYNC/Sync_en_reg[1]
            (rising edge-triggered flip-flop clocked by scan_clk)
  Path Group: scan_clk
  Path Type: min

  Point                                                   Incr       Path
  --------------------------------------------------------------------------
  clock scan_clk (rise edge)                              0.00       0.00
  clock network delay (ideal)                             0.00       0.00
  U_DATA_SYNC/Sync_en_reg[0]/CK (SDFFRQX2M)               0.00       0.00 r
  U_DATA_SYNC/Sync_en_reg[0]/Q (SDFFRQX2M)                0.35       0.35 r
  U_DATA_SYNC/Sync_en_reg[1]/D (SDFFRQX1M)                0.00       0.35 r
  data arrival time                                                  0.35

  clock scan_clk (rise edge)                              0.00       0.00
  clock network delay (ideal)                             0.00       0.00
  clock uncertainty                                       0.01       0.01
  U_DATA_SYNC/Sync_en_reg[1]/CK (SDFFRQX1M)               0.00       0.01 r
  library hold time                                      -0.18      -0.17
  data required time                                                -0.17
  --------------------------------------------------------------------------
  data required time                                                -0.17
  data arrival time                                                 -0.35
  --------------------------------------------------------------------------
  slack (MET)                                                        0.52


  Startpoint: U_DATA_SYNC/pulse_reg_reg
              (rising edge-triggered flip-flop clocked by scan_clk)
  Endpoint: U_DATA_SYNC/sync_bus_reg[0]
            (rising edge-triggered flip-flop clocked by scan_clk)
  Path Group: scan_clk
  Path Type: min

  Point                                                   Incr       Path
  --------------------------------------------------------------------------
  clock scan_clk (rise edge)                              0.00       0.00
  clock network delay (ideal)                             0.00       0.00
  U_DATA_SYNC/pulse_reg_reg/CK (SDFFRQX2M)                0.00       0.00 r
  U_DATA_SYNC/pulse_reg_reg/Q (SDFFRQX2M)                 0.36       0.36 r
  U_DATA_SYNC/sync_bus_reg[0]/SI (SDFFRQX2M)              0.00       0.36 r
  data arrival time                                                  0.36

  clock scan_clk (rise edge)                              0.00       0.00
  clock network delay (ideal)                             0.00       0.00
  clock uncertainty                                       0.01       0.01
  U_DATA_SYNC/sync_bus_reg[0]/CK (SDFFRQX2M)              0.00       0.01 r
  library hold time                                      -0.18      -0.17
  data required time                                                -0.17
  --------------------------------------------------------------------------
  data required time                                                -0.17
  data arrival time                                                 -0.36
  --------------------------------------------------------------------------
  slack (MET)                                                        0.53


  Startpoint: U_Pulse_Gen/Pulse_reg_reg[0]
              (rising edge-triggered flip-flop clocked by scan_clk)
  Endpoint: U_Pulse_Gen/Pulse_reg_reg[1]
            (rising edge-triggered flip-flop clocked by scan_clk)
  Path Group: scan_clk
  Path Type: min

  Point                                                   Incr       Path
  --------------------------------------------------------------------------
  clock scan_clk (rise edge)                              0.00       0.00
  clock network delay (ideal)                             0.00       0.00
  U_Pulse_Gen/Pulse_reg_reg[0]/CK (SDFFRQX2M)             0.00       0.00 r
  U_Pulse_Gen/Pulse_reg_reg[0]/Q (SDFFRQX2M)              0.37       0.37 r
  U_Pulse_Gen/Pulse_reg_reg[1]/SI (SDFFRQX2M)             0.00       0.37 r
  data arrival time                                                  0.37

  clock scan_clk (rise edge)                              0.00       0.00
  clock network delay (ideal)                             0.00       0.00
  clock uncertainty                                       0.01       0.01
  U_Pulse_Gen/Pulse_reg_reg[1]/CK (SDFFRQX2M)             0.00       0.01 r
  library hold time                                      -0.18      -0.17
  data required time                                                -0.17
  --------------------------------------------------------------------------
  data required time                                                -0.17
  data arrival time                                                 -0.37
  --------------------------------------------------------------------------
  slack (MET)                                                        0.53


  Startpoint: U_ASYC_FIFO/SYNC_w2r/SYNC_reg[3][0]
              (rising edge-triggered flip-flop clocked by scan_clk)
  Endpoint: U_ASYC_FIFO/SYNC_w2r/SYNC_reg[3][1]
            (rising edge-triggered flip-flop clocked by scan_clk)
  Path Group: scan_clk
  Path Type: min

  Point                                                   Incr       Path
  --------------------------------------------------------------------------
  clock scan_clk (rise edge)                              0.00       0.00
  clock network delay (ideal)                             0.00       0.00
  U_ASYC_FIFO/SYNC_w2r/SYNC_reg[3][0]/CK (SDFFRQX2M)      0.00       0.00 r
  U_ASYC_FIFO/SYNC_w2r/SYNC_reg[3][0]/Q (SDFFRQX2M)       0.35       0.35 r
  U_ASYC_FIFO/SYNC_w2r/SYNC_reg[3][1]/SI (SDFFRQX1M)      0.00       0.35 r
  data arrival time                                                  0.35

  clock scan_clk (rise edge)                              0.00       0.00
  clock network delay (ideal)                             0.00       0.00
  clock uncertainty                                       0.01       0.01
  U_ASYC_FIFO/SYNC_w2r/SYNC_reg[3][1]/CK (SDFFRQX1M)      0.00       0.01 r
  library hold time                                      -0.19      -0.18
  data required time                                                -0.18
  --------------------------------------------------------------------------
  data required time                                                -0.18
  data arrival time                                                 -0.35
  --------------------------------------------------------------------------
  slack (MET)                                                        0.54


  Startpoint: U_DATA_SYNC/Sync_en_reg[0]
              (rising edge-triggered flip-flop clocked by scan_clk)
  Endpoint: U_DATA_SYNC/Sync_en_reg[1]
            (rising edge-triggered flip-flop clocked by scan_clk)
  Path Group: scan_clk
  Path Type: min

  Point                                                   Incr       Path
  --------------------------------------------------------------------------
  clock scan_clk (rise edge)                              0.00       0.00
  clock network delay (ideal)                             0.00       0.00
  U_DATA_SYNC/Sync_en_reg[0]/CK (SDFFRQX2M)               0.00       0.00 r
  U_DATA_SYNC/Sync_en_reg[0]/Q (SDFFRQX2M)                0.35       0.35 r
  U_DATA_SYNC/Sync_en_reg[1]/SI (SDFFRQX1M)               0.00       0.35 r
  data arrival time                                                  0.35

  clock scan_clk (rise edge)                              0.00       0.00
  clock network delay (ideal)                             0.00       0.00
  clock uncertainty                                       0.01       0.01
  U_DATA_SYNC/Sync_en_reg[1]/CK (SDFFRQX1M)               0.00       0.01 r
  library hold time                                      -0.19      -0.18
  data required time                                                -0.18
  --------------------------------------------------------------------------
  data required time                                                -0.18
  data arrival time                                                 -0.35
  --------------------------------------------------------------------------
  slack (MET)                                                        0.54


  Startpoint: RST_SYNC_1/Sync_reg[1]
              (rising edge-triggered flip-flop clocked by scan_clk)
  Endpoint: RST_SYNC_2/Sync_reg[0]
            (rising edge-triggered flip-flop clocked by scan_clk)
  Path Group: scan_clk
  Path Type: min

  Point                                                   Incr       Path
  --------------------------------------------------------------------------
  clock scan_clk (rise edge)                              0.00       0.00
  clock network delay (ideal)                             0.00       0.00
  RST_SYNC_1/Sync_reg[1]/CK (SDFFRQX2M)                   0.00       0.00 r
  RST_SYNC_1/Sync_reg[1]/Q (SDFFRQX2M)                    0.37       0.37 r
  RST_SYNC_1/SYNC_RST (RST_SYNC_test_1)                   0.00       0.37 r
  RST_SYNC_2/test_si (RST_SYNC_test_0)                    0.00       0.37 r
  RST_SYNC_2/Sync_reg[0]/SI (SDFFRQX2M)                   0.00       0.37 r
  data arrival time                                                  0.37

  clock scan_clk (rise edge)                              0.00       0.00
  clock network delay (ideal)                             0.00       0.00
  clock uncertainty                                       0.01       0.01
  RST_SYNC_2/Sync_reg[0]/CK (SDFFRQX2M)                   0.00       0.01 r
  library hold time                                      -0.18      -0.17
  data required time                                                -0.17
  --------------------------------------------------------------------------
  data required time                                                -0.17
  data arrival time                                                 -0.37
  --------------------------------------------------------------------------
  slack (MET)                                                        0.54


  Startpoint: RST_SYNC_2/Sync_reg[1]
              (rising edge-triggered flip-flop clocked by scan_clk)
  Endpoint: RX_ClkDiv/Counter_reg[0]
            (rising edge-triggered flip-flop clocked by scan_clk)
  Path Group: scan_clk
  Path Type: min

  Point                                                   Incr       Path
  --------------------------------------------------------------------------
  clock scan_clk (rise edge)                              0.00       0.00
  clock network delay (ideal)                             0.00       0.00
  RST_SYNC_2/Sync_reg[1]/CK (SDFFRQX2M)                   0.00       0.00 r
  RST_SYNC_2/Sync_reg[1]/Q (SDFFRQX2M)                    0.37       0.37 r
  RST_SYNC_2/SYNC_RST (RST_SYNC_test_0)                   0.00       0.37 r
  RX_ClkDiv/test_si (ClkDiv_test_0)                       0.00       0.37 r
  RX_ClkDiv/Counter_reg[0]/SI (SDFFRQX2M)                 0.00       0.37 r
  data arrival time                                                  0.37

  clock scan_clk (rise edge)                              0.00       0.00
  clock network delay (ideal)                             0.00       0.00
  clock uncertainty                                       0.01       0.01
  RX_ClkDiv/Counter_reg[0]/CK (SDFFRQX2M)                 0.00       0.01 r
  library hold time                                      -0.18      -0.17
  data required time                                                -0.17
  --------------------------------------------------------------------------
  data required time                                                -0.17
  data arrival time                                                 -0.37
  --------------------------------------------------------------------------
  slack (MET)                                                        0.54


  Startpoint: U_Reg_File/RdData_Valid_reg
              (rising edge-triggered flip-flop clocked by scan_clk)
  Endpoint: U_Reg_File/RdData_reg[0]
            (rising edge-triggered flip-flop clocked by scan_clk)
  Path Group: scan_clk
  Path Type: min

  Point                                                   Incr       Path
  --------------------------------------------------------------------------
  clock scan_clk (rise edge)                              0.00       0.00
  clock network delay (ideal)                             0.00       0.00
  U_Reg_File/RdData_Valid_reg/CK (SDFFRQX2M)              0.00       0.00 r
  U_Reg_File/RdData_Valid_reg/Q (SDFFRQX2M)               0.37       0.37 r
  U_Reg_File/RdData_reg[0]/SI (SDFFRQX2M)                 0.00       0.37 r
  data arrival time                                                  0.37

  clock scan_clk (rise edge)                              0.00       0.00
  clock network delay (ideal)                             0.00       0.00
  clock uncertainty                                       0.01       0.01
  U_Reg_File/RdData_reg[0]/CK (SDFFRQX2M)                 0.00       0.01 r
  library hold time                                      -0.18      -0.17
  data required time                                                -0.17
  --------------------------------------------------------------------------
  data required time                                                -0.17
  data arrival time                                                 -0.37
  --------------------------------------------------------------------------
  slack (MET)                                                        0.54


  Startpoint: U_Pulse_Gen/Pulse_reg_reg[1]
              (rising edge-triggered flip-flop clocked by scan_clk)
  Endpoint: U_Reg_File/RdData_Valid_reg
            (rising edge-triggered flip-flop clocked by scan_clk)
  Path Group: scan_clk
  Path Type: min

  Point                                                   Incr       Path
  --------------------------------------------------------------------------
  clock scan_clk (rise edge)                              0.00       0.00
  clock network delay (ideal)                             0.00       0.00
  U_Pulse_Gen/Pulse_reg_reg[1]/CK (SDFFRQX2M)             0.00       0.00 r
  U_Pulse_Gen/Pulse_reg_reg[1]/Q (SDFFRQX2M)              0.37       0.37 r
  U_Pulse_Gen/test_so (Pulse_Gen_test_1)                  0.00       0.37 r
  U_Reg_File/test_si1 (Reg_File_test_1)                   0.00       0.37 r
  U_Reg_File/RdData_Valid_reg/SI (SDFFRQX2M)              0.00       0.37 r
  data arrival time                                                  0.37

  clock scan_clk (rise edge)                              0.00       0.00
  clock network delay (ideal)                             0.00       0.00
  clock uncertainty                                       0.01       0.01
  U_Reg_File/RdData_Valid_reg/CK (SDFFRQX2M)              0.00       0.01 r
  library hold time                                      -0.18      -0.17
  data required time                                                -0.17
  --------------------------------------------------------------------------
  data required time                                                -0.17
  data arrival time                                                 -0.37
  --------------------------------------------------------------------------
  slack (MET)                                                        0.54


  Startpoint: U_ASYC_FIFO/SYNC_r2w/SYNC_reg[2][1]
              (rising edge-triggered flip-flop clocked by scan_clk)
  Endpoint: U_ASYC_FIFO/SYNC_r2w/SYNC_reg[3][0]
            (rising edge-triggered flip-flop clocked by scan_clk)
  Path Group: scan_clk
  Path Type: min

  Point                                                   Incr       Path
  --------------------------------------------------------------------------
  clock scan_clk (rise edge)                              0.00       0.00
  clock network delay (ideal)                             0.00       0.00
  U_ASYC_FIFO/SYNC_r2w/SYNC_reg[2][1]/CK (SDFFRQX2M)      0.00       0.00 r
  U_ASYC_FIFO/SYNC_r2w/SYNC_reg[2][1]/Q (SDFFRQX2M)       0.37       0.37 r
  U_ASYC_FIFO/SYNC_r2w/SYNC_reg[3][0]/SI (SDFFRQX2M)      0.00       0.37 r
  data arrival time                                                  0.37

  clock scan_clk (rise edge)                              0.00       0.00
  clock network delay (ideal)                             0.00       0.00
  clock uncertainty                                       0.01       0.01
  U_ASYC_FIFO/SYNC_r2w/SYNC_reg[3][0]/CK (SDFFRQX2M)      0.00       0.01 r
  library hold time                                      -0.18      -0.17
  data required time                                                -0.17
  --------------------------------------------------------------------------
  data required time                                                -0.17
  data arrival time                                                 -0.37
  --------------------------------------------------------------------------
  slack (MET)                                                        0.54


  Startpoint: U_ASYC_FIFO/SYNC_r2w/SYNC_reg[3][1]
              (rising edge-triggered flip-flop clocked by scan_clk)
  Endpoint: U_ASYC_FIFO/SYNC_w2r/SYNC_reg[0][0]
            (rising edge-triggered flip-flop clocked by scan_clk)
  Path Group: scan_clk
  Path Type: min

  Point                                                   Incr       Path
  --------------------------------------------------------------------------
  clock scan_clk (rise edge)                              0.00       0.00
  clock network delay (ideal)                             0.00       0.00
  U_ASYC_FIFO/SYNC_r2w/SYNC_reg[3][1]/CK (SDFFRQX2M)      0.00       0.00 r
  U_ASYC_FIFO/SYNC_r2w/SYNC_reg[3][1]/Q (SDFFRQX2M)       0.37       0.37 r
  U_ASYC_FIFO/SYNC_r2w/SYNC_addr[3] (SYNC_ADDR_WIDTH3_test_0)
                                                          0.00       0.37 r
  U_ASYC_FIFO/SYNC_w2r/test_si (SYNC_ADDR_WIDTH3_test_1)
                                                          0.00       0.37 r
  U_ASYC_FIFO/SYNC_w2r/SYNC_reg[0][0]/SI (SDFFRQX2M)      0.00       0.37 r
  data arrival time                                                  0.37

  clock scan_clk (rise edge)                              0.00       0.00
  clock network delay (ideal)                             0.00       0.00
  clock uncertainty                                       0.01       0.01
  U_ASYC_FIFO/SYNC_w2r/SYNC_reg[0][0]/CK (SDFFRQX2M)      0.00       0.01 r
  library hold time                                      -0.18      -0.17
  data required time                                                -0.17
  --------------------------------------------------------------------------
  data required time                                                -0.17
  data arrival time                                                 -0.37
  --------------------------------------------------------------------------
  slack (MET)                                                        0.54


  Startpoint: U_ASYC_FIFO/Wptr_full/W_bin_reg[3]
              (rising edge-triggered flip-flop clocked by scan_clk)
  Endpoint: U_ASYC_FIFO/Wptr_full/W_full_reg
            (rising edge-triggered flip-flop clocked by scan_clk)
  Path Group: scan_clk
  Path Type: min

  Point                                                   Incr       Path
  --------------------------------------------------------------------------
  clock scan_clk (rise edge)                              0.00       0.00
  clock network delay (ideal)                             0.00       0.00
  U_ASYC_FIFO/Wptr_full/W_bin_reg[3]/CK (SDFFRQX2M)       0.00       0.00 r
  U_ASYC_FIFO/Wptr_full/W_bin_reg[3]/Q (SDFFRQX2M)        0.37       0.37 r
  U_ASYC_FIFO/Wptr_full/W_full_reg/SI (SDFFRQX2M)         0.00       0.37 r
  data arrival time                                                  0.37

  clock scan_clk (rise edge)                              0.00       0.00
  clock network delay (ideal)                             0.00       0.00
  clock uncertainty                                       0.01       0.01
  U_ASYC_FIFO/Wptr_full/W_full_reg/CK (SDFFRQX2M)         0.00       0.01 r
  library hold time                                      -0.18      -0.17
  data required time                                                -0.17
  --------------------------------------------------------------------------
  data required time                                                -0.17
  data arrival time                                                 -0.37
  --------------------------------------------------------------------------
  slack (MET)                                                        0.54


  Startpoint: U_SYS_CTRL/Data_reg[0]
              (rising edge-triggered flip-flop clocked by scan_clk)
  Endpoint: U_SYS_CTRL/Data_reg[1]
            (rising edge-triggered flip-flop clocked by scan_clk)
  Path Group: scan_clk
  Path Type: min

  Point                                                   Incr       Path
  --------------------------------------------------------------------------
  clock scan_clk (rise edge)                              0.00       0.00
  clock network delay (ideal)                             0.00       0.00
  U_SYS_CTRL/Data_reg[0]/CK (SDFFRQX2M)                   0.00       0.00 r
  U_SYS_CTRL/Data_reg[0]/Q (SDFFRQX2M)                    0.37       0.37 r
  U_SYS_CTRL/Data_reg[1]/SI (SDFFRQX2M)                   0.00       0.37 r
  data arrival time                                                  0.37

  clock scan_clk (rise edge)                              0.00       0.00
  clock network delay (ideal)                             0.00       0.00
  clock uncertainty                                       0.01       0.01
  U_SYS_CTRL/Data_reg[1]/CK (SDFFRQX2M)                   0.00       0.01 r
  library hold time                                      -0.18      -0.17
  data required time                                                -0.17
  --------------------------------------------------------------------------
  data required time                                                -0.17
  data arrival time                                                 -0.37
  --------------------------------------------------------------------------
  slack (MET)                                                        0.54


  Startpoint: U_SYS_CTRL/Data_reg[1]
              (rising edge-triggered flip-flop clocked by scan_clk)
  Endpoint: U_SYS_CTRL/Data_reg[2]
            (rising edge-triggered flip-flop clocked by scan_clk)
  Path Group: scan_clk
  Path Type: min

  Point                                                   Incr       Path
  --------------------------------------------------------------------------
  clock scan_clk (rise edge)                              0.00       0.00
  clock network delay (ideal)                             0.00       0.00
  U_SYS_CTRL/Data_reg[1]/CK (SDFFRQX2M)                   0.00       0.00 r
  U_SYS_CTRL/Data_reg[1]/Q (SDFFRQX2M)                    0.37       0.37 r
  U_SYS_CTRL/Data_reg[2]/SI (SDFFRQX2M)                   0.00       0.37 r
  data arrival time                                                  0.37

  clock scan_clk (rise edge)                              0.00       0.00
  clock network delay (ideal)                             0.00       0.00
  clock uncertainty                                       0.01       0.01
  U_SYS_CTRL/Data_reg[2]/CK (SDFFRQX2M)                   0.00       0.01 r
  library hold time                                      -0.18      -0.17
  data required time                                                -0.17
  --------------------------------------------------------------------------
  data required time                                                -0.17
  data arrival time                                                 -0.37
  --------------------------------------------------------------------------
  slack (MET)                                                        0.54


  Startpoint: U_SYS_CTRL/Data_reg[2]
              (rising edge-triggered flip-flop clocked by scan_clk)
  Endpoint: U_SYS_CTRL/Data_reg[3]
            (rising edge-triggered flip-flop clocked by scan_clk)
  Path Group: scan_clk
  Path Type: min

  Point                                                   Incr       Path
  --------------------------------------------------------------------------
  clock scan_clk (rise edge)                              0.00       0.00
  clock network delay (ideal)                             0.00       0.00
  U_SYS_CTRL/Data_reg[2]/CK (SDFFRQX2M)                   0.00       0.00 r
  U_SYS_CTRL/Data_reg[2]/Q (SDFFRQX2M)                    0.37       0.37 r
  U_SYS_CTRL/Data_reg[3]/SI (SDFFRQX2M)                   0.00       0.37 r
  data arrival time                                                  0.37

  clock scan_clk (rise edge)                              0.00       0.00
  clock network delay (ideal)                             0.00       0.00
  clock uncertainty                                       0.01       0.01
  U_SYS_CTRL/Data_reg[3]/CK (SDFFRQX2M)                   0.00       0.01 r
  library hold time                                      -0.18      -0.17
  data required time                                                -0.17
  --------------------------------------------------------------------------
  data required time                                                -0.17
  data arrival time                                                 -0.37
  --------------------------------------------------------------------------
  slack (MET)                                                        0.54


  Startpoint: U_SYS_CTRL/Data_reg[3]
              (rising edge-triggered flip-flop clocked by scan_clk)
  Endpoint: U_SYS_CTRL/Data_reg[4]
            (rising edge-triggered flip-flop clocked by scan_clk)
  Path Group: scan_clk
  Path Type: min

  Point                                                   Incr       Path
  --------------------------------------------------------------------------
  clock scan_clk (rise edge)                              0.00       0.00
  clock network delay (ideal)                             0.00       0.00
  U_SYS_CTRL/Data_reg[3]/CK (SDFFRQX2M)                   0.00       0.00 r
  U_SYS_CTRL/Data_reg[3]/Q (SDFFRQX2M)                    0.37       0.37 r
  U_SYS_CTRL/Data_reg[4]/SI (SDFFRQX2M)                   0.00       0.37 r
  data arrival time                                                  0.37

  clock scan_clk (rise edge)                              0.00       0.00
  clock network delay (ideal)                             0.00       0.00
  clock uncertainty                                       0.01       0.01
  U_SYS_CTRL/Data_reg[4]/CK (SDFFRQX2M)                   0.00       0.01 r
  library hold time                                      -0.18      -0.17
  data required time                                                -0.17
  --------------------------------------------------------------------------
  data required time                                                -0.17
  data arrival time                                                 -0.37
  --------------------------------------------------------------------------
  slack (MET)                                                        0.54


  Startpoint: U_SYS_CTRL/Data_reg[4]
              (rising edge-triggered flip-flop clocked by scan_clk)
  Endpoint: U_SYS_CTRL/Data_reg[5]
            (rising edge-triggered flip-flop clocked by scan_clk)
  Path Group: scan_clk
  Path Type: min

  Point                                                   Incr       Path
  --------------------------------------------------------------------------
  clock scan_clk (rise edge)                              0.00       0.00
  clock network delay (ideal)                             0.00       0.00
  U_SYS_CTRL/Data_reg[4]/CK (SDFFRQX2M)                   0.00       0.00 r
  U_SYS_CTRL/Data_reg[4]/Q (SDFFRQX2M)                    0.37       0.37 r
  U_SYS_CTRL/Data_reg[5]/SI (SDFFRQX2M)                   0.00       0.37 r
  data arrival time                                                  0.37

  clock scan_clk (rise edge)                              0.00       0.00
  clock network delay (ideal)                             0.00       0.00
  clock uncertainty                                       0.01       0.01
  U_SYS_CTRL/Data_reg[5]/CK (SDFFRQX2M)                   0.00       0.01 r
  library hold time                                      -0.18      -0.17
  data required time                                                -0.17
  --------------------------------------------------------------------------
  data required time                                                -0.17
  data arrival time                                                 -0.37
  --------------------------------------------------------------------------
  slack (MET)                                                        0.54


  Startpoint: U_SYS_CTRL/Data_reg[5]
              (rising edge-triggered flip-flop clocked by scan_clk)
  Endpoint: U_SYS_CTRL/Data_reg[6]
            (rising edge-triggered flip-flop clocked by scan_clk)
  Path Group: scan_clk
  Path Type: min

  Point                                                   Incr       Path
  --------------------------------------------------------------------------
  clock scan_clk (rise edge)                              0.00       0.00
  clock network delay (ideal)                             0.00       0.00
  U_SYS_CTRL/Data_reg[5]/CK (SDFFRQX2M)                   0.00       0.00 r
  U_SYS_CTRL/Data_reg[5]/Q (SDFFRQX2M)                    0.37       0.37 r
  U_SYS_CTRL/Data_reg[6]/SI (SDFFRQX2M)                   0.00       0.37 r
  data arrival time                                                  0.37

  clock scan_clk (rise edge)                              0.00       0.00
  clock network delay (ideal)                             0.00       0.00
  clock uncertainty                                       0.01       0.01
  U_SYS_CTRL/Data_reg[6]/CK (SDFFRQX2M)                   0.00       0.01 r
  library hold time                                      -0.18      -0.17
  data required time                                                -0.17
  --------------------------------------------------------------------------
  data required time                                                -0.17
  data arrival time                                                 -0.37
  --------------------------------------------------------------------------
  slack (MET)                                                        0.54


  Startpoint: U_SYS_CTRL/Data_reg[6]
              (rising edge-triggered flip-flop clocked by scan_clk)
  Endpoint: U_SYS_CTRL/Data_reg[7]
            (rising edge-triggered flip-flop clocked by scan_clk)
  Path Group: scan_clk
  Path Type: min

  Point                                                   Incr       Path
  --------------------------------------------------------------------------
  clock scan_clk (rise edge)                              0.00       0.00
  clock network delay (ideal)                             0.00       0.00
  U_SYS_CTRL/Data_reg[6]/CK (SDFFRQX2M)                   0.00       0.00 r
  U_SYS_CTRL/Data_reg[6]/Q (SDFFRQX2M)                    0.37       0.37 r
  U_SYS_CTRL/Data_reg[7]/SI (SDFFRQX2M)                   0.00       0.37 r
  data arrival time                                                  0.37

  clock scan_clk (rise edge)                              0.00       0.00
  clock network delay (ideal)                             0.00       0.00
  clock uncertainty                                       0.01       0.01
  U_SYS_CTRL/Data_reg[7]/CK (SDFFRQX2M)                   0.00       0.01 r
  library hold time                                      -0.18      -0.17
  data required time                                                -0.17
  --------------------------------------------------------------------------
  data required time                                                -0.17
  data arrival time                                                 -0.37
  --------------------------------------------------------------------------
  slack (MET)                                                        0.54


  Startpoint: U_SYS_CTRL/Data_reg[7]
              (rising edge-triggered flip-flop clocked by scan_clk)
  Endpoint: U_SYS_CTRL/Valid_reg
            (rising edge-triggered flip-flop clocked by scan_clk)
  Path Group: scan_clk
  Path Type: min

  Point                                                   Incr       Path
  --------------------------------------------------------------------------
  clock scan_clk (rise edge)                              0.00       0.00
  clock network delay (ideal)                             0.00       0.00
  U_SYS_CTRL/Data_reg[7]/CK (SDFFRQX2M)                   0.00       0.00 r
  U_SYS_CTRL/Data_reg[7]/Q (SDFFRQX2M)                    0.37       0.37 r
  U_SYS_CTRL/Valid_reg/SI (SDFFRQX2M)                     0.00       0.37 r
  data arrival time                                                  0.37

  clock scan_clk (rise edge)                              0.00       0.00
  clock network delay (ideal)                             0.00       0.00
  clock uncertainty                                       0.01       0.01
  U_SYS_CTRL/Valid_reg/CK (SDFFRQX2M)                     0.00       0.01 r
  library hold time                                      -0.18      -0.17
  data required time                                                -0.17
  --------------------------------------------------------------------------
  data required time                                                -0.17
  data arrival time                                                 -0.37
  --------------------------------------------------------------------------
  slack (MET)                                                        0.54


  Startpoint: U_UART_TX/serializer/serializer_reg[7]
              (rising edge-triggered flip-flop clocked by scan_clk)
  Endpoint: U_UART_RX/U0_stop_check/Stp_err_reg
            (rising edge-triggered flip-flop clocked by scan_clk)
  Path Group: scan_clk
  Path Type: min

  Point                                                   Incr       Path
  --------------------------------------------------------------------------
  clock scan_clk (rise edge)                              0.00       0.00
  clock network delay (ideal)                             0.00       0.00
  U_UART_TX/serializer/serializer_reg[7]/CK (SDFFRQX2M)
                                                          0.00       0.00 r
  U_UART_TX/serializer/serializer_reg[7]/Q (SDFFRQX2M)
                                                          0.37       0.37 r
  U_UART_TX/serializer/test_so (Serializer_test_1)        0.00       0.37 r
  U_UART_TX/test_so (UART_TX_test_1)                      0.00       0.37 r
  U_UART_RX/test_si2 (UART_RX_test_1)                     0.00       0.37 r
  U_UART_RX/U0_stop_check/test_si (Stop_Check_test_1)     0.00       0.37 r
  U_UART_RX/U0_stop_check/Stp_err_reg/SI (SDFFRQX2M)      0.00       0.37 r
  data arrival time                                                  0.37

  clock scan_clk (rise edge)                              0.00       0.00
  clock network delay (ideal)                             0.00       0.00
  clock uncertainty                                       0.01       0.01
  U_UART_RX/U0_stop_check/Stp_err_reg/CK (SDFFRQX2M)      0.00       0.01 r
  library hold time                                      -0.18      -0.17
  data required time                                                -0.17
  --------------------------------------------------------------------------
  data required time                                                -0.17
  data arrival time                                                 -0.37
  --------------------------------------------------------------------------
  slack (MET)                                                        0.54


  Startpoint: U_Reg_File/RdData_reg[6]
              (rising edge-triggered flip-flop clocked by scan_clk)
  Endpoint: U_Reg_File/RdData_reg[7]
            (rising edge-triggered flip-flop clocked by scan_clk)
  Path Group: scan_clk
  Path Type: min

  Point                                                   Incr       Path
  --------------------------------------------------------------------------
  clock scan_clk (rise edge)                              0.00       0.00
  clock network delay (ideal)                             0.00       0.00
  U_Reg_File/RdData_reg[6]/CK (SDFFRQX2M)                 0.00       0.00 r
  U_Reg_File/RdData_reg[6]/Q (SDFFRQX2M)                  0.37       0.37 r
  U_Reg_File/RdData_reg[7]/SI (SDFFRQX2M)                 0.00       0.37 r
  data arrival time                                                  0.37

  clock scan_clk (rise edge)                              0.00       0.00
  clock network delay (ideal)                             0.00       0.00
  clock uncertainty                                       0.01       0.01
  U_Reg_File/RdData_reg[7]/CK (SDFFRQX2M)                 0.00       0.01 r
  library hold time                                      -0.18      -0.17
  data required time                                                -0.17
  --------------------------------------------------------------------------
  data required time                                                -0.17
  data arrival time                                                 -0.37
  --------------------------------------------------------------------------
  slack (MET)                                                        0.54


  Startpoint: U_Reg_File/RdData_reg[5]
              (rising edge-triggered flip-flop clocked by scan_clk)
  Endpoint: U_Reg_File/RdData_reg[6]
            (rising edge-triggered flip-flop clocked by scan_clk)
  Path Group: scan_clk
  Path Type: min

  Point                                                   Incr       Path
  --------------------------------------------------------------------------
  clock scan_clk (rise edge)                              0.00       0.00
  clock network delay (ideal)                             0.00       0.00
  U_Reg_File/RdData_reg[5]/CK (SDFFRQX2M)                 0.00       0.00 r
  U_Reg_File/RdData_reg[5]/Q (SDFFRQX2M)                  0.37       0.37 r
  U_Reg_File/RdData_reg[6]/SI (SDFFRQX2M)                 0.00       0.37 r
  data arrival time                                                  0.37

  clock scan_clk (rise edge)                              0.00       0.00
  clock network delay (ideal)                             0.00       0.00
  clock uncertainty                                       0.01       0.01
  U_Reg_File/RdData_reg[6]/CK (SDFFRQX2M)                 0.00       0.01 r
  library hold time                                      -0.18      -0.17
  data required time                                                -0.17
  --------------------------------------------------------------------------
  data required time                                                -0.17
  data arrival time                                                 -0.37
  --------------------------------------------------------------------------
  slack (MET)                                                        0.54


  Startpoint: U_Reg_File/RdData_reg[4]
              (rising edge-triggered flip-flop clocked by scan_clk)
  Endpoint: U_Reg_File/RdData_reg[5]
            (rising edge-triggered flip-flop clocked by scan_clk)
  Path Group: scan_clk
  Path Type: min

  Point                                                   Incr       Path
  --------------------------------------------------------------------------
  clock scan_clk (rise edge)                              0.00       0.00
  clock network delay (ideal)                             0.00       0.00
  U_Reg_File/RdData_reg[4]/CK (SDFFRQX2M)                 0.00       0.00 r
  U_Reg_File/RdData_reg[4]/Q (SDFFRQX2M)                  0.37       0.37 r
  U_Reg_File/RdData_reg[5]/SI (SDFFRQX2M)                 0.00       0.37 r
  data arrival time                                                  0.37

  clock scan_clk (rise edge)                              0.00       0.00
  clock network delay (ideal)                             0.00       0.00
  clock uncertainty                                       0.01       0.01
  U_Reg_File/RdData_reg[5]/CK (SDFFRQX2M)                 0.00       0.01 r
  library hold time                                      -0.18      -0.17
  data required time                                                -0.17
  --------------------------------------------------------------------------
  data required time                                                -0.17
  data arrival time                                                 -0.37
  --------------------------------------------------------------------------
  slack (MET)                                                        0.54


  Startpoint: U_Reg_File/RdData_reg[3]
              (rising edge-triggered flip-flop clocked by scan_clk)
  Endpoint: U_Reg_File/RdData_reg[4]
            (rising edge-triggered flip-flop clocked by scan_clk)
  Path Group: scan_clk
  Path Type: min

  Point                                                   Incr       Path
  --------------------------------------------------------------------------
  clock scan_clk (rise edge)                              0.00       0.00
  clock network delay (ideal)                             0.00       0.00
  U_Reg_File/RdData_reg[3]/CK (SDFFRQX2M)                 0.00       0.00 r
  U_Reg_File/RdData_reg[3]/Q (SDFFRQX2M)                  0.37       0.37 r
  U_Reg_File/RdData_reg[4]/SI (SDFFRQX2M)                 0.00       0.37 r
  data arrival time                                                  0.37

  clock scan_clk (rise edge)                              0.00       0.00
  clock network delay (ideal)                             0.00       0.00
  clock uncertainty                                       0.01       0.01
  U_Reg_File/RdData_reg[4]/CK (SDFFRQX2M)                 0.00       0.01 r
  library hold time                                      -0.18      -0.17
  data required time                                                -0.17
  --------------------------------------------------------------------------
  data required time                                                -0.17
  data arrival time                                                 -0.37
  --------------------------------------------------------------------------
  slack (MET)                                                        0.54


  Startpoint: U_Reg_File/RdData_reg[2]
              (rising edge-triggered flip-flop clocked by scan_clk)
  Endpoint: U_Reg_File/RdData_reg[3]
            (rising edge-triggered flip-flop clocked by scan_clk)
  Path Group: scan_clk
  Path Type: min

  Point                                                   Incr       Path
  --------------------------------------------------------------------------
  clock scan_clk (rise edge)                              0.00       0.00
  clock network delay (ideal)                             0.00       0.00
  U_Reg_File/RdData_reg[2]/CK (SDFFRQX2M)                 0.00       0.00 r
  U_Reg_File/RdData_reg[2]/Q (SDFFRQX2M)                  0.37       0.37 r
  U_Reg_File/RdData_reg[3]/SI (SDFFRQX2M)                 0.00       0.37 r
  data arrival time                                                  0.37

  clock scan_clk (rise edge)                              0.00       0.00
  clock network delay (ideal)                             0.00       0.00
  clock uncertainty                                       0.01       0.01
  U_Reg_File/RdData_reg[3]/CK (SDFFRQX2M)                 0.00       0.01 r
  library hold time                                      -0.18      -0.17
  data required time                                                -0.17
  --------------------------------------------------------------------------
  data required time                                                -0.17
  data arrival time                                                 -0.37
  --------------------------------------------------------------------------
  slack (MET)                                                        0.54


  Startpoint: U_Reg_File/RdData_reg[1]
              (rising edge-triggered flip-flop clocked by scan_clk)
  Endpoint: U_Reg_File/RdData_reg[2]
            (rising edge-triggered flip-flop clocked by scan_clk)
  Path Group: scan_clk
  Path Type: min

  Point                                                   Incr       Path
  --------------------------------------------------------------------------
  clock scan_clk (rise edge)                              0.00       0.00
  clock network delay (ideal)                             0.00       0.00
  U_Reg_File/RdData_reg[1]/CK (SDFFRQX2M)                 0.00       0.00 r
  U_Reg_File/RdData_reg[1]/Q (SDFFRQX2M)                  0.37       0.37 r
  U_Reg_File/RdData_reg[2]/SI (SDFFRQX2M)                 0.00       0.37 r
  data arrival time                                                  0.37

  clock scan_clk (rise edge)                              0.00       0.00
  clock network delay (ideal)                             0.00       0.00
  clock uncertainty                                       0.01       0.01
  U_Reg_File/RdData_reg[2]/CK (SDFFRQX2M)                 0.00       0.01 r
  library hold time                                      -0.18      -0.17
  data required time                                                -0.17
  --------------------------------------------------------------------------
  data required time                                                -0.17
  data arrival time                                                 -0.37
  --------------------------------------------------------------------------
  slack (MET)                                                        0.54


  Startpoint: U_Reg_File/RdData_reg[0]
              (rising edge-triggered flip-flop clocked by scan_clk)
  Endpoint: U_Reg_File/RdData_reg[1]
            (rising edge-triggered flip-flop clocked by scan_clk)
  Path Group: scan_clk
  Path Type: min

  Point                                                   Incr       Path
  --------------------------------------------------------------------------
  clock scan_clk (rise edge)                              0.00       0.00
  clock network delay (ideal)                             0.00       0.00
  U_Reg_File/RdData_reg[0]/CK (SDFFRQX2M)                 0.00       0.00 r
  U_Reg_File/RdData_reg[0]/Q (SDFFRQX2M)                  0.37       0.37 r
  U_Reg_File/RdData_reg[1]/SI (SDFFRQX2M)                 0.00       0.37 r
  data arrival time                                                  0.37

  clock scan_clk (rise edge)                              0.00       0.00
  clock network delay (ideal)                             0.00       0.00
  clock uncertainty                                       0.01       0.01
  U_Reg_File/RdData_reg[1]/CK (SDFFRQX2M)                 0.00       0.01 r
  library hold time                                      -0.18      -0.17
  data required time                                                -0.17
  --------------------------------------------------------------------------
  data required time                                                -0.17
  data arrival time                                                 -0.37
  --------------------------------------------------------------------------
  slack (MET)                                                        0.54


  Startpoint: U_Reg_File/RdData_reg[7]
              (rising edge-triggered flip-flop clocked by scan_clk)
  Endpoint: U_Reg_File/mem_reg[0][0]
            (rising edge-triggered flip-flop clocked by scan_clk)
  Path Group: scan_clk
  Path Type: min

  Point                                                   Incr       Path
  --------------------------------------------------------------------------
  clock scan_clk (rise edge)                              0.00       0.00
  clock network delay (ideal)                             0.00       0.00
  U_Reg_File/RdData_reg[7]/CK (SDFFRQX2M)                 0.00       0.00 r
  U_Reg_File/RdData_reg[7]/Q (SDFFRQX2M)                  0.37       0.37 r
  U_Reg_File/mem_reg[0][0]/SI (SDFFRQX2M)                 0.00       0.37 r
  data arrival time                                                  0.37

  clock scan_clk (rise edge)                              0.00       0.00
  clock network delay (ideal)                             0.00       0.00
  clock uncertainty                                       0.01       0.01
  U_Reg_File/mem_reg[0][0]/CK (SDFFRQX2M)                 0.00       0.01 r
  library hold time                                      -0.18      -0.17
  data required time                                                -0.17
  --------------------------------------------------------------------------
  data required time                                                -0.17
  data arrival time                                                 -0.37
  --------------------------------------------------------------------------
  slack (MET)                                                        0.54


  Startpoint: U_ASYC_FIFO/SYNC_r2w/SYNC_reg[1][1]
              (rising edge-triggered flip-flop clocked by scan_clk)
  Endpoint: U_ASYC_FIFO/SYNC_r2w/SYNC_reg[2][0]
            (rising edge-triggered flip-flop clocked by scan_clk)
  Path Group: scan_clk
  Path Type: min

  Point                                                   Incr       Path
  --------------------------------------------------------------------------
  clock scan_clk (rise edge)                              0.00       0.00
  clock network delay (ideal)                             0.00       0.00
  U_ASYC_FIFO/SYNC_r2w/SYNC_reg[1][1]/CK (SDFFRQX2M)      0.00       0.00 r
  U_ASYC_FIFO/SYNC_r2w/SYNC_reg[1][1]/Q (SDFFRQX2M)       0.37       0.37 r
  U_ASYC_FIFO/SYNC_r2w/SYNC_reg[2][0]/SI (SDFFRQX2M)      0.00       0.37 r
  data arrival time                                                  0.37

  clock scan_clk (rise edge)                              0.00       0.00
  clock network delay (ideal)                             0.00       0.00
  clock uncertainty                                       0.01       0.01
  U_ASYC_FIFO/SYNC_r2w/SYNC_reg[2][0]/CK (SDFFRQX2M)      0.00       0.01 r
  library hold time                                      -0.18      -0.17
  data required time                                                -0.17
  --------------------------------------------------------------------------
  data required time                                                -0.17
  data arrival time                                                 -0.37
  --------------------------------------------------------------------------
  slack (MET)                                                        0.54


  Startpoint: U_ASYC_FIFO/SYNC_r2w/SYNC_reg[0][1]
              (rising edge-triggered flip-flop clocked by scan_clk)
  Endpoint: U_ASYC_FIFO/SYNC_r2w/SYNC_reg[1][0]
            (rising edge-triggered flip-flop clocked by scan_clk)
  Path Group: scan_clk
  Path Type: min

  Point                                                   Incr       Path
  --------------------------------------------------------------------------
  clock scan_clk (rise edge)                              0.00       0.00
  clock network delay (ideal)                             0.00       0.00
  U_ASYC_FIFO/SYNC_r2w/SYNC_reg[0][1]/CK (SDFFRQX2M)      0.00       0.00 r
  U_ASYC_FIFO/SYNC_r2w/SYNC_reg[0][1]/Q (SDFFRQX2M)       0.37       0.37 r
  U_ASYC_FIFO/SYNC_r2w/SYNC_reg[1][0]/SI (SDFFRQX2M)      0.00       0.37 r
  data arrival time                                                  0.37

  clock scan_clk (rise edge)                              0.00       0.00
  clock network delay (ideal)                             0.00       0.00
  clock uncertainty                                       0.01       0.01
  U_ASYC_FIFO/SYNC_r2w/SYNC_reg[1][0]/CK (SDFFRQX2M)      0.00       0.01 r
  library hold time                                      -0.18      -0.17
  data required time                                                -0.17
  --------------------------------------------------------------------------
  data required time                                                -0.17
  data arrival time                                                 -0.37
  --------------------------------------------------------------------------
  slack (MET)                                                        0.54


  Startpoint: U_ASYC_FIFO/SYNC_w2r/SYNC_reg[2][1]
              (rising edge-triggered flip-flop clocked by scan_clk)
  Endpoint: U_ASYC_FIFO/SYNC_w2r/SYNC_reg[3][0]
            (rising edge-triggered flip-flop clocked by scan_clk)
  Path Group: scan_clk
  Path Type: min

  Point                                                   Incr       Path
  --------------------------------------------------------------------------
  clock scan_clk (rise edge)                              0.00       0.00
  clock network delay (ideal)                             0.00       0.00
  U_ASYC_FIFO/SYNC_w2r/SYNC_reg[2][1]/CK (SDFFRQX2M)      0.00       0.00 r
  U_ASYC_FIFO/SYNC_w2r/SYNC_reg[2][1]/Q (SDFFRQX2M)       0.37       0.37 r
  U_ASYC_FIFO/SYNC_w2r/SYNC_reg[3][0]/SI (SDFFRQX2M)      0.00       0.37 r
  data arrival time                                                  0.37

  clock scan_clk (rise edge)                              0.00       0.00
  clock network delay (ideal)                             0.00       0.00
  clock uncertainty                                       0.01       0.01
  U_ASYC_FIFO/SYNC_w2r/SYNC_reg[3][0]/CK (SDFFRQX2M)      0.00       0.01 r
  library hold time                                      -0.18      -0.17
  data required time                                                -0.17
  --------------------------------------------------------------------------
  data required time                                                -0.17
  data arrival time                                                 -0.37
  --------------------------------------------------------------------------
  slack (MET)                                                        0.54


  Startpoint: U_ASYC_FIFO/SYNC_w2r/SYNC_reg[1][1]
              (rising edge-triggered flip-flop clocked by scan_clk)
  Endpoint: U_ASYC_FIFO/SYNC_w2r/SYNC_reg[2][0]
            (rising edge-triggered flip-flop clocked by scan_clk)
  Path Group: scan_clk
  Path Type: min

  Point                                                   Incr       Path
  --------------------------------------------------------------------------
  clock scan_clk (rise edge)                              0.00       0.00
  clock network delay (ideal)                             0.00       0.00
  U_ASYC_FIFO/SYNC_w2r/SYNC_reg[1][1]/CK (SDFFRQX2M)      0.00       0.00 r
  U_ASYC_FIFO/SYNC_w2r/SYNC_reg[1][1]/Q (SDFFRQX2M)       0.37       0.37 r
  U_ASYC_FIFO/SYNC_w2r/SYNC_reg[2][0]/SI (SDFFRQX2M)      0.00       0.37 r
  data arrival time                                                  0.37

  clock scan_clk (rise edge)                              0.00       0.00
  clock network delay (ideal)                             0.00       0.00
  clock uncertainty                                       0.01       0.01
  U_ASYC_FIFO/SYNC_w2r/SYNC_reg[2][0]/CK (SDFFRQX2M)      0.00       0.01 r
  library hold time                                      -0.18      -0.17
  data required time                                                -0.17
  --------------------------------------------------------------------------
  data required time                                                -0.17
  data arrival time                                                 -0.37
  --------------------------------------------------------------------------
  slack (MET)                                                        0.54


  Startpoint: U_ASYC_FIFO/SYNC_w2r/SYNC_reg[0][1]
              (rising edge-triggered flip-flop clocked by scan_clk)
  Endpoint: U_ASYC_FIFO/SYNC_w2r/SYNC_reg[1][0]
            (rising edge-triggered flip-flop clocked by scan_clk)
  Path Group: scan_clk
  Path Type: min

  Point                                                   Incr       Path
  --------------------------------------------------------------------------
  clock scan_clk (rise edge)                              0.00       0.00
  clock network delay (ideal)                             0.00       0.00
  U_ASYC_FIFO/SYNC_w2r/SYNC_reg[0][1]/CK (SDFFRQX2M)      0.00       0.00 r
  U_ASYC_FIFO/SYNC_w2r/SYNC_reg[0][1]/Q (SDFFRQX2M)       0.37       0.37 r
  U_ASYC_FIFO/SYNC_w2r/SYNC_reg[1][0]/SI (SDFFRQX2M)      0.00       0.37 r
  data arrival time                                                  0.37

  clock scan_clk (rise edge)                              0.00       0.00
  clock network delay (ideal)                             0.00       0.00
  clock uncertainty                                       0.01       0.01
  U_ASYC_FIFO/SYNC_w2r/SYNC_reg[1][0]/CK (SDFFRQX2M)      0.00       0.01 r
  library hold time                                      -0.18      -0.17
  data required time                                                -0.17
  --------------------------------------------------------------------------
  data required time                                                -0.17
  data arrival time                                                 -0.37
  --------------------------------------------------------------------------
  slack (MET)                                                        0.54


  Startpoint: U_UART_TX/serializer/serializer_reg[6]
              (rising edge-triggered flip-flop clocked by scan_clk)
  Endpoint: U_UART_TX/serializer/serializer_reg[7]
            (rising edge-triggered flip-flop clocked by scan_clk)
  Path Group: scan_clk
  Path Type: min

  Point                                                   Incr       Path
  --------------------------------------------------------------------------
  clock scan_clk (rise edge)                              0.00       0.00
  clock network delay (ideal)                             0.00       0.00
  U_UART_TX/serializer/serializer_reg[6]/CK (SDFFRQX2M)
                                                          0.00       0.00 r
  U_UART_TX/serializer/serializer_reg[6]/Q (SDFFRQX2M)
                                                          0.37       0.37 r
  U_UART_TX/serializer/serializer_reg[7]/SI (SDFFRQX2M)
                                                          0.00       0.37 r
  data arrival time                                                  0.37

  clock scan_clk (rise edge)                              0.00       0.00
  clock network delay (ideal)                             0.00       0.00
  clock uncertainty                                       0.01       0.01
  U_UART_TX/serializer/serializer_reg[7]/CK (SDFFRQX2M)
                                                          0.00       0.01 r
  library hold time                                      -0.18      -0.17
  data required time                                                -0.17
  --------------------------------------------------------------------------
  data required time                                                -0.17
  data arrival time                                                 -0.37
  --------------------------------------------------------------------------
  slack (MET)                                                        0.54


  Startpoint: U_UART_TX/serializer/serializer_reg[5]
              (rising edge-triggered flip-flop clocked by scan_clk)
  Endpoint: U_UART_TX/serializer/serializer_reg[6]
            (rising edge-triggered flip-flop clocked by scan_clk)
  Path Group: scan_clk
  Path Type: min

  Point                                                   Incr       Path
  --------------------------------------------------------------------------
  clock scan_clk (rise edge)                              0.00       0.00
  clock network delay (ideal)                             0.00       0.00
  U_UART_TX/serializer/serializer_reg[5]/CK (SDFFRQX2M)
                                                          0.00       0.00 r
  U_UART_TX/serializer/serializer_reg[5]/Q (SDFFRQX2M)
                                                          0.37       0.37 r
  U_UART_TX/serializer/serializer_reg[6]/SI (SDFFRQX2M)
                                                          0.00       0.37 r
  data arrival time                                                  0.37

  clock scan_clk (rise edge)                              0.00       0.00
  clock network delay (ideal)                             0.00       0.00
  clock uncertainty                                       0.01       0.01
  U_UART_TX/serializer/serializer_reg[6]/CK (SDFFRQX2M)
                                                          0.00       0.01 r
  library hold time                                      -0.18      -0.17
  data required time                                                -0.17
  --------------------------------------------------------------------------
  data required time                                                -0.17
  data arrival time                                                 -0.37
  --------------------------------------------------------------------------
  slack (MET)                                                        0.54


  Startpoint: U_UART_TX/serializer/serializer_reg[4]
              (rising edge-triggered flip-flop clocked by scan_clk)
  Endpoint: U_UART_TX/serializer/serializer_reg[5]
            (rising edge-triggered flip-flop clocked by scan_clk)
  Path Group: scan_clk
  Path Type: min

  Point                                                   Incr       Path
  --------------------------------------------------------------------------
  clock scan_clk (rise edge)                              0.00       0.00
  clock network delay (ideal)                             0.00       0.00
  U_UART_TX/serializer/serializer_reg[4]/CK (SDFFRQX2M)
                                                          0.00       0.00 r
  U_UART_TX/serializer/serializer_reg[4]/Q (SDFFRQX2M)
                                                          0.37       0.37 r
  U_UART_TX/serializer/serializer_reg[5]/SI (SDFFRQX2M)
                                                          0.00       0.37 r
  data arrival time                                                  0.37

  clock scan_clk (rise edge)                              0.00       0.00
  clock network delay (ideal)                             0.00       0.00
  clock uncertainty                                       0.01       0.01
  U_UART_TX/serializer/serializer_reg[5]/CK (SDFFRQX2M)
                                                          0.00       0.01 r
  library hold time                                      -0.18      -0.17
  data required time                                                -0.17
  --------------------------------------------------------------------------
  data required time                                                -0.17
  data arrival time                                                 -0.37
  --------------------------------------------------------------------------
  slack (MET)                                                        0.54


  Startpoint: U_UART_TX/serializer/serializer_reg[3]
              (rising edge-triggered flip-flop clocked by scan_clk)
  Endpoint: U_UART_TX/serializer/serializer_reg[4]
            (rising edge-triggered flip-flop clocked by scan_clk)
  Path Group: scan_clk
  Path Type: min

  Point                                                   Incr       Path
  --------------------------------------------------------------------------
  clock scan_clk (rise edge)                              0.00       0.00
  clock network delay (ideal)                             0.00       0.00
  U_UART_TX/serializer/serializer_reg[3]/CK (SDFFRQX2M)
                                                          0.00       0.00 r
  U_UART_TX/serializer/serializer_reg[3]/Q (SDFFRQX2M)
                                                          0.37       0.37 r
  U_UART_TX/serializer/serializer_reg[4]/SI (SDFFRQX2M)
                                                          0.00       0.37 r
  data arrival time                                                  0.37

  clock scan_clk (rise edge)                              0.00       0.00
  clock network delay (ideal)                             0.00       0.00
  clock uncertainty                                       0.01       0.01
  U_UART_TX/serializer/serializer_reg[4]/CK (SDFFRQX2M)
                                                          0.00       0.01 r
  library hold time                                      -0.18      -0.17
  data required time                                                -0.17
  --------------------------------------------------------------------------
  data required time                                                -0.17
  data arrival time                                                 -0.37
  --------------------------------------------------------------------------
  slack (MET)                                                        0.54


  Startpoint: U_UART_TX/serializer/serializer_reg[2]
              (rising edge-triggered flip-flop clocked by scan_clk)
  Endpoint: U_UART_TX/serializer/serializer_reg[3]
            (rising edge-triggered flip-flop clocked by scan_clk)
  Path Group: scan_clk
  Path Type: min

  Point                                                   Incr       Path
  --------------------------------------------------------------------------
  clock scan_clk (rise edge)                              0.00       0.00
  clock network delay (ideal)                             0.00       0.00
  U_UART_TX/serializer/serializer_reg[2]/CK (SDFFRQX2M)
                                                          0.00       0.00 r
  U_UART_TX/serializer/serializer_reg[2]/Q (SDFFRQX2M)
                                                          0.37       0.37 r
  U_UART_TX/serializer/serializer_reg[3]/SI (SDFFRQX2M)
                                                          0.00       0.37 r
  data arrival time                                                  0.37

  clock scan_clk (rise edge)                              0.00       0.00
  clock network delay (ideal)                             0.00       0.00
  clock uncertainty                                       0.01       0.01
  U_UART_TX/serializer/serializer_reg[3]/CK (SDFFRQX2M)
                                                          0.00       0.01 r
  library hold time                                      -0.18      -0.17
  data required time                                                -0.17
  --------------------------------------------------------------------------
  data required time                                                -0.17
  data arrival time                                                 -0.37
  --------------------------------------------------------------------------
  slack (MET)                                                        0.54


  Startpoint: U_UART_TX/serializer/serializer_reg[1]
              (rising edge-triggered flip-flop clocked by scan_clk)
  Endpoint: U_UART_TX/serializer/serializer_reg[2]
            (rising edge-triggered flip-flop clocked by scan_clk)
  Path Group: scan_clk
  Path Type: min

  Point                                                   Incr       Path
  --------------------------------------------------------------------------
  clock scan_clk (rise edge)                              0.00       0.00
  clock network delay (ideal)                             0.00       0.00
  U_UART_TX/serializer/serializer_reg[1]/CK (SDFFRQX2M)
                                                          0.00       0.00 r
  U_UART_TX/serializer/serializer_reg[1]/Q (SDFFRQX2M)
                                                          0.37       0.37 r
  U_UART_TX/serializer/serializer_reg[2]/SI (SDFFRQX2M)
                                                          0.00       0.37 r
  data arrival time                                                  0.37

  clock scan_clk (rise edge)                              0.00       0.00
  clock network delay (ideal)                             0.00       0.00
  clock uncertainty                                       0.01       0.01
  U_UART_TX/serializer/serializer_reg[2]/CK (SDFFRQX2M)
                                                          0.00       0.01 r
  library hold time                                      -0.18      -0.17
  data required time                                                -0.17
  --------------------------------------------------------------------------
  data required time                                                -0.17
  data arrival time                                                 -0.37
  --------------------------------------------------------------------------
  slack (MET)                                                        0.54


  Startpoint: U_ASYC_FIFO/FIFO_memory/MEM_reg[6][7]
              (rising edge-triggered flip-flop clocked by scan_clk)
  Endpoint: U_ASYC_FIFO/FIFO_memory/MEM_reg[7][0]
            (rising edge-triggered flip-flop clocked by scan_clk)
  Path Group: scan_clk
  Path Type: min

  Point                                                   Incr       Path
  --------------------------------------------------------------------------
  clock scan_clk (rise edge)                              0.00       0.00
  clock network delay (ideal)                             0.00       0.00
  U_ASYC_FIFO/FIFO_memory/MEM_reg[6][7]/CK (SDFFRQX2M)
                                                          0.00       0.00 r
  U_ASYC_FIFO/FIFO_memory/MEM_reg[6][7]/Q (SDFFRQX2M)     0.37       0.37 r
  U_ASYC_FIFO/FIFO_memory/MEM_reg[7][0]/SI (SDFFRQX2M)
                                                          0.00       0.37 r
  data arrival time                                                  0.37

  clock scan_clk (rise edge)                              0.00       0.00
  clock network delay (ideal)                             0.00       0.00
  clock uncertainty                                       0.01       0.01
  U_ASYC_FIFO/FIFO_memory/MEM_reg[7][0]/CK (SDFFRQX2M)
                                                          0.00       0.01 r
  library hold time                                      -0.18      -0.17
  data required time                                                -0.17
  --------------------------------------------------------------------------
  data required time                                                -0.17
  data arrival time                                                 -0.37
  --------------------------------------------------------------------------
  slack (MET)                                                        0.54


  Startpoint: U_ASYC_FIFO/FIFO_memory/MEM_reg[2][7]
              (rising edge-triggered flip-flop clocked by scan_clk)
  Endpoint: U_ASYC_FIFO/FIFO_memory/MEM_reg[3][0]
            (rising edge-triggered flip-flop clocked by scan_clk)
  Path Group: scan_clk
  Path Type: min

  Point                                                   Incr       Path
  --------------------------------------------------------------------------
  clock scan_clk (rise edge)                              0.00       0.00
  clock network delay (ideal)                             0.00       0.00
  U_ASYC_FIFO/FIFO_memory/MEM_reg[2][7]/CK (SDFFRQX2M)
                                                          0.00       0.00 r
  U_ASYC_FIFO/FIFO_memory/MEM_reg[2][7]/Q (SDFFRQX2M)     0.37       0.37 r
  U_ASYC_FIFO/FIFO_memory/MEM_reg[3][0]/SI (SDFFRQX2M)
                                                          0.00       0.37 r
  data arrival time                                                  0.37

  clock scan_clk (rise edge)                              0.00       0.00
  clock network delay (ideal)                             0.00       0.00
  clock uncertainty                                       0.01       0.01
  U_ASYC_FIFO/FIFO_memory/MEM_reg[3][0]/CK (SDFFRQX2M)
                                                          0.00       0.01 r
  library hold time                                      -0.18      -0.17
  data required time                                                -0.17
  --------------------------------------------------------------------------
  data required time                                                -0.17
  data arrival time                                                 -0.37
  --------------------------------------------------------------------------
  slack (MET)                                                        0.54


  Startpoint: U_ASYC_FIFO/FIFO_memory/MEM_reg[6][2]
              (rising edge-triggered flip-flop clocked by scan_clk)
  Endpoint: U_ASYC_FIFO/FIFO_memory/MEM_reg[6][3]
            (rising edge-triggered flip-flop clocked by scan_clk)
  Path Group: scan_clk
  Path Type: min

  Point                                                   Incr       Path
  --------------------------------------------------------------------------
  clock scan_clk (rise edge)                              0.00       0.00
  clock network delay (ideal)                             0.00       0.00
  U_ASYC_FIFO/FIFO_memory/MEM_reg[6][2]/CK (SDFFRQX2M)
                                                          0.00       0.00 r
  U_ASYC_FIFO/FIFO_memory/MEM_reg[6][2]/Q (SDFFRQX2M)     0.37       0.37 r
  U_ASYC_FIFO/FIFO_memory/MEM_reg[6][3]/SI (SDFFRQX2M)
                                                          0.00       0.37 r
  data arrival time                                                  0.37

  clock scan_clk (rise edge)                              0.00       0.00
  clock network delay (ideal)                             0.00       0.00
  clock uncertainty                                       0.01       0.01
  U_ASYC_FIFO/FIFO_memory/MEM_reg[6][3]/CK (SDFFRQX2M)
                                                          0.00       0.01 r
  library hold time                                      -0.18      -0.17
  data required time                                                -0.17
  --------------------------------------------------------------------------
  data required time                                                -0.17
  data arrival time                                                 -0.37
  --------------------------------------------------------------------------
  slack (MET)                                                        0.54


  Startpoint: U_ASYC_FIFO/FIFO_memory/MEM_reg[6][0]
              (rising edge-triggered flip-flop clocked by scan_clk)
  Endpoint: U_ASYC_FIFO/FIFO_memory/MEM_reg[6][1]
            (rising edge-triggered flip-flop clocked by scan_clk)
  Path Group: scan_clk
  Path Type: min

  Point                                                   Incr       Path
  --------------------------------------------------------------------------
  clock scan_clk (rise edge)                              0.00       0.00
  clock network delay (ideal)                             0.00       0.00
  U_ASYC_FIFO/FIFO_memory/MEM_reg[6][0]/CK (SDFFRQX2M)
                                                          0.00       0.00 r
  U_ASYC_FIFO/FIFO_memory/MEM_reg[6][0]/Q (SDFFRQX2M)     0.37       0.37 r
  U_ASYC_FIFO/FIFO_memory/MEM_reg[6][1]/SI (SDFFRQX2M)
                                                          0.00       0.37 r
  data arrival time                                                  0.37

  clock scan_clk (rise edge)                              0.00       0.00
  clock network delay (ideal)                             0.00       0.00
  clock uncertainty                                       0.01       0.01
  U_ASYC_FIFO/FIFO_memory/MEM_reg[6][1]/CK (SDFFRQX2M)
                                                          0.00       0.01 r
  library hold time                                      -0.18      -0.17
  data required time                                                -0.17
  --------------------------------------------------------------------------
  data required time                                                -0.17
  data arrival time                                                 -0.37
  --------------------------------------------------------------------------
  slack (MET)                                                        0.54


  Startpoint: U_ASYC_FIFO/FIFO_memory/MEM_reg[2][2]
              (rising edge-triggered flip-flop clocked by scan_clk)
  Endpoint: U_ASYC_FIFO/FIFO_memory/MEM_reg[2][3]
            (rising edge-triggered flip-flop clocked by scan_clk)
  Path Group: scan_clk
  Path Type: min

  Point                                                   Incr       Path
  --------------------------------------------------------------------------
  clock scan_clk (rise edge)                              0.00       0.00
  clock network delay (ideal)                             0.00       0.00
  U_ASYC_FIFO/FIFO_memory/MEM_reg[2][2]/CK (SDFFRQX2M)
                                                          0.00       0.00 r
  U_ASYC_FIFO/FIFO_memory/MEM_reg[2][2]/Q (SDFFRQX2M)     0.37       0.37 r
  U_ASYC_FIFO/FIFO_memory/MEM_reg[2][3]/SI (SDFFRQX2M)
                                                          0.00       0.37 r
  data arrival time                                                  0.37

  clock scan_clk (rise edge)                              0.00       0.00
  clock network delay (ideal)                             0.00       0.00
  clock uncertainty                                       0.01       0.01
  U_ASYC_FIFO/FIFO_memory/MEM_reg[2][3]/CK (SDFFRQX2M)
                                                          0.00       0.01 r
  library hold time                                      -0.18      -0.17
  data required time                                                -0.17
  --------------------------------------------------------------------------
  data required time                                                -0.17
  data arrival time                                                 -0.37
  --------------------------------------------------------------------------
  slack (MET)                                                        0.54


  Startpoint: U_ASYC_FIFO/FIFO_memory/MEM_reg[2][1]
              (rising edge-triggered flip-flop clocked by scan_clk)
  Endpoint: U_ASYC_FIFO/FIFO_memory/MEM_reg[2][2]
            (rising edge-triggered flip-flop clocked by scan_clk)
  Path Group: scan_clk
  Path Type: min

  Point                                                   Incr       Path
  --------------------------------------------------------------------------
  clock scan_clk (rise edge)                              0.00       0.00
  clock network delay (ideal)                             0.00       0.00
  U_ASYC_FIFO/FIFO_memory/MEM_reg[2][1]/CK (SDFFRQX2M)
                                                          0.00       0.00 r
  U_ASYC_FIFO/FIFO_memory/MEM_reg[2][1]/Q (SDFFRQX2M)     0.37       0.37 r
  U_ASYC_FIFO/FIFO_memory/MEM_reg[2][2]/SI (SDFFRQX2M)
                                                          0.00       0.37 r
  data arrival time                                                  0.37

  clock scan_clk (rise edge)                              0.00       0.00
  clock network delay (ideal)                             0.00       0.00
  clock uncertainty                                       0.01       0.01
  U_ASYC_FIFO/FIFO_memory/MEM_reg[2][2]/CK (SDFFRQX2M)
                                                          0.00       0.01 r
  library hold time                                      -0.18      -0.17
  data required time                                                -0.17
  --------------------------------------------------------------------------
  data required time                                                -0.17
  data arrival time                                                 -0.37
  --------------------------------------------------------------------------
  slack (MET)                                                        0.54


  Startpoint: U_ASYC_FIFO/FIFO_memory/MEM_reg[2][0]
              (rising edge-triggered flip-flop clocked by scan_clk)
  Endpoint: U_ASYC_FIFO/FIFO_memory/MEM_reg[2][1]
            (rising edge-triggered flip-flop clocked by scan_clk)
  Path Group: scan_clk
  Path Type: min

  Point                                                   Incr       Path
  --------------------------------------------------------------------------
  clock scan_clk (rise edge)                              0.00       0.00
  clock network delay (ideal)                             0.00       0.00
  U_ASYC_FIFO/FIFO_memory/MEM_reg[2][0]/CK (SDFFRQX2M)
                                                          0.00       0.00 r
  U_ASYC_FIFO/FIFO_memory/MEM_reg[2][0]/Q (SDFFRQX2M)     0.37       0.37 r
  U_ASYC_FIFO/FIFO_memory/MEM_reg[2][1]/SI (SDFFRQX2M)
                                                          0.00       0.37 r
  data arrival time                                                  0.37

  clock scan_clk (rise edge)                              0.00       0.00
  clock network delay (ideal)                             0.00       0.00
  clock uncertainty                                       0.01       0.01
  U_ASYC_FIFO/FIFO_memory/MEM_reg[2][1]/CK (SDFFRQX2M)
                                                          0.00       0.01 r
  library hold time                                      -0.18      -0.17
  data required time                                                -0.17
  --------------------------------------------------------------------------
  data required time                                                -0.17
  data arrival time                                                 -0.37
  --------------------------------------------------------------------------
  slack (MET)                                                        0.54


  Startpoint: U_ASYC_FIFO/FIFO_memory/MEM_reg[6][6]
              (rising edge-triggered flip-flop clocked by scan_clk)
  Endpoint: U_ASYC_FIFO/FIFO_memory/MEM_reg[6][7]
            (rising edge-triggered flip-flop clocked by scan_clk)
  Path Group: scan_clk
  Path Type: min

  Point                                                   Incr       Path
  --------------------------------------------------------------------------
  clock scan_clk (rise edge)                              0.00       0.00
  clock network delay (ideal)                             0.00       0.00
  U_ASYC_FIFO/FIFO_memory/MEM_reg[6][6]/CK (SDFFRQX2M)
                                                          0.00       0.00 r
  U_ASYC_FIFO/FIFO_memory/MEM_reg[6][6]/Q (SDFFRQX2M)     0.37       0.37 r
  U_ASYC_FIFO/FIFO_memory/MEM_reg[6][7]/SI (SDFFRQX2M)
                                                          0.00       0.37 r
  data arrival time                                                  0.37

  clock scan_clk (rise edge)                              0.00       0.00
  clock network delay (ideal)                             0.00       0.00
  clock uncertainty                                       0.01       0.01
  U_ASYC_FIFO/FIFO_memory/MEM_reg[6][7]/CK (SDFFRQX2M)
                                                          0.00       0.01 r
  library hold time                                      -0.18      -0.17
  data required time                                                -0.17
  --------------------------------------------------------------------------
  data required time                                                -0.17
  data arrival time                                                 -0.37
  --------------------------------------------------------------------------
  slack (MET)                                                        0.54


  Startpoint: U_ASYC_FIFO/FIFO_memory/MEM_reg[6][5]
              (rising edge-triggered flip-flop clocked by scan_clk)
  Endpoint: U_ASYC_FIFO/FIFO_memory/MEM_reg[6][6]
            (rising edge-triggered flip-flop clocked by scan_clk)
  Path Group: scan_clk
  Path Type: min

  Point                                                   Incr       Path
  --------------------------------------------------------------------------
  clock scan_clk (rise edge)                              0.00       0.00
  clock network delay (ideal)                             0.00       0.00
  U_ASYC_FIFO/FIFO_memory/MEM_reg[6][5]/CK (SDFFRQX2M)
                                                          0.00       0.00 r
  U_ASYC_FIFO/FIFO_memory/MEM_reg[6][5]/Q (SDFFRQX2M)     0.37       0.37 r
  U_ASYC_FIFO/FIFO_memory/MEM_reg[6][6]/SI (SDFFRQX2M)
                                                          0.00       0.37 r
  data arrival time                                                  0.37

  clock scan_clk (rise edge)                              0.00       0.00
  clock network delay (ideal)                             0.00       0.00
  clock uncertainty                                       0.01       0.01
  U_ASYC_FIFO/FIFO_memory/MEM_reg[6][6]/CK (SDFFRQX2M)
                                                          0.00       0.01 r
  library hold time                                      -0.18      -0.17
  data required time                                                -0.17
  --------------------------------------------------------------------------
  data required time                                                -0.17
  data arrival time                                                 -0.37
  --------------------------------------------------------------------------
  slack (MET)                                                        0.54


  Startpoint: U_ASYC_FIFO/FIFO_memory/MEM_reg[6][4]
              (rising edge-triggered flip-flop clocked by scan_clk)
  Endpoint: U_ASYC_FIFO/FIFO_memory/MEM_reg[6][5]
            (rising edge-triggered flip-flop clocked by scan_clk)
  Path Group: scan_clk
  Path Type: min

  Point                                                   Incr       Path
  --------------------------------------------------------------------------
  clock scan_clk (rise edge)                              0.00       0.00
  clock network delay (ideal)                             0.00       0.00
  U_ASYC_FIFO/FIFO_memory/MEM_reg[6][4]/CK (SDFFRQX2M)
                                                          0.00       0.00 r
  U_ASYC_FIFO/FIFO_memory/MEM_reg[6][4]/Q (SDFFRQX2M)     0.37       0.37 r
  U_ASYC_FIFO/FIFO_memory/MEM_reg[6][5]/SI (SDFFRQX2M)
                                                          0.00       0.37 r
  data arrival time                                                  0.37

  clock scan_clk (rise edge)                              0.00       0.00
  clock network delay (ideal)                             0.00       0.00
  clock uncertainty                                       0.01       0.01
  U_ASYC_FIFO/FIFO_memory/MEM_reg[6][5]/CK (SDFFRQX2M)
                                                          0.00       0.01 r
  library hold time                                      -0.18      -0.17
  data required time                                                -0.17
  --------------------------------------------------------------------------
  data required time                                                -0.17
  data arrival time                                                 -0.37
  --------------------------------------------------------------------------
  slack (MET)                                                        0.54


  Startpoint: U_ASYC_FIFO/FIFO_memory/MEM_reg[6][3]
              (rising edge-triggered flip-flop clocked by scan_clk)
  Endpoint: U_ASYC_FIFO/FIFO_memory/MEM_reg[6][4]
            (rising edge-triggered flip-flop clocked by scan_clk)
  Path Group: scan_clk
  Path Type: min

  Point                                                   Incr       Path
  --------------------------------------------------------------------------
  clock scan_clk (rise edge)                              0.00       0.00
  clock network delay (ideal)                             0.00       0.00
  U_ASYC_FIFO/FIFO_memory/MEM_reg[6][3]/CK (SDFFRQX2M)
                                                          0.00       0.00 r
  U_ASYC_FIFO/FIFO_memory/MEM_reg[6][3]/Q (SDFFRQX2M)     0.37       0.37 r
  U_ASYC_FIFO/FIFO_memory/MEM_reg[6][4]/SI (SDFFRQX2M)
                                                          0.00       0.37 r
  data arrival time                                                  0.37

  clock scan_clk (rise edge)                              0.00       0.00
  clock network delay (ideal)                             0.00       0.00
  clock uncertainty                                       0.01       0.01
  U_ASYC_FIFO/FIFO_memory/MEM_reg[6][4]/CK (SDFFRQX2M)
                                                          0.00       0.01 r
  library hold time                                      -0.18      -0.17
  data required time                                                -0.17
  --------------------------------------------------------------------------
  data required time                                                -0.17
  data arrival time                                                 -0.37
  --------------------------------------------------------------------------
  slack (MET)                                                        0.54


  Startpoint: U_ASYC_FIFO/FIFO_memory/MEM_reg[2][6]
              (rising edge-triggered flip-flop clocked by scan_clk)
  Endpoint: U_ASYC_FIFO/FIFO_memory/MEM_reg[2][7]
            (rising edge-triggered flip-flop clocked by scan_clk)
  Path Group: scan_clk
  Path Type: min

  Point                                                   Incr       Path
  --------------------------------------------------------------------------
  clock scan_clk (rise edge)                              0.00       0.00
  clock network delay (ideal)                             0.00       0.00
  U_ASYC_FIFO/FIFO_memory/MEM_reg[2][6]/CK (SDFFRQX2M)
                                                          0.00       0.00 r
  U_ASYC_FIFO/FIFO_memory/MEM_reg[2][6]/Q (SDFFRQX2M)     0.37       0.37 r
  U_ASYC_FIFO/FIFO_memory/MEM_reg[2][7]/SI (SDFFRQX2M)
                                                          0.00       0.37 r
  data arrival time                                                  0.37

  clock scan_clk (rise edge)                              0.00       0.00
  clock network delay (ideal)                             0.00       0.00
  clock uncertainty                                       0.01       0.01
  U_ASYC_FIFO/FIFO_memory/MEM_reg[2][7]/CK (SDFFRQX2M)
                                                          0.00       0.01 r
  library hold time                                      -0.18      -0.17
  data required time                                                -0.17
  --------------------------------------------------------------------------
  data required time                                                -0.17
  data arrival time                                                 -0.37
  --------------------------------------------------------------------------
  slack (MET)                                                        0.54


  Startpoint: U_ASYC_FIFO/FIFO_memory/MEM_reg[2][5]
              (rising edge-triggered flip-flop clocked by scan_clk)
  Endpoint: U_ASYC_FIFO/FIFO_memory/MEM_reg[2][6]
            (rising edge-triggered flip-flop clocked by scan_clk)
  Path Group: scan_clk
  Path Type: min

  Point                                                   Incr       Path
  --------------------------------------------------------------------------
  clock scan_clk (rise edge)                              0.00       0.00
  clock network delay (ideal)                             0.00       0.00
  U_ASYC_FIFO/FIFO_memory/MEM_reg[2][5]/CK (SDFFRQX2M)
                                                          0.00       0.00 r
  U_ASYC_FIFO/FIFO_memory/MEM_reg[2][5]/Q (SDFFRQX2M)     0.37       0.37 r
  U_ASYC_FIFO/FIFO_memory/MEM_reg[2][6]/SI (SDFFRQX2M)
                                                          0.00       0.37 r
  data arrival time                                                  0.37

  clock scan_clk (rise edge)                              0.00       0.00
  clock network delay (ideal)                             0.00       0.00
  clock uncertainty                                       0.01       0.01
  U_ASYC_FIFO/FIFO_memory/MEM_reg[2][6]/CK (SDFFRQX2M)
                                                          0.00       0.01 r
  library hold time                                      -0.18      -0.17
  data required time                                                -0.17
  --------------------------------------------------------------------------
  data required time                                                -0.17
  data arrival time                                                 -0.37
  --------------------------------------------------------------------------
  slack (MET)                                                        0.54


  Startpoint: U_ASYC_FIFO/FIFO_memory/MEM_reg[2][4]
              (rising edge-triggered flip-flop clocked by scan_clk)
  Endpoint: U_ASYC_FIFO/FIFO_memory/MEM_reg[2][5]
            (rising edge-triggered flip-flop clocked by scan_clk)
  Path Group: scan_clk
  Path Type: min

  Point                                                   Incr       Path
  --------------------------------------------------------------------------
  clock scan_clk (rise edge)                              0.00       0.00
  clock network delay (ideal)                             0.00       0.00
  U_ASYC_FIFO/FIFO_memory/MEM_reg[2][4]/CK (SDFFRQX2M)
                                                          0.00       0.00 r
  U_ASYC_FIFO/FIFO_memory/MEM_reg[2][4]/Q (SDFFRQX2M)     0.37       0.37 r
  U_ASYC_FIFO/FIFO_memory/MEM_reg[2][5]/SI (SDFFRQX2M)
                                                          0.00       0.37 r
  data arrival time                                                  0.37

  clock scan_clk (rise edge)                              0.00       0.00
  clock network delay (ideal)                             0.00       0.00
  clock uncertainty                                       0.01       0.01
  U_ASYC_FIFO/FIFO_memory/MEM_reg[2][5]/CK (SDFFRQX2M)
                                                          0.00       0.01 r
  library hold time                                      -0.18      -0.17
  data required time                                                -0.17
  --------------------------------------------------------------------------
  data required time                                                -0.17
  data arrival time                                                 -0.37
  --------------------------------------------------------------------------
  slack (MET)                                                        0.54


  Startpoint: U_ASYC_FIFO/FIFO_memory/MEM_reg[2][3]
              (rising edge-triggered flip-flop clocked by scan_clk)
  Endpoint: U_ASYC_FIFO/FIFO_memory/MEM_reg[2][4]
            (rising edge-triggered flip-flop clocked by scan_clk)
  Path Group: scan_clk
  Path Type: min

  Point                                                   Incr       Path
  --------------------------------------------------------------------------
  clock scan_clk (rise edge)                              0.00       0.00
  clock network delay (ideal)                             0.00       0.00
  U_ASYC_FIFO/FIFO_memory/MEM_reg[2][3]/CK (SDFFRQX2M)
                                                          0.00       0.00 r
  U_ASYC_FIFO/FIFO_memory/MEM_reg[2][3]/Q (SDFFRQX2M)     0.37       0.37 r
  U_ASYC_FIFO/FIFO_memory/MEM_reg[2][4]/SI (SDFFRQX2M)
                                                          0.00       0.37 r
  data arrival time                                                  0.37

  clock scan_clk (rise edge)                              0.00       0.00
  clock network delay (ideal)                             0.00       0.00
  clock uncertainty                                       0.01       0.01
  U_ASYC_FIFO/FIFO_memory/MEM_reg[2][4]/CK (SDFFRQX2M)
                                                          0.00       0.01 r
  library hold time                                      -0.18      -0.17
  data required time                                                -0.17
  --------------------------------------------------------------------------
  data required time                                                -0.17
  data arrival time                                                 -0.37
  --------------------------------------------------------------------------
  slack (MET)                                                        0.54


  Startpoint: U_Reg_File/mem_reg[6][5]
              (rising edge-triggered flip-flop clocked by scan_clk)
  Endpoint: U_Reg_File/mem_reg[6][6]
            (rising edge-triggered flip-flop clocked by scan_clk)
  Path Group: scan_clk
  Path Type: min

  Point                                                   Incr       Path
  --------------------------------------------------------------------------
  clock scan_clk (rise edge)                              0.00       0.00
  clock network delay (ideal)                             0.00       0.00
  U_Reg_File/mem_reg[6][5]/CK (SDFFRQX2M)                 0.00       0.00 r
  U_Reg_File/mem_reg[6][5]/Q (SDFFRQX2M)                  0.37       0.37 r
  U_Reg_File/mem_reg[6][6]/SI (SDFFRQX2M)                 0.00       0.37 r
  data arrival time                                                  0.37

  clock scan_clk (rise edge)                              0.00       0.00
  clock network delay (ideal)                             0.00       0.00
  clock uncertainty                                       0.01       0.01
  U_Reg_File/mem_reg[6][6]/CK (SDFFRQX2M)                 0.00       0.01 r
  library hold time                                      -0.18      -0.17
  data required time                                                -0.17
  --------------------------------------------------------------------------
  data required time                                                -0.17
  data arrival time                                                 -0.37
  --------------------------------------------------------------------------
  slack (MET)                                                        0.54


  Startpoint: U_Reg_File/mem_reg[6][4]
              (rising edge-triggered flip-flop clocked by scan_clk)
  Endpoint: U_Reg_File/mem_reg[6][5]
            (rising edge-triggered flip-flop clocked by scan_clk)
  Path Group: scan_clk
  Path Type: min

  Point                                                   Incr       Path
  --------------------------------------------------------------------------
  clock scan_clk (rise edge)                              0.00       0.00
  clock network delay (ideal)                             0.00       0.00
  U_Reg_File/mem_reg[6][4]/CK (SDFFRQX2M)                 0.00       0.00 r
  U_Reg_File/mem_reg[6][4]/Q (SDFFRQX2M)                  0.37       0.37 r
  U_Reg_File/mem_reg[6][5]/SI (SDFFRQX2M)                 0.00       0.37 r
  data arrival time                                                  0.37

  clock scan_clk (rise edge)                              0.00       0.00
  clock network delay (ideal)                             0.00       0.00
  clock uncertainty                                       0.01       0.01
  U_Reg_File/mem_reg[6][5]/CK (SDFFRQX2M)                 0.00       0.01 r
  library hold time                                      -0.18      -0.17
  data required time                                                -0.17
  --------------------------------------------------------------------------
  data required time                                                -0.17
  data arrival time                                                 -0.37
  --------------------------------------------------------------------------
  slack (MET)                                                        0.54


  Startpoint: U_Reg_File/mem_reg[6][3]
              (rising edge-triggered flip-flop clocked by scan_clk)
  Endpoint: U_Reg_File/mem_reg[6][4]
            (rising edge-triggered flip-flop clocked by scan_clk)
  Path Group: scan_clk
  Path Type: min

  Point                                                   Incr       Path
  --------------------------------------------------------------------------
  clock scan_clk (rise edge)                              0.00       0.00
  clock network delay (ideal)                             0.00       0.00
  U_Reg_File/mem_reg[6][3]/CK (SDFFRQX2M)                 0.00       0.00 r
  U_Reg_File/mem_reg[6][3]/Q (SDFFRQX2M)                  0.37       0.37 r
  U_Reg_File/mem_reg[6][4]/SI (SDFFRQX2M)                 0.00       0.37 r
  data arrival time                                                  0.37

  clock scan_clk (rise edge)                              0.00       0.00
  clock network delay (ideal)                             0.00       0.00
  clock uncertainty                                       0.01       0.01
  U_Reg_File/mem_reg[6][4]/CK (SDFFRQX2M)                 0.00       0.01 r
  library hold time                                      -0.18      -0.17
  data required time                                                -0.17
  --------------------------------------------------------------------------
  data required time                                                -0.17
  data arrival time                                                 -0.37
  --------------------------------------------------------------------------
  slack (MET)                                                        0.54


  Startpoint: U_Reg_File/mem_reg[6][2]
              (rising edge-triggered flip-flop clocked by scan_clk)
  Endpoint: U_Reg_File/mem_reg[6][3]
            (rising edge-triggered flip-flop clocked by scan_clk)
  Path Group: scan_clk
  Path Type: min

  Point                                                   Incr       Path
  --------------------------------------------------------------------------
  clock scan_clk (rise edge)                              0.00       0.00
  clock network delay (ideal)                             0.00       0.00
  U_Reg_File/mem_reg[6][2]/CK (SDFFRQX2M)                 0.00       0.00 r
  U_Reg_File/mem_reg[6][2]/Q (SDFFRQX2M)                  0.37       0.37 r
  U_Reg_File/mem_reg[6][3]/SI (SDFFRQX2M)                 0.00       0.37 r
  data arrival time                                                  0.37

  clock scan_clk (rise edge)                              0.00       0.00
  clock network delay (ideal)                             0.00       0.00
  clock uncertainty                                       0.01       0.01
  U_Reg_File/mem_reg[6][3]/CK (SDFFRQX2M)                 0.00       0.01 r
  library hold time                                      -0.18      -0.17
  data required time                                                -0.17
  --------------------------------------------------------------------------
  data required time                                                -0.17
  data arrival time                                                 -0.37
  --------------------------------------------------------------------------
  slack (MET)                                                        0.54


  Startpoint: U_Reg_File/mem_reg[6][1]
              (rising edge-triggered flip-flop clocked by scan_clk)
  Endpoint: U_Reg_File/mem_reg[6][2]
            (rising edge-triggered flip-flop clocked by scan_clk)
  Path Group: scan_clk
  Path Type: min

  Point                                                   Incr       Path
  --------------------------------------------------------------------------
  clock scan_clk (rise edge)                              0.00       0.00
  clock network delay (ideal)                             0.00       0.00
  U_Reg_File/mem_reg[6][1]/CK (SDFFRQX2M)                 0.00       0.00 r
  U_Reg_File/mem_reg[6][1]/Q (SDFFRQX2M)                  0.37       0.37 r
  U_Reg_File/mem_reg[6][2]/SI (SDFFRQX2M)                 0.00       0.37 r
  data arrival time                                                  0.37

  clock scan_clk (rise edge)                              0.00       0.00
  clock network delay (ideal)                             0.00       0.00
  clock uncertainty                                       0.01       0.01
  U_Reg_File/mem_reg[6][2]/CK (SDFFRQX2M)                 0.00       0.01 r
  library hold time                                      -0.18      -0.17
  data required time                                                -0.17
  --------------------------------------------------------------------------
  data required time                                                -0.17
  data arrival time                                                 -0.37
  --------------------------------------------------------------------------
  slack (MET)                                                        0.54


  Startpoint: U_Reg_File/mem_reg[6][0]
              (rising edge-triggered flip-flop clocked by scan_clk)
  Endpoint: U_Reg_File/mem_reg[6][1]
            (rising edge-triggered flip-flop clocked by scan_clk)
  Path Group: scan_clk
  Path Type: min

  Point                                                   Incr       Path
  --------------------------------------------------------------------------
  clock scan_clk (rise edge)                              0.00       0.00
  clock network delay (ideal)                             0.00       0.00
  U_Reg_File/mem_reg[6][0]/CK (SDFFRQX2M)                 0.00       0.00 r
  U_Reg_File/mem_reg[6][0]/Q (SDFFRQX2M)                  0.37       0.37 r
  U_Reg_File/mem_reg[6][1]/SI (SDFFRQX2M)                 0.00       0.37 r
  data arrival time                                                  0.37

  clock scan_clk (rise edge)                              0.00       0.00
  clock network delay (ideal)                             0.00       0.00
  clock uncertainty                                       0.01       0.01
  U_Reg_File/mem_reg[6][1]/CK (SDFFRQX2M)                 0.00       0.01 r
  library hold time                                      -0.18      -0.17
  data required time                                                -0.17
  --------------------------------------------------------------------------
  data required time                                                -0.17
  data arrival time                                                 -0.37
  --------------------------------------------------------------------------
  slack (MET)                                                        0.54


1
