 
****************************************
Report : timing
        -path full
        -delay max
        -max_paths 100
Design : SYS_TOP
Version: K-2015.06
Date   : Tue Sep 30 11:36:27 2025
****************************************

Operating Conditions: scmetro_tsmc_cl013g_rvt_ss_1p08v_125c   Library: scmetro_tsmc_cl013g_rvt_ss_1p08v_125c
Wire Load Model Mode: top

  Startpoint: U_ALU/OUT_Valid_reg
              (rising edge-triggered flip-flop clocked by ALU_CLK)
  Endpoint: U_ALU/ALU_OUT_reg[15]
            (rising edge-triggered flip-flop clocked by ALU_CLK)
  Path Group: ALU_CLK
  Path Type: max

  Point                                                   Incr       Path
  --------------------------------------------------------------------------
  clock ALU_CLK (rise edge)                               0.00       0.00
  clock network delay (ideal)                             0.00       0.00
  U_ALU/OUT_Valid_reg/CK (SDFFRQX1M)                      0.00       0.00 r
  U_ALU/OUT_Valid_reg/Q (SDFFRQX1M)                       0.38       0.38 r
  U_ALU/OUT_Valid (ALU_test_1)                            0.00       0.38 r
  U_SYS_CTRL/OUT_Valid (SYS_CTRL_test_1)                  0.00       0.38 r
  U_SYS_CTRL/U64/Y (NAND3X2M)                             0.11       0.49 f
  U_SYS_CTRL/U28/Y (NOR2X2M)                              0.27       0.76 r
  U_SYS_CTRL/U25/Y (INVX2M)                               0.10       0.87 f
  U_SYS_CTRL/U29/Y (NAND2X2M)                             0.10       0.96 r
  U_SYS_CTRL/ALU_EN (SYS_CTRL_test_1)                     0.00       0.96 r
  U_ALU/Enable (ALU_test_1)                               0.00       0.96 r
  U_ALU/U48/Y (INVX2M)                                    0.14       1.10 f
  U_ALU/U31/Y (NOR2BX2M)                                  0.21       1.31 r
  U_ALU/U38/Y (OAI2BB1X2M)                                0.16       1.47 r
  U_ALU/ALU_OUT_reg[15]/D (SDFFRQX2M)                     0.00       1.47 r
  data arrival time                                                  1.47

  clock ALU_CLK (rise edge)                              20.00      20.00
  clock network delay (ideal)                             0.00      20.00
  clock uncertainty                                      -0.20      19.80
  U_ALU/ALU_OUT_reg[15]/CK (SDFFRQX2M)                    0.00      19.80 r
  library setup time                                     -0.28      19.52
  data required time                                                19.52
  --------------------------------------------------------------------------
  data required time                                                19.52
  data arrival time                                                 -1.47
  --------------------------------------------------------------------------
  slack (MET)                                                       18.05


  Startpoint: U_ALU/OUT_Valid_reg
              (rising edge-triggered flip-flop clocked by ALU_CLK)
  Endpoint: U_ALU/ALU_OUT_reg[14]
            (rising edge-triggered flip-flop clocked by ALU_CLK)
  Path Group: ALU_CLK
  Path Type: max

  Point                                                   Incr       Path
  --------------------------------------------------------------------------
  clock ALU_CLK (rise edge)                               0.00       0.00
  clock network delay (ideal)                             0.00       0.00
  U_ALU/OUT_Valid_reg/CK (SDFFRQX1M)                      0.00       0.00 r
  U_ALU/OUT_Valid_reg/Q (SDFFRQX1M)                       0.38       0.38 r
  U_ALU/OUT_Valid (ALU_test_1)                            0.00       0.38 r
  U_SYS_CTRL/OUT_Valid (SYS_CTRL_test_1)                  0.00       0.38 r
  U_SYS_CTRL/U64/Y (NAND3X2M)                             0.11       0.49 f
  U_SYS_CTRL/U28/Y (NOR2X2M)                              0.27       0.76 r
  U_SYS_CTRL/U25/Y (INVX2M)                               0.10       0.87 f
  U_SYS_CTRL/U29/Y (NAND2X2M)                             0.10       0.96 r
  U_SYS_CTRL/ALU_EN (SYS_CTRL_test_1)                     0.00       0.96 r
  U_ALU/Enable (ALU_test_1)                               0.00       0.96 r
  U_ALU/U48/Y (INVX2M)                                    0.14       1.10 f
  U_ALU/U31/Y (NOR2BX2M)                                  0.21       1.31 r
  U_ALU/U37/Y (OAI2BB1X2M)                                0.16       1.47 r
  U_ALU/ALU_OUT_reg[14]/D (SDFFRQX2M)                     0.00       1.47 r
  data arrival time                                                  1.47

  clock ALU_CLK (rise edge)                              20.00      20.00
  clock network delay (ideal)                             0.00      20.00
  clock uncertainty                                      -0.20      19.80
  U_ALU/ALU_OUT_reg[14]/CK (SDFFRQX2M)                    0.00      19.80 r
  library setup time                                     -0.28      19.52
  data required time                                                19.52
  --------------------------------------------------------------------------
  data required time                                                19.52
  data arrival time                                                 -1.47
  --------------------------------------------------------------------------
  slack (MET)                                                       18.05


  Startpoint: U_ALU/OUT_Valid_reg
              (rising edge-triggered flip-flop clocked by ALU_CLK)
  Endpoint: U_ALU/ALU_OUT_reg[13]
            (rising edge-triggered flip-flop clocked by ALU_CLK)
  Path Group: ALU_CLK
  Path Type: max

  Point                                                   Incr       Path
  --------------------------------------------------------------------------
  clock ALU_CLK (rise edge)                               0.00       0.00
  clock network delay (ideal)                             0.00       0.00
  U_ALU/OUT_Valid_reg/CK (SDFFRQX1M)                      0.00       0.00 r
  U_ALU/OUT_Valid_reg/Q (SDFFRQX1M)                       0.38       0.38 r
  U_ALU/OUT_Valid (ALU_test_1)                            0.00       0.38 r
  U_SYS_CTRL/OUT_Valid (SYS_CTRL_test_1)                  0.00       0.38 r
  U_SYS_CTRL/U64/Y (NAND3X2M)                             0.11       0.49 f
  U_SYS_CTRL/U28/Y (NOR2X2M)                              0.27       0.76 r
  U_SYS_CTRL/U25/Y (INVX2M)                               0.10       0.87 f
  U_SYS_CTRL/U29/Y (NAND2X2M)                             0.10       0.96 r
  U_SYS_CTRL/ALU_EN (SYS_CTRL_test_1)                     0.00       0.96 r
  U_ALU/Enable (ALU_test_1)                               0.00       0.96 r
  U_ALU/U48/Y (INVX2M)                                    0.14       1.10 f
  U_ALU/U31/Y (NOR2BX2M)                                  0.21       1.31 r
  U_ALU/U36/Y (OAI2BB1X2M)                                0.16       1.47 r
  U_ALU/ALU_OUT_reg[13]/D (SDFFRQX2M)                     0.00       1.47 r
  data arrival time                                                  1.47

  clock ALU_CLK (rise edge)                              20.00      20.00
  clock network delay (ideal)                             0.00      20.00
  clock uncertainty                                      -0.20      19.80
  U_ALU/ALU_OUT_reg[13]/CK (SDFFRQX2M)                    0.00      19.80 r
  library setup time                                     -0.28      19.52
  data required time                                                19.52
  --------------------------------------------------------------------------
  data required time                                                19.52
  data arrival time                                                 -1.47
  --------------------------------------------------------------------------
  slack (MET)                                                       18.05


  Startpoint: U_ALU/OUT_Valid_reg
              (rising edge-triggered flip-flop clocked by ALU_CLK)
  Endpoint: U_ALU/ALU_OUT_reg[12]
            (rising edge-triggered flip-flop clocked by ALU_CLK)
  Path Group: ALU_CLK
  Path Type: max

  Point                                                   Incr       Path
  --------------------------------------------------------------------------
  clock ALU_CLK (rise edge)                               0.00       0.00
  clock network delay (ideal)                             0.00       0.00
  U_ALU/OUT_Valid_reg/CK (SDFFRQX1M)                      0.00       0.00 r
  U_ALU/OUT_Valid_reg/Q (SDFFRQX1M)                       0.38       0.38 r
  U_ALU/OUT_Valid (ALU_test_1)                            0.00       0.38 r
  U_SYS_CTRL/OUT_Valid (SYS_CTRL_test_1)                  0.00       0.38 r
  U_SYS_CTRL/U64/Y (NAND3X2M)                             0.11       0.49 f
  U_SYS_CTRL/U28/Y (NOR2X2M)                              0.27       0.76 r
  U_SYS_CTRL/U25/Y (INVX2M)                               0.10       0.87 f
  U_SYS_CTRL/U29/Y (NAND2X2M)                             0.10       0.96 r
  U_SYS_CTRL/ALU_EN (SYS_CTRL_test_1)                     0.00       0.96 r
  U_ALU/Enable (ALU_test_1)                               0.00       0.96 r
  U_ALU/U48/Y (INVX2M)                                    0.14       1.10 f
  U_ALU/U31/Y (NOR2BX2M)                                  0.21       1.31 r
  U_ALU/U35/Y (OAI2BB1X2M)                                0.16       1.47 r
  U_ALU/ALU_OUT_reg[12]/D (SDFFRQX2M)                     0.00       1.47 r
  data arrival time                                                  1.47

  clock ALU_CLK (rise edge)                              20.00      20.00
  clock network delay (ideal)                             0.00      20.00
  clock uncertainty                                      -0.20      19.80
  U_ALU/ALU_OUT_reg[12]/CK (SDFFRQX2M)                    0.00      19.80 r
  library setup time                                     -0.28      19.52
  data required time                                                19.52
  --------------------------------------------------------------------------
  data required time                                                19.52
  data arrival time                                                 -1.47
  --------------------------------------------------------------------------
  slack (MET)                                                       18.05


  Startpoint: U_ALU/OUT_Valid_reg
              (rising edge-triggered flip-flop clocked by ALU_CLK)
  Endpoint: U_ALU/ALU_OUT_reg[11]
            (rising edge-triggered flip-flop clocked by ALU_CLK)
  Path Group: ALU_CLK
  Path Type: max

  Point                                                   Incr       Path
  --------------------------------------------------------------------------
  clock ALU_CLK (rise edge)                               0.00       0.00
  clock network delay (ideal)                             0.00       0.00
  U_ALU/OUT_Valid_reg/CK (SDFFRQX1M)                      0.00       0.00 r
  U_ALU/OUT_Valid_reg/Q (SDFFRQX1M)                       0.38       0.38 r
  U_ALU/OUT_Valid (ALU_test_1)                            0.00       0.38 r
  U_SYS_CTRL/OUT_Valid (SYS_CTRL_test_1)                  0.00       0.38 r
  U_SYS_CTRL/U64/Y (NAND3X2M)                             0.11       0.49 f
  U_SYS_CTRL/U28/Y (NOR2X2M)                              0.27       0.76 r
  U_SYS_CTRL/U25/Y (INVX2M)                               0.10       0.87 f
  U_SYS_CTRL/U29/Y (NAND2X2M)                             0.10       0.96 r
  U_SYS_CTRL/ALU_EN (SYS_CTRL_test_1)                     0.00       0.96 r
  U_ALU/Enable (ALU_test_1)                               0.00       0.96 r
  U_ALU/U48/Y (INVX2M)                                    0.14       1.10 f
  U_ALU/U31/Y (NOR2BX2M)                                  0.21       1.31 r
  U_ALU/U34/Y (OAI2BB1X2M)                                0.16       1.47 r
  U_ALU/ALU_OUT_reg[11]/D (SDFFRQX2M)                     0.00       1.47 r
  data arrival time                                                  1.47

  clock ALU_CLK (rise edge)                              20.00      20.00
  clock network delay (ideal)                             0.00      20.00
  clock uncertainty                                      -0.20      19.80
  U_ALU/ALU_OUT_reg[11]/CK (SDFFRQX2M)                    0.00      19.80 r
  library setup time                                     -0.28      19.52
  data required time                                                19.52
  --------------------------------------------------------------------------
  data required time                                                19.52
  data arrival time                                                 -1.47
  --------------------------------------------------------------------------
  slack (MET)                                                       18.05


  Startpoint: U_ALU/OUT_Valid_reg
              (rising edge-triggered flip-flop clocked by ALU_CLK)
  Endpoint: U_ALU/ALU_OUT_reg[10]
            (rising edge-triggered flip-flop clocked by ALU_CLK)
  Path Group: ALU_CLK
  Path Type: max

  Point                                                   Incr       Path
  --------------------------------------------------------------------------
  clock ALU_CLK (rise edge)                               0.00       0.00
  clock network delay (ideal)                             0.00       0.00
  U_ALU/OUT_Valid_reg/CK (SDFFRQX1M)                      0.00       0.00 r
  U_ALU/OUT_Valid_reg/Q (SDFFRQX1M)                       0.38       0.38 r
  U_ALU/OUT_Valid (ALU_test_1)                            0.00       0.38 r
  U_SYS_CTRL/OUT_Valid (SYS_CTRL_test_1)                  0.00       0.38 r
  U_SYS_CTRL/U64/Y (NAND3X2M)                             0.11       0.49 f
  U_SYS_CTRL/U28/Y (NOR2X2M)                              0.27       0.76 r
  U_SYS_CTRL/U25/Y (INVX2M)                               0.10       0.87 f
  U_SYS_CTRL/U29/Y (NAND2X2M)                             0.10       0.96 r
  U_SYS_CTRL/ALU_EN (SYS_CTRL_test_1)                     0.00       0.96 r
  U_ALU/Enable (ALU_test_1)                               0.00       0.96 r
  U_ALU/U48/Y (INVX2M)                                    0.14       1.10 f
  U_ALU/U31/Y (NOR2BX2M)                                  0.21       1.31 r
  U_ALU/U33/Y (OAI2BB1X2M)                                0.16       1.47 r
  U_ALU/ALU_OUT_reg[10]/D (SDFFRQX2M)                     0.00       1.47 r
  data arrival time                                                  1.47

  clock ALU_CLK (rise edge)                              20.00      20.00
  clock network delay (ideal)                             0.00      20.00
  clock uncertainty                                      -0.20      19.80
  U_ALU/ALU_OUT_reg[10]/CK (SDFFRQX2M)                    0.00      19.80 r
  library setup time                                     -0.28      19.52
  data required time                                                19.52
  --------------------------------------------------------------------------
  data required time                                                19.52
  data arrival time                                                 -1.47
  --------------------------------------------------------------------------
  slack (MET)                                                       18.05


  Startpoint: U_ALU/OUT_Valid_reg
              (rising edge-triggered flip-flop clocked by ALU_CLK)
  Endpoint: U_ALU/ALU_OUT_reg[9]
            (rising edge-triggered flip-flop clocked by ALU_CLK)
  Path Group: ALU_CLK
  Path Type: max

  Point                                                   Incr       Path
  --------------------------------------------------------------------------
  clock ALU_CLK (rise edge)                               0.00       0.00
  clock network delay (ideal)                             0.00       0.00
  U_ALU/OUT_Valid_reg/CK (SDFFRQX1M)                      0.00       0.00 r
  U_ALU/OUT_Valid_reg/Q (SDFFRQX1M)                       0.38       0.38 r
  U_ALU/OUT_Valid (ALU_test_1)                            0.00       0.38 r
  U_SYS_CTRL/OUT_Valid (SYS_CTRL_test_1)                  0.00       0.38 r
  U_SYS_CTRL/U64/Y (NAND3X2M)                             0.11       0.49 f
  U_SYS_CTRL/U28/Y (NOR2X2M)                              0.27       0.76 r
  U_SYS_CTRL/U25/Y (INVX2M)                               0.10       0.87 f
  U_SYS_CTRL/U29/Y (NAND2X2M)                             0.10       0.96 r
  U_SYS_CTRL/ALU_EN (SYS_CTRL_test_1)                     0.00       0.96 r
  U_ALU/Enable (ALU_test_1)                               0.00       0.96 r
  U_ALU/U48/Y (INVX2M)                                    0.14       1.10 f
  U_ALU/U31/Y (NOR2BX2M)                                  0.21       1.31 r
  U_ALU/U32/Y (OAI2BB1X2M)                                0.16       1.47 r
  U_ALU/ALU_OUT_reg[9]/D (SDFFRQX2M)                      0.00       1.47 r
  data arrival time                                                  1.47

  clock ALU_CLK (rise edge)                              20.00      20.00
  clock network delay (ideal)                             0.00      20.00
  clock uncertainty                                      -0.20      19.80
  U_ALU/ALU_OUT_reg[9]/CK (SDFFRQX2M)                     0.00      19.80 r
  library setup time                                     -0.28      19.52
  data required time                                                19.52
  --------------------------------------------------------------------------
  data required time                                                19.52
  data arrival time                                                 -1.47
  --------------------------------------------------------------------------
  slack (MET)                                                       18.05


  Startpoint: U_ALU/OUT_Valid_reg
              (rising edge-triggered flip-flop clocked by ALU_CLK)
  Endpoint: U_ALU/ALU_OUT_reg[6]
            (rising edge-triggered flip-flop clocked by ALU_CLK)
  Path Group: ALU_CLK
  Path Type: max

  Point                                                   Incr       Path
  --------------------------------------------------------------------------
  clock ALU_CLK (rise edge)                               0.00       0.00
  clock network delay (ideal)                             0.00       0.00
  U_ALU/OUT_Valid_reg/CK (SDFFRQX1M)                      0.00       0.00 r
  U_ALU/OUT_Valid_reg/Q (SDFFRQX1M)                       0.38       0.38 r
  U_ALU/OUT_Valid (ALU_test_1)                            0.00       0.38 r
  U_SYS_CTRL/OUT_Valid (SYS_CTRL_test_1)                  0.00       0.38 r
  U_SYS_CTRL/U64/Y (NAND3X2M)                             0.11       0.49 f
  U_SYS_CTRL/U28/Y (NOR2X2M)                              0.27       0.76 r
  U_SYS_CTRL/U25/Y (INVX2M)                               0.10       0.87 f
  U_SYS_CTRL/U29/Y (NAND2X2M)                             0.10       0.96 r
  U_SYS_CTRL/ALU_EN (SYS_CTRL_test_1)                     0.00       0.96 r
  U_ALU/Enable (ALU_test_1)                               0.00       0.96 r
  U_ALU/U48/Y (INVX2M)                                    0.14       1.10 f
  U_ALU/U73/Y (AOI31X2M)                                  0.14       1.25 r
  U_ALU/ALU_OUT_reg[6]/D (SDFFRQX2M)                      0.00       1.25 r
  data arrival time                                                  1.25

  clock ALU_CLK (rise edge)                              20.00      20.00
  clock network delay (ideal)                             0.00      20.00
  clock uncertainty                                      -0.20      19.80
  U_ALU/ALU_OUT_reg[6]/CK (SDFFRQX2M)                     0.00      19.80 r
  library setup time                                     -0.29      19.51
  data required time                                                19.51
  --------------------------------------------------------------------------
  data required time                                                19.51
  data arrival time                                                 -1.25
  --------------------------------------------------------------------------
  slack (MET)                                                       18.26


  Startpoint: U_ALU/OUT_Valid_reg
              (rising edge-triggered flip-flop clocked by ALU_CLK)
  Endpoint: U_ALU/ALU_OUT_reg[5]
            (rising edge-triggered flip-flop clocked by ALU_CLK)
  Path Group: ALU_CLK
  Path Type: max

  Point                                                   Incr       Path
  --------------------------------------------------------------------------
  clock ALU_CLK (rise edge)                               0.00       0.00
  clock network delay (ideal)                             0.00       0.00
  U_ALU/OUT_Valid_reg/CK (SDFFRQX1M)                      0.00       0.00 r
  U_ALU/OUT_Valid_reg/Q (SDFFRQX1M)                       0.38       0.38 r
  U_ALU/OUT_Valid (ALU_test_1)                            0.00       0.38 r
  U_SYS_CTRL/OUT_Valid (SYS_CTRL_test_1)                  0.00       0.38 r
  U_SYS_CTRL/U64/Y (NAND3X2M)                             0.11       0.49 f
  U_SYS_CTRL/U28/Y (NOR2X2M)                              0.27       0.76 r
  U_SYS_CTRL/U25/Y (INVX2M)                               0.10       0.87 f
  U_SYS_CTRL/U29/Y (NAND2X2M)                             0.10       0.96 r
  U_SYS_CTRL/ALU_EN (SYS_CTRL_test_1)                     0.00       0.96 r
  U_ALU/Enable (ALU_test_1)                               0.00       0.96 r
  U_ALU/U48/Y (INVX2M)                                    0.14       1.10 f
  U_ALU/U69/Y (AOI31X2M)                                  0.14       1.25 r
  U_ALU/ALU_OUT_reg[5]/D (SDFFRQX2M)                      0.00       1.25 r
  data arrival time                                                  1.25

  clock ALU_CLK (rise edge)                              20.00      20.00
  clock network delay (ideal)                             0.00      20.00
  clock uncertainty                                      -0.20      19.80
  U_ALU/ALU_OUT_reg[5]/CK (SDFFRQX2M)                     0.00      19.80 r
  library setup time                                     -0.29      19.51
  data required time                                                19.51
  --------------------------------------------------------------------------
  data required time                                                19.51
  data arrival time                                                 -1.25
  --------------------------------------------------------------------------
  slack (MET)                                                       18.26


  Startpoint: U_ALU/OUT_Valid_reg
              (rising edge-triggered flip-flop clocked by ALU_CLK)
  Endpoint: U_ALU/ALU_OUT_reg[4]
            (rising edge-triggered flip-flop clocked by ALU_CLK)
  Path Group: ALU_CLK
  Path Type: max

  Point                                                   Incr       Path
  --------------------------------------------------------------------------
  clock ALU_CLK (rise edge)                               0.00       0.00
  clock network delay (ideal)                             0.00       0.00
  U_ALU/OUT_Valid_reg/CK (SDFFRQX1M)                      0.00       0.00 r
  U_ALU/OUT_Valid_reg/Q (SDFFRQX1M)                       0.38       0.38 r
  U_ALU/OUT_Valid (ALU_test_1)                            0.00       0.38 r
  U_SYS_CTRL/OUT_Valid (SYS_CTRL_test_1)                  0.00       0.38 r
  U_SYS_CTRL/U64/Y (NAND3X2M)                             0.11       0.49 f
  U_SYS_CTRL/U28/Y (NOR2X2M)                              0.27       0.76 r
  U_SYS_CTRL/U25/Y (INVX2M)                               0.10       0.87 f
  U_SYS_CTRL/U29/Y (NAND2X2M)                             0.10       0.96 r
  U_SYS_CTRL/ALU_EN (SYS_CTRL_test_1)                     0.00       0.96 r
  U_ALU/Enable (ALU_test_1)                               0.00       0.96 r
  U_ALU/U48/Y (INVX2M)                                    0.14       1.10 f
  U_ALU/U65/Y (AOI31X2M)                                  0.14       1.25 r
  U_ALU/ALU_OUT_reg[4]/D (SDFFRQX2M)                      0.00       1.25 r
  data arrival time                                                  1.25

  clock ALU_CLK (rise edge)                              20.00      20.00
  clock network delay (ideal)                             0.00      20.00
  clock uncertainty                                      -0.20      19.80
  U_ALU/ALU_OUT_reg[4]/CK (SDFFRQX2M)                     0.00      19.80 r
  library setup time                                     -0.29      19.51
  data required time                                                19.51
  --------------------------------------------------------------------------
  data required time                                                19.51
  data arrival time                                                 -1.25
  --------------------------------------------------------------------------
  slack (MET)                                                       18.26


  Startpoint: U_ALU/OUT_Valid_reg
              (rising edge-triggered flip-flop clocked by ALU_CLK)
  Endpoint: U_ALU/ALU_OUT_reg[3]
            (rising edge-triggered flip-flop clocked by ALU_CLK)
  Path Group: ALU_CLK
  Path Type: max

  Point                                                   Incr       Path
  --------------------------------------------------------------------------
  clock ALU_CLK (rise edge)                               0.00       0.00
  clock network delay (ideal)                             0.00       0.00
  U_ALU/OUT_Valid_reg/CK (SDFFRQX1M)                      0.00       0.00 r
  U_ALU/OUT_Valid_reg/Q (SDFFRQX1M)                       0.38       0.38 r
  U_ALU/OUT_Valid (ALU_test_1)                            0.00       0.38 r
  U_SYS_CTRL/OUT_Valid (SYS_CTRL_test_1)                  0.00       0.38 r
  U_SYS_CTRL/U64/Y (NAND3X2M)                             0.11       0.49 f
  U_SYS_CTRL/U28/Y (NOR2X2M)                              0.27       0.76 r
  U_SYS_CTRL/U25/Y (INVX2M)                               0.10       0.87 f
  U_SYS_CTRL/U29/Y (NAND2X2M)                             0.10       0.96 r
  U_SYS_CTRL/ALU_EN (SYS_CTRL_test_1)                     0.00       0.96 r
  U_ALU/Enable (ALU_test_1)                               0.00       0.96 r
  U_ALU/U48/Y (INVX2M)                                    0.14       1.10 f
  U_ALU/U81/Y (AOI31X2M)                                  0.14       1.25 r
  U_ALU/ALU_OUT_reg[3]/D (SDFFRQX2M)                      0.00       1.25 r
  data arrival time                                                  1.25

  clock ALU_CLK (rise edge)                              20.00      20.00
  clock network delay (ideal)                             0.00      20.00
  clock uncertainty                                      -0.20      19.80
  U_ALU/ALU_OUT_reg[3]/CK (SDFFRQX2M)                     0.00      19.80 r
  library setup time                                     -0.29      19.51
  data required time                                                19.51
  --------------------------------------------------------------------------
  data required time                                                19.51
  data arrival time                                                 -1.25
  --------------------------------------------------------------------------
  slack (MET)                                                       18.26


  Startpoint: U_ALU/OUT_Valid_reg
              (rising edge-triggered flip-flop clocked by ALU_CLK)
  Endpoint: U_ALU/ALU_OUT_reg[2]
            (rising edge-triggered flip-flop clocked by ALU_CLK)
  Path Group: ALU_CLK
  Path Type: max

  Point                                                   Incr       Path
  --------------------------------------------------------------------------
  clock ALU_CLK (rise edge)                               0.00       0.00
  clock network delay (ideal)                             0.00       0.00
  U_ALU/OUT_Valid_reg/CK (SDFFRQX1M)                      0.00       0.00 r
  U_ALU/OUT_Valid_reg/Q (SDFFRQX1M)                       0.38       0.38 r
  U_ALU/OUT_Valid (ALU_test_1)                            0.00       0.38 r
  U_SYS_CTRL/OUT_Valid (SYS_CTRL_test_1)                  0.00       0.38 r
  U_SYS_CTRL/U64/Y (NAND3X2M)                             0.11       0.49 f
  U_SYS_CTRL/U28/Y (NOR2X2M)                              0.27       0.76 r
  U_SYS_CTRL/U25/Y (INVX2M)                               0.10       0.87 f
  U_SYS_CTRL/U29/Y (NAND2X2M)                             0.10       0.96 r
  U_SYS_CTRL/ALU_EN (SYS_CTRL_test_1)                     0.00       0.96 r
  U_ALU/Enable (ALU_test_1)                               0.00       0.96 r
  U_ALU/U48/Y (INVX2M)                                    0.14       1.10 f
  U_ALU/U77/Y (AOI31X2M)                                  0.14       1.25 r
  U_ALU/ALU_OUT_reg[2]/D (SDFFRQX2M)                      0.00       1.25 r
  data arrival time                                                  1.25

  clock ALU_CLK (rise edge)                              20.00      20.00
  clock network delay (ideal)                             0.00      20.00
  clock uncertainty                                      -0.20      19.80
  U_ALU/ALU_OUT_reg[2]/CK (SDFFRQX2M)                     0.00      19.80 r
  library setup time                                     -0.29      19.51
  data required time                                                19.51
  --------------------------------------------------------------------------
  data required time                                                19.51
  data arrival time                                                 -1.25
  --------------------------------------------------------------------------
  slack (MET)                                                       18.26


  Startpoint: U_ALU/OUT_Valid_reg
              (rising edge-triggered flip-flop clocked by ALU_CLK)
  Endpoint: U_ALU/ALU_OUT_reg[7]
            (rising edge-triggered flip-flop clocked by ALU_CLK)
  Path Group: ALU_CLK
  Path Type: max

  Point                                                   Incr       Path
  --------------------------------------------------------------------------
  clock ALU_CLK (rise edge)                               0.00       0.00
  clock network delay (ideal)                             0.00       0.00
  U_ALU/OUT_Valid_reg/CK (SDFFRQX1M)                      0.00       0.00 r
  U_ALU/OUT_Valid_reg/Q (SDFFRQX1M)                       0.38       0.38 r
  U_ALU/OUT_Valid (ALU_test_1)                            0.00       0.38 r
  U_SYS_CTRL/OUT_Valid (SYS_CTRL_test_1)                  0.00       0.38 r
  U_SYS_CTRL/U64/Y (NAND3X2M)                             0.11       0.49 f
  U_SYS_CTRL/U28/Y (NOR2X2M)                              0.27       0.76 r
  U_SYS_CTRL/U25/Y (INVX2M)                               0.10       0.87 f
  U_SYS_CTRL/U29/Y (NAND2X2M)                             0.10       0.96 r
  U_SYS_CTRL/ALU_EN (SYS_CTRL_test_1)                     0.00       0.96 r
  U_ALU/Enable (ALU_test_1)                               0.00       0.96 r
  U_ALU/U48/Y (INVX2M)                                    0.14       1.10 f
  U_ALU/U93/Y (AOI31X2M)                                  0.14       1.25 r
  U_ALU/ALU_OUT_reg[7]/D (SDFFRQX2M)                      0.00       1.25 r
  data arrival time                                                  1.25

  clock ALU_CLK (rise edge)                              20.00      20.00
  clock network delay (ideal)                             0.00      20.00
  clock uncertainty                                      -0.20      19.80
  U_ALU/ALU_OUT_reg[7]/CK (SDFFRQX2M)                     0.00      19.80 r
  library setup time                                     -0.29      19.51
  data required time                                                19.51
  --------------------------------------------------------------------------
  data required time                                                19.51
  data arrival time                                                 -1.25
  --------------------------------------------------------------------------
  slack (MET)                                                       18.26


  Startpoint: U_ALU/OUT_Valid_reg
              (rising edge-triggered flip-flop clocked by ALU_CLK)
  Endpoint: U_ALU/ALU_OUT_reg[1]
            (rising edge-triggered flip-flop clocked by ALU_CLK)
  Path Group: ALU_CLK
  Path Type: max

  Point                                                   Incr       Path
  --------------------------------------------------------------------------
  clock ALU_CLK (rise edge)                               0.00       0.00
  clock network delay (ideal)                             0.00       0.00
  U_ALU/OUT_Valid_reg/CK (SDFFRQX1M)                      0.00       0.00 r
  U_ALU/OUT_Valid_reg/Q (SDFFRQX1M)                       0.38       0.38 r
  U_ALU/OUT_Valid (ALU_test_1)                            0.00       0.38 r
  U_SYS_CTRL/OUT_Valid (SYS_CTRL_test_1)                  0.00       0.38 r
  U_SYS_CTRL/U64/Y (NAND3X2M)                             0.11       0.49 f
  U_SYS_CTRL/U28/Y (NOR2X2M)                              0.27       0.76 r
  U_SYS_CTRL/U25/Y (INVX2M)                               0.10       0.87 f
  U_SYS_CTRL/U29/Y (NAND2X2M)                             0.10       0.96 r
  U_SYS_CTRL/ALU_EN (SYS_CTRL_test_1)                     0.00       0.96 r
  U_ALU/Enable (ALU_test_1)                               0.00       0.96 r
  U_ALU/U48/Y (INVX2M)                                    0.14       1.10 f
  U_ALU/U89/Y (AOI31X2M)                                  0.14       1.25 r
  U_ALU/ALU_OUT_reg[1]/D (SDFFRQX2M)                      0.00       1.25 r
  data arrival time                                                  1.25

  clock ALU_CLK (rise edge)                              20.00      20.00
  clock network delay (ideal)                             0.00      20.00
  clock uncertainty                                      -0.20      19.80
  U_ALU/ALU_OUT_reg[1]/CK (SDFFRQX2M)                     0.00      19.80 r
  library setup time                                     -0.29      19.51
  data required time                                                19.51
  --------------------------------------------------------------------------
  data required time                                                19.51
  data arrival time                                                 -1.25
  --------------------------------------------------------------------------
  slack (MET)                                                       18.26


  Startpoint: U_ALU/OUT_Valid_reg
              (rising edge-triggered flip-flop clocked by ALU_CLK)
  Endpoint: U_ALU/ALU_OUT_reg[0]
            (rising edge-triggered flip-flop clocked by ALU_CLK)
  Path Group: ALU_CLK
  Path Type: max

  Point                                                   Incr       Path
  --------------------------------------------------------------------------
  clock ALU_CLK (rise edge)                               0.00       0.00
  clock network delay (ideal)                             0.00       0.00
  U_ALU/OUT_Valid_reg/CK (SDFFRQX1M)                      0.00       0.00 r
  U_ALU/OUT_Valid_reg/Q (SDFFRQX1M)                       0.38       0.38 r
  U_ALU/OUT_Valid (ALU_test_1)                            0.00       0.38 r
  U_SYS_CTRL/OUT_Valid (SYS_CTRL_test_1)                  0.00       0.38 r
  U_SYS_CTRL/U64/Y (NAND3X2M)                             0.11       0.49 f
  U_SYS_CTRL/U28/Y (NOR2X2M)                              0.27       0.76 r
  U_SYS_CTRL/U25/Y (INVX2M)                               0.10       0.87 f
  U_SYS_CTRL/U29/Y (NAND2X2M)                             0.10       0.96 r
  U_SYS_CTRL/ALU_EN (SYS_CTRL_test_1)                     0.00       0.96 r
  U_ALU/Enable (ALU_test_1)                               0.00       0.96 r
  U_ALU/U48/Y (INVX2M)                                    0.14       1.10 f
  U_ALU/U85/Y (AOI31X2M)                                  0.14       1.25 r
  U_ALU/ALU_OUT_reg[0]/D (SDFFRQX2M)                      0.00       1.25 r
  data arrival time                                                  1.25

  clock ALU_CLK (rise edge)                              20.00      20.00
  clock network delay (ideal)                             0.00      20.00
  clock uncertainty                                      -0.20      19.80
  U_ALU/ALU_OUT_reg[0]/CK (SDFFRQX2M)                     0.00      19.80 r
  library setup time                                     -0.29      19.51
  data required time                                                19.51
  --------------------------------------------------------------------------
  data required time                                                19.51
  data arrival time                                                 -1.25
  --------------------------------------------------------------------------
  slack (MET)                                                       18.26


  Startpoint: U_ALU/OUT_Valid_reg
              (rising edge-triggered flip-flop clocked by ALU_CLK)
  Endpoint: U_ALU/ALU_OUT_reg[8]
            (rising edge-triggered flip-flop clocked by ALU_CLK)
  Path Group: ALU_CLK
  Path Type: max

  Point                                                   Incr       Path
  --------------------------------------------------------------------------
  clock ALU_CLK (rise edge)                               0.00       0.00
  clock network delay (ideal)                             0.00       0.00
  U_ALU/OUT_Valid_reg/CK (SDFFRQX1M)                      0.00       0.00 r
  U_ALU/OUT_Valid_reg/Q (SDFFRQX1M)                       0.38       0.38 r
  U_ALU/OUT_Valid (ALU_test_1)                            0.00       0.38 r
  U_SYS_CTRL/OUT_Valid (SYS_CTRL_test_1)                  0.00       0.38 r
  U_SYS_CTRL/U64/Y (NAND3X2M)                             0.11       0.49 f
  U_SYS_CTRL/U28/Y (NOR2X2M)                              0.27       0.76 r
  U_SYS_CTRL/U25/Y (INVX2M)                               0.10       0.87 f
  U_SYS_CTRL/U29/Y (NAND2X2M)                             0.10       0.96 r
  U_SYS_CTRL/ALU_EN (SYS_CTRL_test_1)                     0.00       0.96 r
  U_ALU/Enable (ALU_test_1)                               0.00       0.96 r
  U_ALU/U48/Y (INVX2M)                                    0.14       1.10 f
  U_ALU/U97/Y (AOI21X2M)                                  0.12       1.23 r
  U_ALU/ALU_OUT_reg[8]/D (SDFFRQX2M)                      0.00       1.23 r
  data arrival time                                                  1.23

  clock ALU_CLK (rise edge)                              20.00      20.00
  clock network delay (ideal)                             0.00      20.00
  clock uncertainty                                      -0.20      19.80
  U_ALU/ALU_OUT_reg[8]/CK (SDFFRQX2M)                     0.00      19.80 r
  library setup time                                     -0.29      19.51
  data required time                                                19.51
  --------------------------------------------------------------------------
  data required time                                                19.51
  data arrival time                                                 -1.23
  --------------------------------------------------------------------------
  slack (MET)                                                       18.29


  Startpoint: U_ALU/OUT_Valid_reg
              (rising edge-triggered flip-flop clocked by ALU_CLK)
  Endpoint: U_ALU/OUT_Valid_reg
            (rising edge-triggered flip-flop clocked by ALU_CLK)
  Path Group: ALU_CLK
  Path Type: max

  Point                                                   Incr       Path
  --------------------------------------------------------------------------
  clock ALU_CLK (rise edge)                               0.00       0.00
  clock network delay (ideal)                             0.00       0.00
  U_ALU/OUT_Valid_reg/CK (SDFFRQX1M)                      0.00       0.00 r
  U_ALU/OUT_Valid_reg/Q (SDFFRQX1M)                       0.38       0.38 r
  U_ALU/OUT_Valid (ALU_test_1)                            0.00       0.38 r
  U_SYS_CTRL/OUT_Valid (SYS_CTRL_test_1)                  0.00       0.38 r
  U_SYS_CTRL/U64/Y (NAND3X2M)                             0.11       0.49 f
  U_SYS_CTRL/U28/Y (NOR2X2M)                              0.27       0.76 r
  U_SYS_CTRL/U25/Y (INVX2M)                               0.10       0.87 f
  U_SYS_CTRL/U29/Y (NAND2X2M)                             0.10       0.96 r
  U_SYS_CTRL/ALU_EN (SYS_CTRL_test_1)                     0.00       0.96 r
  U_ALU/Enable (ALU_test_1)                               0.00       0.96 r
  U_ALU/OUT_Valid_reg/D (SDFFRQX1M)                       0.00       0.96 r
  data arrival time                                                  0.96

  clock ALU_CLK (rise edge)                              20.00      20.00
  clock network delay (ideal)                             0.00      20.00
  clock uncertainty                                      -0.20      19.80
  U_ALU/OUT_Valid_reg/CK (SDFFRQX1M)                      0.00      19.80 r
  library setup time                                     -0.30      19.50
  data required time                                                19.50
  --------------------------------------------------------------------------
  data required time                                                19.50
  data arrival time                                                 -0.96
  --------------------------------------------------------------------------
  slack (MET)                                                       18.54


  Startpoint: U_ALU/ALU_OUT_reg[14]
              (rising edge-triggered flip-flop clocked by ALU_CLK)
  Endpoint: U_ALU/ALU_OUT_reg[15]
            (rising edge-triggered flip-flop clocked by ALU_CLK)
  Path Group: ALU_CLK
  Path Type: max

  Point                                                   Incr       Path
  --------------------------------------------------------------------------
  clock ALU_CLK (rise edge)                               0.00       0.00
  clock network delay (ideal)                             0.00       0.00
  U_ALU/ALU_OUT_reg[14]/CK (SDFFRQX2M)                    0.00       0.00 r
  U_ALU/ALU_OUT_reg[14]/Q (SDFFRQX2M)                     0.42       0.42 f
  U_ALU/ALU_OUT_reg[15]/SI (SDFFRQX2M)                    0.00       0.42 f
  data arrival time                                                  0.42

  clock ALU_CLK (rise edge)                              20.00      20.00
  clock network delay (ideal)                             0.00      20.00
  clock uncertainty                                      -0.20      19.80
  U_ALU/ALU_OUT_reg[15]/CK (SDFFRQX2M)                    0.00      19.80 r
  library setup time                                     -0.52      19.28
  data required time                                                19.28
  --------------------------------------------------------------------------
  data required time                                                19.28
  data arrival time                                                 -0.42
  --------------------------------------------------------------------------
  slack (MET)                                                       18.86


  Startpoint: U_ALU/ALU_OUT_reg[13]
              (rising edge-triggered flip-flop clocked by ALU_CLK)
  Endpoint: U_ALU/ALU_OUT_reg[14]
            (rising edge-triggered flip-flop clocked by ALU_CLK)
  Path Group: ALU_CLK
  Path Type: max

  Point                                                   Incr       Path
  --------------------------------------------------------------------------
  clock ALU_CLK (rise edge)                               0.00       0.00
  clock network delay (ideal)                             0.00       0.00
  U_ALU/ALU_OUT_reg[13]/CK (SDFFRQX2M)                    0.00       0.00 r
  U_ALU/ALU_OUT_reg[13]/Q (SDFFRQX2M)                     0.42       0.42 f
  U_ALU/ALU_OUT_reg[14]/SI (SDFFRQX2M)                    0.00       0.42 f
  data arrival time                                                  0.42

  clock ALU_CLK (rise edge)                              20.00      20.00
  clock network delay (ideal)                             0.00      20.00
  clock uncertainty                                      -0.20      19.80
  U_ALU/ALU_OUT_reg[14]/CK (SDFFRQX2M)                    0.00      19.80 r
  library setup time                                     -0.52      19.28
  data required time                                                19.28
  --------------------------------------------------------------------------
  data required time                                                19.28
  data arrival time                                                 -0.42
  --------------------------------------------------------------------------
  slack (MET)                                                       18.86


  Startpoint: U_ALU/ALU_OUT_reg[12]
              (rising edge-triggered flip-flop clocked by ALU_CLK)
  Endpoint: U_ALU/ALU_OUT_reg[13]
            (rising edge-triggered flip-flop clocked by ALU_CLK)
  Path Group: ALU_CLK
  Path Type: max

  Point                                                   Incr       Path
  --------------------------------------------------------------------------
  clock ALU_CLK (rise edge)                               0.00       0.00
  clock network delay (ideal)                             0.00       0.00
  U_ALU/ALU_OUT_reg[12]/CK (SDFFRQX2M)                    0.00       0.00 r
  U_ALU/ALU_OUT_reg[12]/Q (SDFFRQX2M)                     0.42       0.42 f
  U_ALU/ALU_OUT_reg[13]/SI (SDFFRQX2M)                    0.00       0.42 f
  data arrival time                                                  0.42

  clock ALU_CLK (rise edge)                              20.00      20.00
  clock network delay (ideal)                             0.00      20.00
  clock uncertainty                                      -0.20      19.80
  U_ALU/ALU_OUT_reg[13]/CK (SDFFRQX2M)                    0.00      19.80 r
  library setup time                                     -0.52      19.28
  data required time                                                19.28
  --------------------------------------------------------------------------
  data required time                                                19.28
  data arrival time                                                 -0.42
  --------------------------------------------------------------------------
  slack (MET)                                                       18.86


  Startpoint: U_ALU/ALU_OUT_reg[11]
              (rising edge-triggered flip-flop clocked by ALU_CLK)
  Endpoint: U_ALU/ALU_OUT_reg[12]
            (rising edge-triggered flip-flop clocked by ALU_CLK)
  Path Group: ALU_CLK
  Path Type: max

  Point                                                   Incr       Path
  --------------------------------------------------------------------------
  clock ALU_CLK (rise edge)                               0.00       0.00
  clock network delay (ideal)                             0.00       0.00
  U_ALU/ALU_OUT_reg[11]/CK (SDFFRQX2M)                    0.00       0.00 r
  U_ALU/ALU_OUT_reg[11]/Q (SDFFRQX2M)                     0.42       0.42 f
  U_ALU/ALU_OUT_reg[12]/SI (SDFFRQX2M)                    0.00       0.42 f
  data arrival time                                                  0.42

  clock ALU_CLK (rise edge)                              20.00      20.00
  clock network delay (ideal)                             0.00      20.00
  clock uncertainty                                      -0.20      19.80
  U_ALU/ALU_OUT_reg[12]/CK (SDFFRQX2M)                    0.00      19.80 r
  library setup time                                     -0.52      19.28
  data required time                                                19.28
  --------------------------------------------------------------------------
  data required time                                                19.28
  data arrival time                                                 -0.42
  --------------------------------------------------------------------------
  slack (MET)                                                       18.86


  Startpoint: U_ALU/ALU_OUT_reg[10]
              (rising edge-triggered flip-flop clocked by ALU_CLK)
  Endpoint: U_ALU/ALU_OUT_reg[11]
            (rising edge-triggered flip-flop clocked by ALU_CLK)
  Path Group: ALU_CLK
  Path Type: max

  Point                                                   Incr       Path
  --------------------------------------------------------------------------
  clock ALU_CLK (rise edge)                               0.00       0.00
  clock network delay (ideal)                             0.00       0.00
  U_ALU/ALU_OUT_reg[10]/CK (SDFFRQX2M)                    0.00       0.00 r
  U_ALU/ALU_OUT_reg[10]/Q (SDFFRQX2M)                     0.42       0.42 f
  U_ALU/ALU_OUT_reg[11]/SI (SDFFRQX2M)                    0.00       0.42 f
  data arrival time                                                  0.42

  clock ALU_CLK (rise edge)                              20.00      20.00
  clock network delay (ideal)                             0.00      20.00
  clock uncertainty                                      -0.20      19.80
  U_ALU/ALU_OUT_reg[11]/CK (SDFFRQX2M)                    0.00      19.80 r
  library setup time                                     -0.52      19.28
  data required time                                                19.28
  --------------------------------------------------------------------------
  data required time                                                19.28
  data arrival time                                                 -0.42
  --------------------------------------------------------------------------
  slack (MET)                                                       18.86


  Startpoint: U_ALU/ALU_OUT_reg[9]
              (rising edge-triggered flip-flop clocked by ALU_CLK)
  Endpoint: U_ALU/ALU_OUT_reg[10]
            (rising edge-triggered flip-flop clocked by ALU_CLK)
  Path Group: ALU_CLK
  Path Type: max

  Point                                                   Incr       Path
  --------------------------------------------------------------------------
  clock ALU_CLK (rise edge)                               0.00       0.00
  clock network delay (ideal)                             0.00       0.00
  U_ALU/ALU_OUT_reg[9]/CK (SDFFRQX2M)                     0.00       0.00 r
  U_ALU/ALU_OUT_reg[9]/Q (SDFFRQX2M)                      0.42       0.42 f
  U_ALU/ALU_OUT_reg[10]/SI (SDFFRQX2M)                    0.00       0.42 f
  data arrival time                                                  0.42

  clock ALU_CLK (rise edge)                              20.00      20.00
  clock network delay (ideal)                             0.00      20.00
  clock uncertainty                                      -0.20      19.80
  U_ALU/ALU_OUT_reg[10]/CK (SDFFRQX2M)                    0.00      19.80 r
  library setup time                                     -0.52      19.28
  data required time                                                19.28
  --------------------------------------------------------------------------
  data required time                                                19.28
  data arrival time                                                 -0.42
  --------------------------------------------------------------------------
  slack (MET)                                                       18.86


  Startpoint: U_ALU/ALU_OUT_reg[8]
              (rising edge-triggered flip-flop clocked by ALU_CLK)
  Endpoint: U_ALU/ALU_OUT_reg[9]
            (rising edge-triggered flip-flop clocked by ALU_CLK)
  Path Group: ALU_CLK
  Path Type: max

  Point                                    Incr       Path
  -----------------------------------------------------------
  clock ALU_CLK (rise edge)                0.00       0.00
  clock network delay (ideal)              0.00       0.00
  U_ALU/ALU_OUT_reg[8]/CK (SDFFRQX2M)      0.00       0.00 r
  U_ALU/ALU_OUT_reg[8]/Q (SDFFRQX2M)       0.42       0.42 f
  U_ALU/ALU_OUT_reg[9]/SI (SDFFRQX2M)      0.00       0.42 f
  data arrival time                                   0.42

  clock ALU_CLK (rise edge)               20.00      20.00
  clock network delay (ideal)              0.00      20.00
  clock uncertainty                       -0.20      19.80
  U_ALU/ALU_OUT_reg[9]/CK (SDFFRQX2M)      0.00      19.80 r
  library setup time                      -0.52      19.28
  data required time                                 19.28
  -----------------------------------------------------------
  data required time                                 19.28
  data arrival time                                  -0.42
  -----------------------------------------------------------
  slack (MET)                                        18.86


  Startpoint: U_ALU/ALU_OUT_reg[6]
              (rising edge-triggered flip-flop clocked by ALU_CLK)
  Endpoint: U_ALU/ALU_OUT_reg[7]
            (rising edge-triggered flip-flop clocked by ALU_CLK)
  Path Group: ALU_CLK
  Path Type: max

  Point                                    Incr       Path
  -----------------------------------------------------------
  clock ALU_CLK (rise edge)                0.00       0.00
  clock network delay (ideal)              0.00       0.00
  U_ALU/ALU_OUT_reg[6]/CK (SDFFRQX2M)      0.00       0.00 r
  U_ALU/ALU_OUT_reg[6]/Q (SDFFRQX2M)       0.42       0.42 f
  U_ALU/ALU_OUT_reg[7]/SI (SDFFRQX2M)      0.00       0.42 f
  data arrival time                                   0.42

  clock ALU_CLK (rise edge)               20.00      20.00
  clock network delay (ideal)              0.00      20.00
  clock uncertainty                       -0.20      19.80
  U_ALU/ALU_OUT_reg[7]/CK (SDFFRQX2M)      0.00      19.80 r
  library setup time                      -0.52      19.28
  data required time                                 19.28
  -----------------------------------------------------------
  data required time                                 19.28
  data arrival time                                  -0.42
  -----------------------------------------------------------
  slack (MET)                                        18.87


  Startpoint: U_ALU/ALU_OUT_reg[5]
              (rising edge-triggered flip-flop clocked by ALU_CLK)
  Endpoint: U_ALU/ALU_OUT_reg[6]
            (rising edge-triggered flip-flop clocked by ALU_CLK)
  Path Group: ALU_CLK
  Path Type: max

  Point                                    Incr       Path
  -----------------------------------------------------------
  clock ALU_CLK (rise edge)                0.00       0.00
  clock network delay (ideal)              0.00       0.00
  U_ALU/ALU_OUT_reg[5]/CK (SDFFRQX2M)      0.00       0.00 r
  U_ALU/ALU_OUT_reg[5]/Q (SDFFRQX2M)       0.42       0.42 f
  U_ALU/ALU_OUT_reg[6]/SI (SDFFRQX2M)      0.00       0.42 f
  data arrival time                                   0.42

  clock ALU_CLK (rise edge)               20.00      20.00
  clock network delay (ideal)              0.00      20.00
  clock uncertainty                       -0.20      19.80
  U_ALU/ALU_OUT_reg[6]/CK (SDFFRQX2M)      0.00      19.80 r
  library setup time                      -0.52      19.28
  data required time                                 19.28
  -----------------------------------------------------------
  data required time                                 19.28
  data arrival time                                  -0.42
  -----------------------------------------------------------
  slack (MET)                                        18.87


  Startpoint: U_ALU/ALU_OUT_reg[4]
              (rising edge-triggered flip-flop clocked by ALU_CLK)
  Endpoint: U_ALU/ALU_OUT_reg[5]
            (rising edge-triggered flip-flop clocked by ALU_CLK)
  Path Group: ALU_CLK
  Path Type: max

  Point                                    Incr       Path
  -----------------------------------------------------------
  clock ALU_CLK (rise edge)                0.00       0.00
  clock network delay (ideal)              0.00       0.00
  U_ALU/ALU_OUT_reg[4]/CK (SDFFRQX2M)      0.00       0.00 r
  U_ALU/ALU_OUT_reg[4]/Q (SDFFRQX2M)       0.42       0.42 f
  U_ALU/ALU_OUT_reg[5]/SI (SDFFRQX2M)      0.00       0.42 f
  data arrival time                                   0.42

  clock ALU_CLK (rise edge)               20.00      20.00
  clock network delay (ideal)              0.00      20.00
  clock uncertainty                       -0.20      19.80
  U_ALU/ALU_OUT_reg[5]/CK (SDFFRQX2M)      0.00      19.80 r
  library setup time                      -0.52      19.28
  data required time                                 19.28
  -----------------------------------------------------------
  data required time                                 19.28
  data arrival time                                  -0.42
  -----------------------------------------------------------
  slack (MET)                                        18.87


  Startpoint: U_ALU/ALU_OUT_reg[3]
              (rising edge-triggered flip-flop clocked by ALU_CLK)
  Endpoint: U_ALU/ALU_OUT_reg[4]
            (rising edge-triggered flip-flop clocked by ALU_CLK)
  Path Group: ALU_CLK
  Path Type: max

  Point                                    Incr       Path
  -----------------------------------------------------------
  clock ALU_CLK (rise edge)                0.00       0.00
  clock network delay (ideal)              0.00       0.00
  U_ALU/ALU_OUT_reg[3]/CK (SDFFRQX2M)      0.00       0.00 r
  U_ALU/ALU_OUT_reg[3]/Q (SDFFRQX2M)       0.42       0.42 f
  U_ALU/ALU_OUT_reg[4]/SI (SDFFRQX2M)      0.00       0.42 f
  data arrival time                                   0.42

  clock ALU_CLK (rise edge)               20.00      20.00
  clock network delay (ideal)              0.00      20.00
  clock uncertainty                       -0.20      19.80
  U_ALU/ALU_OUT_reg[4]/CK (SDFFRQX2M)      0.00      19.80 r
  library setup time                      -0.52      19.28
  data required time                                 19.28
  -----------------------------------------------------------
  data required time                                 19.28
  data arrival time                                  -0.42
  -----------------------------------------------------------
  slack (MET)                                        18.87


  Startpoint: U_ALU/ALU_OUT_reg[2]
              (rising edge-triggered flip-flop clocked by ALU_CLK)
  Endpoint: U_ALU/ALU_OUT_reg[3]
            (rising edge-triggered flip-flop clocked by ALU_CLK)
  Path Group: ALU_CLK
  Path Type: max

  Point                                    Incr       Path
  -----------------------------------------------------------
  clock ALU_CLK (rise edge)                0.00       0.00
  clock network delay (ideal)              0.00       0.00
  U_ALU/ALU_OUT_reg[2]/CK (SDFFRQX2M)      0.00       0.00 r
  U_ALU/ALU_OUT_reg[2]/Q (SDFFRQX2M)       0.42       0.42 f
  U_ALU/ALU_OUT_reg[3]/SI (SDFFRQX2M)      0.00       0.42 f
  data arrival time                                   0.42

  clock ALU_CLK (rise edge)               20.00      20.00
  clock network delay (ideal)              0.00      20.00
  clock uncertainty                       -0.20      19.80
  U_ALU/ALU_OUT_reg[3]/CK (SDFFRQX2M)      0.00      19.80 r
  library setup time                      -0.52      19.28
  data required time                                 19.28
  -----------------------------------------------------------
  data required time                                 19.28
  data arrival time                                  -0.42
  -----------------------------------------------------------
  slack (MET)                                        18.87


  Startpoint: U_ALU/ALU_OUT_reg[1]
              (rising edge-triggered flip-flop clocked by ALU_CLK)
  Endpoint: U_ALU/ALU_OUT_reg[2]
            (rising edge-triggered flip-flop clocked by ALU_CLK)
  Path Group: ALU_CLK
  Path Type: max

  Point                                    Incr       Path
  -----------------------------------------------------------
  clock ALU_CLK (rise edge)                0.00       0.00
  clock network delay (ideal)              0.00       0.00
  U_ALU/ALU_OUT_reg[1]/CK (SDFFRQX2M)      0.00       0.00 r
  U_ALU/ALU_OUT_reg[1]/Q (SDFFRQX2M)       0.42       0.42 f
  U_ALU/ALU_OUT_reg[2]/SI (SDFFRQX2M)      0.00       0.42 f
  data arrival time                                   0.42

  clock ALU_CLK (rise edge)               20.00      20.00
  clock network delay (ideal)              0.00      20.00
  clock uncertainty                       -0.20      19.80
  U_ALU/ALU_OUT_reg[2]/CK (SDFFRQX2M)      0.00      19.80 r
  library setup time                      -0.52      19.28
  data required time                                 19.28
  -----------------------------------------------------------
  data required time                                 19.28
  data arrival time                                  -0.42
  -----------------------------------------------------------
  slack (MET)                                        18.87


  Startpoint: U_ALU/ALU_OUT_reg[0]
              (rising edge-triggered flip-flop clocked by ALU_CLK)
  Endpoint: U_ALU/ALU_OUT_reg[1]
            (rising edge-triggered flip-flop clocked by ALU_CLK)
  Path Group: ALU_CLK
  Path Type: max

  Point                                    Incr       Path
  -----------------------------------------------------------
  clock ALU_CLK (rise edge)                0.00       0.00
  clock network delay (ideal)              0.00       0.00
  U_ALU/ALU_OUT_reg[0]/CK (SDFFRQX2M)      0.00       0.00 r
  U_ALU/ALU_OUT_reg[0]/Q (SDFFRQX2M)       0.42       0.42 f
  U_ALU/ALU_OUT_reg[1]/SI (SDFFRQX2M)      0.00       0.42 f
  data arrival time                                   0.42

  clock ALU_CLK (rise edge)               20.00      20.00
  clock network delay (ideal)              0.00      20.00
  clock uncertainty                       -0.20      19.80
  U_ALU/ALU_OUT_reg[1]/CK (SDFFRQX2M)      0.00      19.80 r
  library setup time                      -0.52      19.28
  data required time                                 19.28
  -----------------------------------------------------------
  data required time                                 19.28
  data arrival time                                  -0.42
  -----------------------------------------------------------
  slack (MET)                                        18.87


  Startpoint: U_ALU/ALU_OUT_reg[7]
              (rising edge-triggered flip-flop clocked by ALU_CLK)
  Endpoint: U_ALU/ALU_OUT_reg[8]
            (rising edge-triggered flip-flop clocked by ALU_CLK)
  Path Group: ALU_CLK
  Path Type: max

  Point                                    Incr       Path
  -----------------------------------------------------------
  clock ALU_CLK (rise edge)                0.00       0.00
  clock network delay (ideal)              0.00       0.00
  U_ALU/ALU_OUT_reg[7]/CK (SDFFRQX2M)      0.00       0.00 r
  U_ALU/ALU_OUT_reg[7]/Q (SDFFRQX2M)       0.42       0.42 f
  U_ALU/ALU_OUT_reg[8]/SI (SDFFRQX2M)      0.00       0.42 f
  data arrival time                                   0.42

  clock ALU_CLK (rise edge)               20.00      20.00
  clock network delay (ideal)              0.00      20.00
  clock uncertainty                       -0.20      19.80
  U_ALU/ALU_OUT_reg[8]/CK (SDFFRQX2M)      0.00      19.80 r
  library setup time                      -0.52      19.28
  data required time                                 19.28
  -----------------------------------------------------------
  data required time                                 19.28
  data arrival time                                  -0.42
  -----------------------------------------------------------
  slack (MET)                                        18.87


  Startpoint: U_ALU/ALU_OUT_reg[15]
              (rising edge-triggered flip-flop clocked by ALU_CLK)
  Endpoint: U_ALU/OUT_Valid_reg
            (rising edge-triggered flip-flop clocked by ALU_CLK)
  Path Group: ALU_CLK
  Path Type: max

  Point                                                   Incr       Path
  --------------------------------------------------------------------------
  clock ALU_CLK (rise edge)                               0.00       0.00
  clock network delay (ideal)                             0.00       0.00
  U_ALU/ALU_OUT_reg[15]/CK (SDFFRQX2M)                    0.00       0.00 r
  U_ALU/ALU_OUT_reg[15]/Q (SDFFRQX2M)                     0.42       0.42 f
  U_ALU/OUT_Valid_reg/SI (SDFFRQX1M)                      0.00       0.42 f
  data arrival time                                                  0.42

  clock ALU_CLK (rise edge)                              20.00      20.00
  clock network delay (ideal)                             0.00      20.00
  clock uncertainty                                      -0.20      19.80
  U_ALU/OUT_Valid_reg/CK (SDFFRQX1M)                      0.00      19.80 r
  library setup time                                     -0.51      19.29
  data required time                                                19.29
  --------------------------------------------------------------------------
  data required time                                                19.29
  data arrival time                                                 -0.42
  --------------------------------------------------------------------------
  slack (MET)                                                       18.87


  Startpoint: SE (input port clocked by scan_clk)
  Endpoint: U_UART_RX/U0_data_sampling/Sample_reg[2]
            (rising edge-triggered flip-flop clocked by scan_clk)
  Path Group: scan_clk
  Path Type: max

  Point                                                   Incr       Path
  --------------------------------------------------------------------------
  clock scan_clk (rise edge)                              0.00       0.00
  clock network delay (ideal)                             0.00       0.00
  input external delay                                   20.00      20.00 r
  SE (in)                                                 0.51      20.51 r
  U29/Y (INVXLM)                                          0.20      20.71 f
  U30/Y (INVXLM)                                          0.11      20.82 r
  U20/Y (INVXLM)                                          0.08      20.90 f
  U21/Y (INVXLM)                                          0.07      20.97 r
  U19/Y (DLY1X1M)                                         0.87      21.84 r
  U_UART_RX/test_se (UART_RX_test_1)                      0.00      21.84 r
  U_UART_RX/U0_data_sampling/test_se (Data_sampling_test_1)
                                                          0.00      21.84 r
  U_UART_RX/U0_data_sampling/Sample_reg[2]/SE (SDFFRX1M)
                                                          0.00      21.84 r
  data arrival time                                                 21.84

  clock scan_clk (rise edge)                            100.00     100.00
  clock network delay (ideal)                             0.00     100.00
  clock uncertainty                                      -0.03      99.97
  U_UART_RX/U0_data_sampling/Sample_reg[2]/CK (SDFFRX1M)
                                                          0.00      99.97 r
  library setup time                                     -0.64      99.34
  data required time                                                99.34
  --------------------------------------------------------------------------
  data required time                                                99.34
  data arrival time                                                -21.84
  --------------------------------------------------------------------------
  slack (MET)                                                       77.50


  Startpoint: SE (input port clocked by scan_clk)
  Endpoint: U_UART_RX/U0_edge_bit_counter/Edge_cnt_reg[0]
            (rising edge-triggered flip-flop clocked by scan_clk)
  Path Group: scan_clk
  Path Type: max

  Point                                                   Incr       Path
  --------------------------------------------------------------------------
  clock scan_clk (rise edge)                              0.00       0.00
  clock network delay (ideal)                             0.00       0.00
  input external delay                                   20.00      20.00 r
  SE (in)                                                 0.51      20.51 r
  U29/Y (INVXLM)                                          0.20      20.71 f
  U30/Y (INVXLM)                                          0.11      20.82 r
  U20/Y (INVXLM)                                          0.08      20.90 f
  U21/Y (INVXLM)                                          0.07      20.97 r
  U19/Y (DLY1X1M)                                         0.87      21.84 r
  U_UART_RX/test_se (UART_RX_test_1)                      0.00      21.84 r
  U_UART_RX/U0_edge_bit_counter/test_se (Edge_bit_counter_test_1)
                                                          0.00      21.84 r
  U_UART_RX/U0_edge_bit_counter/Edge_cnt_reg[0]/SE (SDFFRX1M)
                                                          0.00      21.84 r
  data arrival time                                                 21.84

  clock scan_clk (rise edge)                            100.00     100.00
  clock network delay (ideal)                             0.00     100.00
  clock uncertainty                                      -0.03      99.97
  U_UART_RX/U0_edge_bit_counter/Edge_cnt_reg[0]/CK (SDFFRX1M)
                                                          0.00      99.97 r
  library setup time                                     -0.64      99.34
  data required time                                                99.34
  --------------------------------------------------------------------------
  data required time                                                99.34
  data arrival time                                                -21.84
  --------------------------------------------------------------------------
  slack (MET)                                                       77.50


  Startpoint: SE (input port clocked by scan_clk)
  Endpoint: U_UART_RX/U0_edge_bit_counter/Edge_cnt_reg[1]
            (rising edge-triggered flip-flop clocked by scan_clk)
  Path Group: scan_clk
  Path Type: max

  Point                                                   Incr       Path
  --------------------------------------------------------------------------
  clock scan_clk (rise edge)                              0.00       0.00
  clock network delay (ideal)                             0.00       0.00
  input external delay                                   20.00      20.00 r
  SE (in)                                                 0.51      20.51 r
  U29/Y (INVXLM)                                          0.20      20.71 f
  U30/Y (INVXLM)                                          0.11      20.82 r
  U20/Y (INVXLM)                                          0.08      20.90 f
  U21/Y (INVXLM)                                          0.07      20.97 r
  U19/Y (DLY1X1M)                                         0.87      21.84 r
  U_UART_RX/test_se (UART_RX_test_1)                      0.00      21.84 r
  U_UART_RX/U0_edge_bit_counter/test_se (Edge_bit_counter_test_1)
                                                          0.00      21.84 r
  U_UART_RX/U0_edge_bit_counter/Edge_cnt_reg[1]/SE (SDFFRX1M)
                                                          0.00      21.84 r
  data arrival time                                                 21.84

  clock scan_clk (rise edge)                            100.00     100.00
  clock network delay (ideal)                             0.00     100.00
  clock uncertainty                                      -0.03      99.97
  U_UART_RX/U0_edge_bit_counter/Edge_cnt_reg[1]/CK (SDFFRX1M)
                                                          0.00      99.97 r
  library setup time                                     -0.64      99.34
  data required time                                                99.34
  --------------------------------------------------------------------------
  data required time                                                99.34
  data arrival time                                                -21.84
  --------------------------------------------------------------------------
  slack (MET)                                                       77.50


  Startpoint: SE (input port clocked by scan_clk)
  Endpoint: U_UART_RX/U0_strt_check/Strt_glitch_reg
            (rising edge-triggered flip-flop clocked by scan_clk)
  Path Group: scan_clk
  Path Type: max

  Point                                                   Incr       Path
  --------------------------------------------------------------------------
  clock scan_clk (rise edge)                              0.00       0.00
  clock network delay (ideal)                             0.00       0.00
  input external delay                                   20.00      20.00 r
  SE (in)                                                 0.51      20.51 r
  U29/Y (INVXLM)                                          0.20      20.71 f
  U30/Y (INVXLM)                                          0.11      20.82 r
  U20/Y (INVXLM)                                          0.08      20.90 f
  U21/Y (INVXLM)                                          0.07      20.97 r
  U19/Y (DLY1X1M)                                         0.87      21.84 r
  U_UART_RX/test_se (UART_RX_test_1)                      0.00      21.84 r
  U_UART_RX/U0_strt_check/test_se (Strt_Check_test_1)     0.00      21.84 r
  U_UART_RX/U0_strt_check/Strt_glitch_reg/SE (SDFFRQX2M)
                                                          0.00      21.84 r
  data arrival time                                                 21.84

  clock scan_clk (rise edge)                            100.00     100.00
  clock network delay (ideal)                             0.00     100.00
  clock uncertainty                                      -0.03      99.97
  U_UART_RX/U0_strt_check/Strt_glitch_reg/CK (SDFFRQX2M)
                                                          0.00      99.97 r
  library setup time                                     -0.61      99.37
  data required time                                                99.37
  --------------------------------------------------------------------------
  data required time                                                99.37
  data arrival time                                                -21.84
  --------------------------------------------------------------------------
  slack (MET)                                                       77.53


  Startpoint: SE (input port clocked by scan_clk)
  Endpoint: U_UART_RX/U0_stop_check/Stp_err_reg
            (rising edge-triggered flip-flop clocked by scan_clk)
  Path Group: scan_clk
  Path Type: max

  Point                                                   Incr       Path
  --------------------------------------------------------------------------
  clock scan_clk (rise edge)                              0.00       0.00
  clock network delay (ideal)                             0.00       0.00
  input external delay                                   20.00      20.00 r
  SE (in)                                                 0.51      20.51 r
  U29/Y (INVXLM)                                          0.20      20.71 f
  U30/Y (INVXLM)                                          0.11      20.82 r
  U20/Y (INVXLM)                                          0.08      20.90 f
  U21/Y (INVXLM)                                          0.07      20.97 r
  U19/Y (DLY1X1M)                                         0.87      21.84 r
  U_UART_RX/test_se (UART_RX_test_1)                      0.00      21.84 r
  U_UART_RX/U0_stop_check/test_se (Stop_Check_test_1)     0.00      21.84 r
  U_UART_RX/U0_stop_check/Stp_err_reg/SE (SDFFRQX2M)      0.00      21.84 r
  data arrival time                                                 21.84

  clock scan_clk (rise edge)                            100.00     100.00
  clock network delay (ideal)                             0.00     100.00
  clock uncertainty                                      -0.03      99.97
  U_UART_RX/U0_stop_check/Stp_err_reg/CK (SDFFRQX2M)      0.00      99.97 r
  library setup time                                     -0.61      99.37
  data required time                                                99.37
  --------------------------------------------------------------------------
  data required time                                                99.37
  data arrival time                                                -21.84
  --------------------------------------------------------------------------
  slack (MET)                                                       77.53


  Startpoint: SE (input port clocked by scan_clk)
  Endpoint: U_UART_RX/U0_parity_check/Par_err_reg
            (rising edge-triggered flip-flop clocked by scan_clk)
  Path Group: scan_clk
  Path Type: max

  Point                                                   Incr       Path
  --------------------------------------------------------------------------
  clock scan_clk (rise edge)                              0.00       0.00
  clock network delay (ideal)                             0.00       0.00
  input external delay                                   20.00      20.00 r
  SE (in)                                                 0.51      20.51 r
  U29/Y (INVXLM)                                          0.20      20.71 f
  U30/Y (INVXLM)                                          0.11      20.82 r
  U20/Y (INVXLM)                                          0.08      20.90 f
  U21/Y (INVXLM)                                          0.07      20.97 r
  U19/Y (DLY1X1M)                                         0.87      21.84 r
  U_UART_RX/test_se (UART_RX_test_1)                      0.00      21.84 r
  U_UART_RX/U0_parity_check/test_se (Parity_Check_test_1)
                                                          0.00      21.84 r
  U_UART_RX/U0_parity_check/Par_err_reg/SE (SDFFRQX2M)
                                                          0.00      21.84 r
  data arrival time                                                 21.84

  clock scan_clk (rise edge)                            100.00     100.00
  clock network delay (ideal)                             0.00     100.00
  clock uncertainty                                      -0.03      99.97
  U_UART_RX/U0_parity_check/Par_err_reg/CK (SDFFRQX2M)
                                                          0.00      99.97 r
  library setup time                                     -0.61      99.37
  data required time                                                99.37
  --------------------------------------------------------------------------
  data required time                                                99.37
  data arrival time                                                -21.84
  --------------------------------------------------------------------------
  slack (MET)                                                       77.53


  Startpoint: SE (input port clocked by scan_clk)
  Endpoint: U_UART_RX/U0_data_sampling/Sample_reg[0]
            (rising edge-triggered flip-flop clocked by scan_clk)
  Path Group: scan_clk
  Path Type: max

  Point                                                   Incr       Path
  --------------------------------------------------------------------------
  clock scan_clk (rise edge)                              0.00       0.00
  clock network delay (ideal)                             0.00       0.00
  input external delay                                   20.00      20.00 r
  SE (in)                                                 0.51      20.51 r
  U29/Y (INVXLM)                                          0.20      20.71 f
  U30/Y (INVXLM)                                          0.11      20.82 r
  U20/Y (INVXLM)                                          0.08      20.90 f
  U21/Y (INVXLM)                                          0.07      20.97 r
  U19/Y (DLY1X1M)                                         0.87      21.84 r
  U_UART_RX/test_se (UART_RX_test_1)                      0.00      21.84 r
  U_UART_RX/U0_data_sampling/test_se (Data_sampling_test_1)
                                                          0.00      21.84 r
  U_UART_RX/U0_data_sampling/Sample_reg[0]/SE (SDFFRQX2M)
                                                          0.00      21.84 r
  data arrival time                                                 21.84

  clock scan_clk (rise edge)                            100.00     100.00
  clock network delay (ideal)                             0.00     100.00
  clock uncertainty                                      -0.03      99.97
  U_UART_RX/U0_data_sampling/Sample_reg[0]/CK (SDFFRQX2M)
                                                          0.00      99.97 r
  library setup time                                     -0.61      99.37
  data required time                                                99.37
  --------------------------------------------------------------------------
  data required time                                                99.37
  data arrival time                                                -21.84
  --------------------------------------------------------------------------
  slack (MET)                                                       77.53


  Startpoint: SE (input port clocked by scan_clk)
  Endpoint: U_UART_RX/U0_data_sampling/Sample_reg[1]
            (rising edge-triggered flip-flop clocked by scan_clk)
  Path Group: scan_clk
  Path Type: max

  Point                                                   Incr       Path
  --------------------------------------------------------------------------
  clock scan_clk (rise edge)                              0.00       0.00
  clock network delay (ideal)                             0.00       0.00
  input external delay                                   20.00      20.00 r
  SE (in)                                                 0.51      20.51 r
  U29/Y (INVXLM)                                          0.20      20.71 f
  U30/Y (INVXLM)                                          0.11      20.82 r
  U20/Y (INVXLM)                                          0.08      20.90 f
  U21/Y (INVXLM)                                          0.07      20.97 r
  U19/Y (DLY1X1M)                                         0.87      21.84 r
  U_UART_RX/test_se (UART_RX_test_1)                      0.00      21.84 r
  U_UART_RX/U0_data_sampling/test_se (Data_sampling_test_1)
                                                          0.00      21.84 r
  U_UART_RX/U0_data_sampling/Sample_reg[1]/SE (SDFFRQX2M)
                                                          0.00      21.84 r
  data arrival time                                                 21.84

  clock scan_clk (rise edge)                            100.00     100.00
  clock network delay (ideal)                             0.00     100.00
  clock uncertainty                                      -0.03      99.97
  U_UART_RX/U0_data_sampling/Sample_reg[1]/CK (SDFFRQX2M)
                                                          0.00      99.97 r
  library setup time                                     -0.61      99.37
  data required time                                                99.37
  --------------------------------------------------------------------------
  data required time                                                99.37
  data arrival time                                                -21.84
  --------------------------------------------------------------------------
  slack (MET)                                                       77.53


  Startpoint: SE (input port clocked by scan_clk)
  Endpoint: U_UART_RX/U0_data_sampling/Sampled_bit_reg
            (rising edge-triggered flip-flop clocked by scan_clk)
  Path Group: scan_clk
  Path Type: max

  Point                                                   Incr       Path
  --------------------------------------------------------------------------
  clock scan_clk (rise edge)                              0.00       0.00
  clock network delay (ideal)                             0.00       0.00
  input external delay                                   20.00      20.00 r
  SE (in)                                                 0.51      20.51 r
  U29/Y (INVXLM)                                          0.20      20.71 f
  U30/Y (INVXLM)                                          0.11      20.82 r
  U20/Y (INVXLM)                                          0.08      20.90 f
  U21/Y (INVXLM)                                          0.07      20.97 r
  U19/Y (DLY1X1M)                                         0.87      21.84 r
  U_UART_RX/test_se (UART_RX_test_1)                      0.00      21.84 r
  U_UART_RX/U0_data_sampling/test_se (Data_sampling_test_1)
                                                          0.00      21.84 r
  U_UART_RX/U0_data_sampling/Sampled_bit_reg/SE (SDFFRQX2M)
                                                          0.00      21.84 r
  data arrival time                                                 21.84

  clock scan_clk (rise edge)                            100.00     100.00
  clock network delay (ideal)                             0.00     100.00
  clock uncertainty                                      -0.03      99.97
  U_UART_RX/U0_data_sampling/Sampled_bit_reg/CK (SDFFRQX2M)
                                                          0.00      99.97 r
  library setup time                                     -0.61      99.37
  data required time                                                99.37
  --------------------------------------------------------------------------
  data required time                                                99.37
  data arrival time                                                -21.84
  --------------------------------------------------------------------------
  slack (MET)                                                       77.53


  Startpoint: SE (input port clocked by scan_clk)
  Endpoint: U_UART_RX/U0_edge_bit_counter/Bit_cnt_reg[3]
            (rising edge-triggered flip-flop clocked by scan_clk)
  Path Group: scan_clk
  Path Type: max

  Point                                                   Incr       Path
  --------------------------------------------------------------------------
  clock scan_clk (rise edge)                              0.00       0.00
  clock network delay (ideal)                             0.00       0.00
  input external delay                                   20.00      20.00 r
  SE (in)                                                 0.51      20.51 r
  U29/Y (INVXLM)                                          0.20      20.71 f
  U30/Y (INVXLM)                                          0.11      20.82 r
  U20/Y (INVXLM)                                          0.08      20.90 f
  U21/Y (INVXLM)                                          0.07      20.97 r
  U19/Y (DLY1X1M)                                         0.87      21.84 r
  U_UART_RX/test_se (UART_RX_test_1)                      0.00      21.84 r
  U_UART_RX/U0_edge_bit_counter/test_se (Edge_bit_counter_test_1)
                                                          0.00      21.84 r
  U_UART_RX/U0_edge_bit_counter/Bit_cnt_reg[3]/SE (SDFFRQX2M)
                                                          0.00      21.84 r
  data arrival time                                                 21.84

  clock scan_clk (rise edge)                            100.00     100.00
  clock network delay (ideal)                             0.00     100.00
  clock uncertainty                                      -0.03      99.97
  U_UART_RX/U0_edge_bit_counter/Bit_cnt_reg[3]/CK (SDFFRQX2M)
                                                          0.00      99.97 r
  library setup time                                     -0.61      99.37
  data required time                                                99.37
  --------------------------------------------------------------------------
  data required time                                                99.37
  data arrival time                                                -21.84
  --------------------------------------------------------------------------
  slack (MET)                                                       77.53


  Startpoint: SE (input port clocked by scan_clk)
  Endpoint: U_UART_RX/U0_edge_bit_counter/Bit_cnt_reg[1]
            (rising edge-triggered flip-flop clocked by scan_clk)
  Path Group: scan_clk
  Path Type: max

  Point                                                   Incr       Path
  --------------------------------------------------------------------------
  clock scan_clk (rise edge)                              0.00       0.00
  clock network delay (ideal)                             0.00       0.00
  input external delay                                   20.00      20.00 r
  SE (in)                                                 0.51      20.51 r
  U29/Y (INVXLM)                                          0.20      20.71 f
  U30/Y (INVXLM)                                          0.11      20.82 r
  U20/Y (INVXLM)                                          0.08      20.90 f
  U21/Y (INVXLM)                                          0.07      20.97 r
  U19/Y (DLY1X1M)                                         0.87      21.84 r
  U_UART_RX/test_se (UART_RX_test_1)                      0.00      21.84 r
  U_UART_RX/U0_edge_bit_counter/test_se (Edge_bit_counter_test_1)
                                                          0.00      21.84 r
  U_UART_RX/U0_edge_bit_counter/Bit_cnt_reg[1]/SE (SDFFRQX2M)
                                                          0.00      21.84 r
  data arrival time                                                 21.84

  clock scan_clk (rise edge)                            100.00     100.00
  clock network delay (ideal)                             0.00     100.00
  clock uncertainty                                      -0.03      99.97
  U_UART_RX/U0_edge_bit_counter/Bit_cnt_reg[1]/CK (SDFFRQX2M)
                                                          0.00      99.97 r
  library setup time                                     -0.61      99.37
  data required time                                                99.37
  --------------------------------------------------------------------------
  data required time                                                99.37
  data arrival time                                                -21.84
  --------------------------------------------------------------------------
  slack (MET)                                                       77.53


  Startpoint: SE (input port clocked by scan_clk)
  Endpoint: U_UART_RX/U0_edge_bit_counter/Bit_cnt_reg[2]
            (rising edge-triggered flip-flop clocked by scan_clk)
  Path Group: scan_clk
  Path Type: max

  Point                                                   Incr       Path
  --------------------------------------------------------------------------
  clock scan_clk (rise edge)                              0.00       0.00
  clock network delay (ideal)                             0.00       0.00
  input external delay                                   20.00      20.00 r
  SE (in)                                                 0.51      20.51 r
  U29/Y (INVXLM)                                          0.20      20.71 f
  U30/Y (INVXLM)                                          0.11      20.82 r
  U20/Y (INVXLM)                                          0.08      20.90 f
  U21/Y (INVXLM)                                          0.07      20.97 r
  U19/Y (DLY1X1M)                                         0.87      21.84 r
  U_UART_RX/test_se (UART_RX_test_1)                      0.00      21.84 r
  U_UART_RX/U0_edge_bit_counter/test_se (Edge_bit_counter_test_1)
                                                          0.00      21.84 r
  U_UART_RX/U0_edge_bit_counter/Bit_cnt_reg[2]/SE (SDFFRQX2M)
                                                          0.00      21.84 r
  data arrival time                                                 21.84

  clock scan_clk (rise edge)                            100.00     100.00
  clock network delay (ideal)                             0.00     100.00
  clock uncertainty                                      -0.03      99.97
  U_UART_RX/U0_edge_bit_counter/Bit_cnt_reg[2]/CK (SDFFRQX2M)
                                                          0.00      99.97 r
  library setup time                                     -0.61      99.37
  data required time                                                99.37
  --------------------------------------------------------------------------
  data required time                                                99.37
  data arrival time                                                -21.84
  --------------------------------------------------------------------------
  slack (MET)                                                       77.53


  Startpoint: SE (input port clocked by scan_clk)
  Endpoint: U_UART_RX/U0_edge_bit_counter/Edge_cnt_reg[4]
            (rising edge-triggered flip-flop clocked by scan_clk)
  Path Group: scan_clk
  Path Type: max

  Point                                                   Incr       Path
  --------------------------------------------------------------------------
  clock scan_clk (rise edge)                              0.00       0.00
  clock network delay (ideal)                             0.00       0.00
  input external delay                                   20.00      20.00 r
  SE (in)                                                 0.51      20.51 r
  U29/Y (INVXLM)                                          0.20      20.71 f
  U30/Y (INVXLM)                                          0.11      20.82 r
  U20/Y (INVXLM)                                          0.08      20.90 f
  U21/Y (INVXLM)                                          0.07      20.97 r
  U19/Y (DLY1X1M)                                         0.87      21.84 r
  U_UART_RX/test_se (UART_RX_test_1)                      0.00      21.84 r
  U_UART_RX/U0_edge_bit_counter/test_se (Edge_bit_counter_test_1)
                                                          0.00      21.84 r
  U_UART_RX/U0_edge_bit_counter/Edge_cnt_reg[4]/SE (SDFFRQX2M)
                                                          0.00      21.84 r
  data arrival time                                                 21.84

  clock scan_clk (rise edge)                            100.00     100.00
  clock network delay (ideal)                             0.00     100.00
  clock uncertainty                                      -0.03      99.97
  U_UART_RX/U0_edge_bit_counter/Edge_cnt_reg[4]/CK (SDFFRQX2M)
                                                          0.00      99.97 r
  library setup time                                     -0.61      99.37
  data required time                                                99.37
  --------------------------------------------------------------------------
  data required time                                                99.37
  data arrival time                                                -21.84
  --------------------------------------------------------------------------
  slack (MET)                                                       77.53


  Startpoint: SE (input port clocked by scan_clk)
  Endpoint: U_UART_RX/U0_edge_bit_counter/Bit_cnt_reg[0]
            (rising edge-triggered flip-flop clocked by scan_clk)
  Path Group: scan_clk
  Path Type: max

  Point                                                   Incr       Path
  --------------------------------------------------------------------------
  clock scan_clk (rise edge)                              0.00       0.00
  clock network delay (ideal)                             0.00       0.00
  input external delay                                   20.00      20.00 r
  SE (in)                                                 0.51      20.51 r
  U29/Y (INVXLM)                                          0.20      20.71 f
  U30/Y (INVXLM)                                          0.11      20.82 r
  U20/Y (INVXLM)                                          0.08      20.90 f
  U21/Y (INVXLM)                                          0.07      20.97 r
  U19/Y (DLY1X1M)                                         0.87      21.84 r
  U_UART_RX/test_se (UART_RX_test_1)                      0.00      21.84 r
  U_UART_RX/U0_edge_bit_counter/test_se (Edge_bit_counter_test_1)
                                                          0.00      21.84 r
  U_UART_RX/U0_edge_bit_counter/Bit_cnt_reg[0]/SE (SDFFRQX2M)
                                                          0.00      21.84 r
  data arrival time                                                 21.84

  clock scan_clk (rise edge)                            100.00     100.00
  clock network delay (ideal)                             0.00     100.00
  clock uncertainty                                      -0.03      99.97
  U_UART_RX/U0_edge_bit_counter/Bit_cnt_reg[0]/CK (SDFFRQX2M)
                                                          0.00      99.97 r
  library setup time                                     -0.61      99.37
  data required time                                                99.37
  --------------------------------------------------------------------------
  data required time                                                99.37
  data arrival time                                                -21.84
  --------------------------------------------------------------------------
  slack (MET)                                                       77.53


  Startpoint: SE (input port clocked by scan_clk)
  Endpoint: U_UART_RX/U0_edge_bit_counter/Edge_cnt_reg[2]
            (rising edge-triggered flip-flop clocked by scan_clk)
  Path Group: scan_clk
  Path Type: max

  Point                                                   Incr       Path
  --------------------------------------------------------------------------
  clock scan_clk (rise edge)                              0.00       0.00
  clock network delay (ideal)                             0.00       0.00
  input external delay                                   20.00      20.00 r
  SE (in)                                                 0.51      20.51 r
  U29/Y (INVXLM)                                          0.20      20.71 f
  U30/Y (INVXLM)                                          0.11      20.82 r
  U20/Y (INVXLM)                                          0.08      20.90 f
  U21/Y (INVXLM)                                          0.07      20.97 r
  U19/Y (DLY1X1M)                                         0.87      21.84 r
  U_UART_RX/test_se (UART_RX_test_1)                      0.00      21.84 r
  U_UART_RX/U0_edge_bit_counter/test_se (Edge_bit_counter_test_1)
                                                          0.00      21.84 r
  U_UART_RX/U0_edge_bit_counter/Edge_cnt_reg[2]/SE (SDFFRQX2M)
                                                          0.00      21.84 r
  data arrival time                                                 21.84

  clock scan_clk (rise edge)                            100.00     100.00
  clock network delay (ideal)                             0.00     100.00
  clock uncertainty                                      -0.03      99.97
  U_UART_RX/U0_edge_bit_counter/Edge_cnt_reg[2]/CK (SDFFRQX2M)
                                                          0.00      99.97 r
  library setup time                                     -0.61      99.37
  data required time                                                99.37
  --------------------------------------------------------------------------
  data required time                                                99.37
  data arrival time                                                -21.84
  --------------------------------------------------------------------------
  slack (MET)                                                       77.53


  Startpoint: SE (input port clocked by scan_clk)
  Endpoint: U_UART_RX/U0_edge_bit_counter/Edge_cnt_reg[3]
            (rising edge-triggered flip-flop clocked by scan_clk)
  Path Group: scan_clk
  Path Type: max

  Point                                                   Incr       Path
  --------------------------------------------------------------------------
  clock scan_clk (rise edge)                              0.00       0.00
  clock network delay (ideal)                             0.00       0.00
  input external delay                                   20.00      20.00 r
  SE (in)                                                 0.51      20.51 r
  U29/Y (INVXLM)                                          0.20      20.71 f
  U30/Y (INVXLM)                                          0.11      20.82 r
  U20/Y (INVXLM)                                          0.08      20.90 f
  U21/Y (INVXLM)                                          0.07      20.97 r
  U19/Y (DLY1X1M)                                         0.87      21.84 r
  U_UART_RX/test_se (UART_RX_test_1)                      0.00      21.84 r
  U_UART_RX/U0_edge_bit_counter/test_se (Edge_bit_counter_test_1)
                                                          0.00      21.84 r
  U_UART_RX/U0_edge_bit_counter/Edge_cnt_reg[3]/SE (SDFFRQX2M)
                                                          0.00      21.84 r
  data arrival time                                                 21.84

  clock scan_clk (rise edge)                            100.00     100.00
  clock network delay (ideal)                             0.00     100.00
  clock uncertainty                                      -0.03      99.97
  U_UART_RX/U0_edge_bit_counter/Edge_cnt_reg[3]/CK (SDFFRQX2M)
                                                          0.00      99.97 r
  library setup time                                     -0.61      99.37
  data required time                                                99.37
  --------------------------------------------------------------------------
  data required time                                                99.37
  data arrival time                                                -21.84
  --------------------------------------------------------------------------
  slack (MET)                                                       77.53


  Startpoint: SE (input port clocked by scan_clk)
  Endpoint: U_UART_RX/U0_deserializer/P_DATA_reg[0]
            (rising edge-triggered flip-flop clocked by scan_clk)
  Path Group: scan_clk
  Path Type: max

  Point                                                   Incr       Path
  --------------------------------------------------------------------------
  clock scan_clk (rise edge)                              0.00       0.00
  clock network delay (ideal)                             0.00       0.00
  input external delay                                   20.00      20.00 r
  SE (in)                                                 0.51      20.51 r
  U29/Y (INVXLM)                                          0.20      20.71 f
  U30/Y (INVXLM)                                          0.11      20.82 r
  U20/Y (INVXLM)                                          0.08      20.90 f
  U21/Y (INVXLM)                                          0.07      20.97 r
  U19/Y (DLY1X1M)                                         0.87      21.84 r
  U_UART_RX/test_se (UART_RX_test_1)                      0.00      21.84 r
  U_UART_RX/U0_deserializer/test_se (Deserializer_test_1)
                                                          0.00      21.84 r
  U_UART_RX/U0_deserializer/P_DATA_reg[0]/SE (SDFFRQX2M)
                                                          0.00      21.84 r
  data arrival time                                                 21.84

  clock scan_clk (rise edge)                            100.00     100.00
  clock network delay (ideal)                             0.00     100.00
  clock uncertainty                                      -0.03      99.97
  U_UART_RX/U0_deserializer/P_DATA_reg[0]/CK (SDFFRQX2M)
                                                          0.00      99.97 r
  library setup time                                     -0.61      99.37
  data required time                                                99.37
  --------------------------------------------------------------------------
  data required time                                                99.37
  data arrival time                                                -21.84
  --------------------------------------------------------------------------
  slack (MET)                                                       77.53


  Startpoint: SE (input port clocked by scan_clk)
  Endpoint: U_UART_RX/U0_deserializer/P_DATA_reg[5]
            (rising edge-triggered flip-flop clocked by scan_clk)
  Path Group: scan_clk
  Path Type: max

  Point                                                   Incr       Path
  --------------------------------------------------------------------------
  clock scan_clk (rise edge)                              0.00       0.00
  clock network delay (ideal)                             0.00       0.00
  input external delay                                   20.00      20.00 r
  SE (in)                                                 0.51      20.51 r
  U29/Y (INVXLM)                                          0.20      20.71 f
  U30/Y (INVXLM)                                          0.11      20.82 r
  U20/Y (INVXLM)                                          0.08      20.90 f
  U21/Y (INVXLM)                                          0.07      20.97 r
  U19/Y (DLY1X1M)                                         0.87      21.84 r
  U_UART_RX/test_se (UART_RX_test_1)                      0.00      21.84 r
  U_UART_RX/U0_deserializer/test_se (Deserializer_test_1)
                                                          0.00      21.84 r
  U_UART_RX/U0_deserializer/P_DATA_reg[5]/SE (SDFFRQX2M)
                                                          0.00      21.84 r
  data arrival time                                                 21.84

  clock scan_clk (rise edge)                            100.00     100.00
  clock network delay (ideal)                             0.00     100.00
  clock uncertainty                                      -0.03      99.97
  U_UART_RX/U0_deserializer/P_DATA_reg[5]/CK (SDFFRQX2M)
                                                          0.00      99.97 r
  library setup time                                     -0.61      99.37
  data required time                                                99.37
  --------------------------------------------------------------------------
  data required time                                                99.37
  data arrival time                                                -21.84
  --------------------------------------------------------------------------
  slack (MET)                                                       77.53


  Startpoint: SE (input port clocked by scan_clk)
  Endpoint: U_UART_RX/U0_deserializer/P_DATA_reg[1]
            (rising edge-triggered flip-flop clocked by scan_clk)
  Path Group: scan_clk
  Path Type: max

  Point                                                   Incr       Path
  --------------------------------------------------------------------------
  clock scan_clk (rise edge)                              0.00       0.00
  clock network delay (ideal)                             0.00       0.00
  input external delay                                   20.00      20.00 r
  SE (in)                                                 0.51      20.51 r
  U29/Y (INVXLM)                                          0.20      20.71 f
  U30/Y (INVXLM)                                          0.11      20.82 r
  U20/Y (INVXLM)                                          0.08      20.90 f
  U21/Y (INVXLM)                                          0.07      20.97 r
  U19/Y (DLY1X1M)                                         0.87      21.84 r
  U_UART_RX/test_se (UART_RX_test_1)                      0.00      21.84 r
  U_UART_RX/U0_deserializer/test_se (Deserializer_test_1)
                                                          0.00      21.84 r
  U_UART_RX/U0_deserializer/P_DATA_reg[1]/SE (SDFFRQX2M)
                                                          0.00      21.84 r
  data arrival time                                                 21.84

  clock scan_clk (rise edge)                            100.00     100.00
  clock network delay (ideal)                             0.00     100.00
  clock uncertainty                                      -0.03      99.97
  U_UART_RX/U0_deserializer/P_DATA_reg[1]/CK (SDFFRQX2M)
                                                          0.00      99.97 r
  library setup time                                     -0.61      99.37
  data required time                                                99.37
  --------------------------------------------------------------------------
  data required time                                                99.37
  data arrival time                                                -21.84
  --------------------------------------------------------------------------
  slack (MET)                                                       77.53


  Startpoint: SE (input port clocked by scan_clk)
  Endpoint: U_UART_RX/U0_deserializer/P_DATA_reg[4]
            (rising edge-triggered flip-flop clocked by scan_clk)
  Path Group: scan_clk
  Path Type: max

  Point                                                   Incr       Path
  --------------------------------------------------------------------------
  clock scan_clk (rise edge)                              0.00       0.00
  clock network delay (ideal)                             0.00       0.00
  input external delay                                   20.00      20.00 r
  SE (in)                                                 0.51      20.51 r
  U29/Y (INVXLM)                                          0.20      20.71 f
  U30/Y (INVXLM)                                          0.11      20.82 r
  U20/Y (INVXLM)                                          0.08      20.90 f
  U21/Y (INVXLM)                                          0.07      20.97 r
  U19/Y (DLY1X1M)                                         0.87      21.84 r
  U_UART_RX/test_se (UART_RX_test_1)                      0.00      21.84 r
  U_UART_RX/U0_deserializer/test_se (Deserializer_test_1)
                                                          0.00      21.84 r
  U_UART_RX/U0_deserializer/P_DATA_reg[4]/SE (SDFFRQX2M)
                                                          0.00      21.84 r
  data arrival time                                                 21.84

  clock scan_clk (rise edge)                            100.00     100.00
  clock network delay (ideal)                             0.00     100.00
  clock uncertainty                                      -0.03      99.97
  U_UART_RX/U0_deserializer/P_DATA_reg[4]/CK (SDFFRQX2M)
                                                          0.00      99.97 r
  library setup time                                     -0.61      99.37
  data required time                                                99.37
  --------------------------------------------------------------------------
  data required time                                                99.37
  data arrival time                                                -21.84
  --------------------------------------------------------------------------
  slack (MET)                                                       77.53


  Startpoint: SE (input port clocked by scan_clk)
  Endpoint: U_UART_RX/U0_deserializer/P_DATA_reg[7]
            (rising edge-triggered flip-flop clocked by scan_clk)
  Path Group: scan_clk
  Path Type: max

  Point                                                   Incr       Path
  --------------------------------------------------------------------------
  clock scan_clk (rise edge)                              0.00       0.00
  clock network delay (ideal)                             0.00       0.00
  input external delay                                   20.00      20.00 r
  SE (in)                                                 0.51      20.51 r
  U29/Y (INVXLM)                                          0.20      20.71 f
  U30/Y (INVXLM)                                          0.11      20.82 r
  U20/Y (INVXLM)                                          0.08      20.90 f
  U21/Y (INVXLM)                                          0.07      20.97 r
  U19/Y (DLY1X1M)                                         0.87      21.84 r
  U_UART_RX/test_se (UART_RX_test_1)                      0.00      21.84 r
  U_UART_RX/U0_deserializer/test_se (Deserializer_test_1)
                                                          0.00      21.84 r
  U_UART_RX/U0_deserializer/P_DATA_reg[7]/SE (SDFFRQX2M)
                                                          0.00      21.84 r
  data arrival time                                                 21.84

  clock scan_clk (rise edge)                            100.00     100.00
  clock network delay (ideal)                             0.00     100.00
  clock uncertainty                                      -0.03      99.97
  U_UART_RX/U0_deserializer/P_DATA_reg[7]/CK (SDFFRQX2M)
                                                          0.00      99.97 r
  library setup time                                     -0.61      99.37
  data required time                                                99.37
  --------------------------------------------------------------------------
  data required time                                                99.37
  data arrival time                                                -21.84
  --------------------------------------------------------------------------
  slack (MET)                                                       77.53


  Startpoint: SE (input port clocked by scan_clk)
  Endpoint: U_UART_RX/U0_deserializer/P_DATA_reg[3]
            (rising edge-triggered flip-flop clocked by scan_clk)
  Path Group: scan_clk
  Path Type: max

  Point                                                   Incr       Path
  --------------------------------------------------------------------------
  clock scan_clk (rise edge)                              0.00       0.00
  clock network delay (ideal)                             0.00       0.00
  input external delay                                   20.00      20.00 r
  SE (in)                                                 0.51      20.51 r
  U29/Y (INVXLM)                                          0.20      20.71 f
  U30/Y (INVXLM)                                          0.11      20.82 r
  U20/Y (INVXLM)                                          0.08      20.90 f
  U21/Y (INVXLM)                                          0.07      20.97 r
  U19/Y (DLY1X1M)                                         0.87      21.84 r
  U_UART_RX/test_se (UART_RX_test_1)                      0.00      21.84 r
  U_UART_RX/U0_deserializer/test_se (Deserializer_test_1)
                                                          0.00      21.84 r
  U_UART_RX/U0_deserializer/P_DATA_reg[3]/SE (SDFFRQX2M)
                                                          0.00      21.84 r
  data arrival time                                                 21.84

  clock scan_clk (rise edge)                            100.00     100.00
  clock network delay (ideal)                             0.00     100.00
  clock uncertainty                                      -0.03      99.97
  U_UART_RX/U0_deserializer/P_DATA_reg[3]/CK (SDFFRQX2M)
                                                          0.00      99.97 r
  library setup time                                     -0.61      99.37
  data required time                                                99.37
  --------------------------------------------------------------------------
  data required time                                                99.37
  data arrival time                                                -21.84
  --------------------------------------------------------------------------
  slack (MET)                                                       77.53


  Startpoint: SE (input port clocked by scan_clk)
  Endpoint: U_UART_RX/U0_deserializer/P_DATA_reg[6]
            (rising edge-triggered flip-flop clocked by scan_clk)
  Path Group: scan_clk
  Path Type: max

  Point                                                   Incr       Path
  --------------------------------------------------------------------------
  clock scan_clk (rise edge)                              0.00       0.00
  clock network delay (ideal)                             0.00       0.00
  input external delay                                   20.00      20.00 r
  SE (in)                                                 0.51      20.51 r
  U29/Y (INVXLM)                                          0.20      20.71 f
  U30/Y (INVXLM)                                          0.11      20.82 r
  U20/Y (INVXLM)                                          0.08      20.90 f
  U21/Y (INVXLM)                                          0.07      20.97 r
  U19/Y (DLY1X1M)                                         0.87      21.84 r
  U_UART_RX/test_se (UART_RX_test_1)                      0.00      21.84 r
  U_UART_RX/U0_deserializer/test_se (Deserializer_test_1)
                                                          0.00      21.84 r
  U_UART_RX/U0_deserializer/P_DATA_reg[6]/SE (SDFFRQX2M)
                                                          0.00      21.84 r
  data arrival time                                                 21.84

  clock scan_clk (rise edge)                            100.00     100.00
  clock network delay (ideal)                             0.00     100.00
  clock uncertainty                                      -0.03      99.97
  U_UART_RX/U0_deserializer/P_DATA_reg[6]/CK (SDFFRQX2M)
                                                          0.00      99.97 r
  library setup time                                     -0.61      99.37
  data required time                                                99.37
  --------------------------------------------------------------------------
  data required time                                                99.37
  data arrival time                                                -21.84
  --------------------------------------------------------------------------
  slack (MET)                                                       77.53


  Startpoint: SE (input port clocked by scan_clk)
  Endpoint: U_UART_RX/U0_deserializer/P_DATA_reg[2]
            (rising edge-triggered flip-flop clocked by scan_clk)
  Path Group: scan_clk
  Path Type: max

  Point                                                   Incr       Path
  --------------------------------------------------------------------------
  clock scan_clk (rise edge)                              0.00       0.00
  clock network delay (ideal)                             0.00       0.00
  input external delay                                   20.00      20.00 r
  SE (in)                                                 0.51      20.51 r
  U29/Y (INVXLM)                                          0.20      20.71 f
  U30/Y (INVXLM)                                          0.11      20.82 r
  U20/Y (INVXLM)                                          0.08      20.90 f
  U21/Y (INVXLM)                                          0.07      20.97 r
  U19/Y (DLY1X1M)                                         0.87      21.84 r
  U_UART_RX/test_se (UART_RX_test_1)                      0.00      21.84 r
  U_UART_RX/U0_deserializer/test_se (Deserializer_test_1)
                                                          0.00      21.84 r
  U_UART_RX/U0_deserializer/P_DATA_reg[2]/SE (SDFFRQX2M)
                                                          0.00      21.84 r
  data arrival time                                                 21.84

  clock scan_clk (rise edge)                            100.00     100.00
  clock network delay (ideal)                             0.00     100.00
  clock uncertainty                                      -0.03      99.97
  U_UART_RX/U0_deserializer/P_DATA_reg[2]/CK (SDFFRQX2M)
                                                          0.00      99.97 r
  library setup time                                     -0.61      99.37
  data required time                                                99.37
  --------------------------------------------------------------------------
  data required time                                                99.37
  data arrival time                                                -21.84
  --------------------------------------------------------------------------
  slack (MET)                                                       77.53


  Startpoint: SE (input port clocked by scan_clk)
  Endpoint: U_UART_RX/U0_FSM/Current_State_reg[1]
            (rising edge-triggered flip-flop clocked by scan_clk)
  Path Group: scan_clk
  Path Type: max

  Point                                                   Incr       Path
  --------------------------------------------------------------------------
  clock scan_clk (rise edge)                              0.00       0.00
  clock network delay (ideal)                             0.00       0.00
  input external delay                                   20.00      20.00 r
  SE (in)                                                 0.51      20.51 r
  U29/Y (INVXLM)                                          0.20      20.71 f
  U30/Y (INVXLM)                                          0.11      20.82 r
  U20/Y (INVXLM)                                          0.08      20.90 f
  U21/Y (INVXLM)                                          0.07      20.97 r
  U19/Y (DLY1X1M)                                         0.87      21.84 r
  U_UART_RX/test_se (UART_RX_test_1)                      0.00      21.84 r
  U_UART_RX/U0_FSM/test_se (RX_FSM_test_1)                0.00      21.84 r
  U_UART_RX/U0_FSM/Current_State_reg[1]/SE (SDFFRQX2M)
                                                          0.00      21.84 r
  data arrival time                                                 21.84

  clock scan_clk (rise edge)                            100.00     100.00
  clock network delay (ideal)                             0.00     100.00
  clock uncertainty                                      -0.03      99.97
  U_UART_RX/U0_FSM/Current_State_reg[1]/CK (SDFFRQX2M)
                                                          0.00      99.97 r
  library setup time                                     -0.61      99.37
  data required time                                                99.37
  --------------------------------------------------------------------------
  data required time                                                99.37
  data arrival time                                                -21.84
  --------------------------------------------------------------------------
  slack (MET)                                                       77.53


  Startpoint: SE (input port clocked by scan_clk)
  Endpoint: U_UART_RX/U0_FSM/Current_State_reg[0]
            (rising edge-triggered flip-flop clocked by scan_clk)
  Path Group: scan_clk
  Path Type: max

  Point                                                   Incr       Path
  --------------------------------------------------------------------------
  clock scan_clk (rise edge)                              0.00       0.00
  clock network delay (ideal)                             0.00       0.00
  input external delay                                   20.00      20.00 r
  SE (in)                                                 0.51      20.51 r
  U29/Y (INVXLM)                                          0.20      20.71 f
  U30/Y (INVXLM)                                          0.11      20.82 r
  U20/Y (INVXLM)                                          0.08      20.90 f
  U21/Y (INVXLM)                                          0.07      20.97 r
  U19/Y (DLY1X1M)                                         0.87      21.84 r
  U_UART_RX/test_se (UART_RX_test_1)                      0.00      21.84 r
  U_UART_RX/U0_FSM/test_se (RX_FSM_test_1)                0.00      21.84 r
  U_UART_RX/U0_FSM/Current_State_reg[0]/SE (SDFFRQX2M)
                                                          0.00      21.84 r
  data arrival time                                                 21.84

  clock scan_clk (rise edge)                            100.00     100.00
  clock network delay (ideal)                             0.00     100.00
  clock uncertainty                                      -0.03      99.97
  U_UART_RX/U0_FSM/Current_State_reg[0]/CK (SDFFRQX2M)
                                                          0.00      99.97 r
  library setup time                                     -0.61      99.37
  data required time                                                99.37
  --------------------------------------------------------------------------
  data required time                                                99.37
  data arrival time                                                -21.84
  --------------------------------------------------------------------------
  slack (MET)                                                       77.53


  Startpoint: SE (input port clocked by scan_clk)
  Endpoint: U_UART_RX/U0_FSM/Current_State_reg[2]
            (rising edge-triggered flip-flop clocked by scan_clk)
  Path Group: scan_clk
  Path Type: max

  Point                                                   Incr       Path
  --------------------------------------------------------------------------
  clock scan_clk (rise edge)                              0.00       0.00
  clock network delay (ideal)                             0.00       0.00
  input external delay                                   20.00      20.00 r
  SE (in)                                                 0.51      20.51 r
  U29/Y (INVXLM)                                          0.20      20.71 f
  U30/Y (INVXLM)                                          0.11      20.82 r
  U20/Y (INVXLM)                                          0.08      20.90 f
  U21/Y (INVXLM)                                          0.07      20.97 r
  U19/Y (DLY1X1M)                                         0.87      21.84 r
  U_UART_RX/test_se (UART_RX_test_1)                      0.00      21.84 r
  U_UART_RX/U0_FSM/test_se (RX_FSM_test_1)                0.00      21.84 r
  U_UART_RX/U0_FSM/Current_State_reg[2]/SE (SDFFRQX2M)
                                                          0.00      21.84 r
  data arrival time                                                 21.84

  clock scan_clk (rise edge)                            100.00     100.00
  clock network delay (ideal)                             0.00     100.00
  clock uncertainty                                      -0.03      99.97
  U_UART_RX/U0_FSM/Current_State_reg[2]/CK (SDFFRQX2M)
                                                          0.00      99.97 r
  library setup time                                     -0.61      99.37
  data required time                                                99.37
  --------------------------------------------------------------------------
  data required time                                                99.37
  data arrival time                                                -21.84
  --------------------------------------------------------------------------
  slack (MET)                                                       77.53


  Startpoint: SE (input port clocked by scan_clk)
  Endpoint: RST_SYNC_1/Sync_reg[1]
            (rising edge-triggered flip-flop clocked by scan_clk)
  Path Group: scan_clk
  Path Type: max

  Point                                                   Incr       Path
  --------------------------------------------------------------------------
  clock scan_clk (rise edge)                              0.00       0.00
  clock network delay (ideal)                             0.00       0.00
  input external delay                                   20.00      20.00 r
  SE (in)                                                 0.51      20.51 r
  U29/Y (INVXLM)                                          0.20      20.71 f
  U32/Y (INVXLM)                                          0.50      21.21 r
  U27/Y (INVXLM)                                          0.09      21.30 f
  U28/Y (INVXLM)                                          0.39      21.69 r
  RST_SYNC_1/test_se (RST_SYNC_test_1)                    0.00      21.69 r
  RST_SYNC_1/Sync_reg[1]/SE (SDFFRQX2M)                   0.00      21.69 r
  data arrival time                                                 21.69

  clock scan_clk (rise edge)                            100.00     100.00
  clock network delay (ideal)                             0.00     100.00
  clock uncertainty                                      -0.03      99.97
  RST_SYNC_1/Sync_reg[1]/CK (SDFFRQX2M)                   0.00      99.97 r
  library setup time                                     -0.59      99.38
  data required time                                                99.38
  --------------------------------------------------------------------------
  data required time                                                99.38
  data arrival time                                                -21.69
  --------------------------------------------------------------------------
  slack (MET)                                                       77.69


  Startpoint: SE (input port clocked by scan_clk)
  Endpoint: RST_SYNC_1/Sync_reg[0]
            (rising edge-triggered flip-flop clocked by scan_clk)
  Path Group: scan_clk
  Path Type: max

  Point                                                   Incr       Path
  --------------------------------------------------------------------------
  clock scan_clk (rise edge)                              0.00       0.00
  clock network delay (ideal)                             0.00       0.00
  input external delay                                   20.00      20.00 r
  SE (in)                                                 0.51      20.51 r
  U29/Y (INVXLM)                                          0.20      20.71 f
  U32/Y (INVXLM)                                          0.50      21.21 r
  U27/Y (INVXLM)                                          0.09      21.30 f
  U28/Y (INVXLM)                                          0.39      21.69 r
  RST_SYNC_1/test_se (RST_SYNC_test_1)                    0.00      21.69 r
  RST_SYNC_1/Sync_reg[0]/SE (SDFFRQX2M)                   0.00      21.69 r
  data arrival time                                                 21.69

  clock scan_clk (rise edge)                            100.00     100.00
  clock network delay (ideal)                             0.00     100.00
  clock uncertainty                                      -0.03      99.97
  RST_SYNC_1/Sync_reg[0]/CK (SDFFRQX2M)                   0.00      99.97 r
  library setup time                                     -0.59      99.38
  data required time                                                99.38
  --------------------------------------------------------------------------
  data required time                                                99.38
  data arrival time                                                -21.69
  --------------------------------------------------------------------------
  slack (MET)                                                       77.69


  Startpoint: SE (input port clocked by scan_clk)
  Endpoint: TX_ClkDiv/Counter_reg[6]
            (rising edge-triggered flip-flop clocked by scan_clk)
  Path Group: scan_clk
  Path Type: max

  Point                                                   Incr       Path
  --------------------------------------------------------------------------
  clock scan_clk (rise edge)                              0.00       0.00
  clock network delay (ideal)                             0.00       0.00
  input external delay                                   20.00      20.00 r
  SE (in)                                                 0.51      20.51 r
  U29/Y (INVXLM)                                          0.20      20.71 f
  U32/Y (INVXLM)                                          0.50      21.21 r
  U27/Y (INVXLM)                                          0.09      21.30 f
  U28/Y (INVXLM)                                          0.39      21.69 r
  TX_ClkDiv/test_se (ClkDiv_test_1)                       0.00      21.69 r
  TX_ClkDiv/Counter_reg[6]/SE (SDFFRQX2M)                 0.00      21.69 r
  data arrival time                                                 21.69

  clock scan_clk (rise edge)                            100.00     100.00
  clock network delay (ideal)                             0.00     100.00
  clock uncertainty                                      -0.03      99.97
  TX_ClkDiv/Counter_reg[6]/CK (SDFFRQX2M)                 0.00      99.97 r
  library setup time                                     -0.59      99.38
  data required time                                                99.38
  --------------------------------------------------------------------------
  data required time                                                99.38
  data arrival time                                                -21.69
  --------------------------------------------------------------------------
  slack (MET)                                                       77.69


  Startpoint: SE (input port clocked by scan_clk)
  Endpoint: TX_ClkDiv/div_clk_reg
            (rising edge-triggered flip-flop clocked by scan_clk)
  Path Group: scan_clk
  Path Type: max

  Point                                                   Incr       Path
  --------------------------------------------------------------------------
  clock scan_clk (rise edge)                              0.00       0.00
  clock network delay (ideal)                             0.00       0.00
  input external delay                                   20.00      20.00 r
  SE (in)                                                 0.51      20.51 r
  U29/Y (INVXLM)                                          0.20      20.71 f
  U32/Y (INVXLM)                                          0.50      21.21 r
  U27/Y (INVXLM)                                          0.09      21.30 f
  U28/Y (INVXLM)                                          0.39      21.69 r
  TX_ClkDiv/test_se (ClkDiv_test_1)                       0.00      21.69 r
  TX_ClkDiv/div_clk_reg/SE (SDFFRQX2M)                    0.00      21.69 r
  data arrival time                                                 21.69

  clock scan_clk (rise edge)                            100.00     100.00
  clock network delay (ideal)                             0.00     100.00
  clock uncertainty                                      -0.03      99.97
  TX_ClkDiv/div_clk_reg/CK (SDFFRQX2M)                    0.00      99.97 r
  library setup time                                     -0.59      99.38
  data required time                                                99.38
  --------------------------------------------------------------------------
  data required time                                                99.38
  data arrival time                                                -21.69
  --------------------------------------------------------------------------
  slack (MET)                                                       77.69


  Startpoint: SE (input port clocked by scan_clk)
  Endpoint: TX_ClkDiv/Counter_reg[0]
            (rising edge-triggered flip-flop clocked by scan_clk)
  Path Group: scan_clk
  Path Type: max

  Point                                                   Incr       Path
  --------------------------------------------------------------------------
  clock scan_clk (rise edge)                              0.00       0.00
  clock network delay (ideal)                             0.00       0.00
  input external delay                                   20.00      20.00 r
  SE (in)                                                 0.51      20.51 r
  U29/Y (INVXLM)                                          0.20      20.71 f
  U32/Y (INVXLM)                                          0.50      21.21 r
  U27/Y (INVXLM)                                          0.09      21.30 f
  U28/Y (INVXLM)                                          0.39      21.69 r
  TX_ClkDiv/test_se (ClkDiv_test_1)                       0.00      21.69 r
  TX_ClkDiv/Counter_reg[0]/SE (SDFFRQX2M)                 0.00      21.69 r
  data arrival time                                                 21.69

  clock scan_clk (rise edge)                            100.00     100.00
  clock network delay (ideal)                             0.00     100.00
  clock uncertainty                                      -0.03      99.97
  TX_ClkDiv/Counter_reg[0]/CK (SDFFRQX2M)                 0.00      99.97 r
  library setup time                                     -0.59      99.38
  data required time                                                99.38
  --------------------------------------------------------------------------
  data required time                                                99.38
  data arrival time                                                -21.69
  --------------------------------------------------------------------------
  slack (MET)                                                       77.69


  Startpoint: SE (input port clocked by scan_clk)
  Endpoint: TX_ClkDiv/Counter_reg[1]
            (rising edge-triggered flip-flop clocked by scan_clk)
  Path Group: scan_clk
  Path Type: max

  Point                                                   Incr       Path
  --------------------------------------------------------------------------
  clock scan_clk (rise edge)                              0.00       0.00
  clock network delay (ideal)                             0.00       0.00
  input external delay                                   20.00      20.00 r
  SE (in)                                                 0.51      20.51 r
  U29/Y (INVXLM)                                          0.20      20.71 f
  U32/Y (INVXLM)                                          0.50      21.21 r
  U27/Y (INVXLM)                                          0.09      21.30 f
  U28/Y (INVXLM)                                          0.39      21.69 r
  TX_ClkDiv/test_se (ClkDiv_test_1)                       0.00      21.69 r
  TX_ClkDiv/Counter_reg[1]/SE (SDFFRQX2M)                 0.00      21.69 r
  data arrival time                                                 21.69

  clock scan_clk (rise edge)                            100.00     100.00
  clock network delay (ideal)                             0.00     100.00
  clock uncertainty                                      -0.03      99.97
  TX_ClkDiv/Counter_reg[1]/CK (SDFFRQX2M)                 0.00      99.97 r
  library setup time                                     -0.59      99.38
  data required time                                                99.38
  --------------------------------------------------------------------------
  data required time                                                99.38
  data arrival time                                                -21.69
  --------------------------------------------------------------------------
  slack (MET)                                                       77.69


  Startpoint: SE (input port clocked by scan_clk)
  Endpoint: TX_ClkDiv/Counter_reg[4]
            (rising edge-triggered flip-flop clocked by scan_clk)
  Path Group: scan_clk
  Path Type: max

  Point                                                   Incr       Path
  --------------------------------------------------------------------------
  clock scan_clk (rise edge)                              0.00       0.00
  clock network delay (ideal)                             0.00       0.00
  input external delay                                   20.00      20.00 r
  SE (in)                                                 0.51      20.51 r
  U29/Y (INVXLM)                                          0.20      20.71 f
  U32/Y (INVXLM)                                          0.50      21.21 r
  U27/Y (INVXLM)                                          0.09      21.30 f
  U28/Y (INVXLM)                                          0.39      21.69 r
  TX_ClkDiv/test_se (ClkDiv_test_1)                       0.00      21.69 r
  TX_ClkDiv/Counter_reg[4]/SE (SDFFRQX2M)                 0.00      21.69 r
  data arrival time                                                 21.69

  clock scan_clk (rise edge)                            100.00     100.00
  clock network delay (ideal)                             0.00     100.00
  clock uncertainty                                      -0.03      99.97
  TX_ClkDiv/Counter_reg[4]/CK (SDFFRQX2M)                 0.00      99.97 r
  library setup time                                     -0.59      99.38
  data required time                                                99.38
  --------------------------------------------------------------------------
  data required time                                                99.38
  data arrival time                                                -21.69
  --------------------------------------------------------------------------
  slack (MET)                                                       77.69


  Startpoint: SE (input port clocked by scan_clk)
  Endpoint: TX_ClkDiv/Counter_reg[3]
            (rising edge-triggered flip-flop clocked by scan_clk)
  Path Group: scan_clk
  Path Type: max

  Point                                                   Incr       Path
  --------------------------------------------------------------------------
  clock scan_clk (rise edge)                              0.00       0.00
  clock network delay (ideal)                             0.00       0.00
  input external delay                                   20.00      20.00 r
  SE (in)                                                 0.51      20.51 r
  U29/Y (INVXLM)                                          0.20      20.71 f
  U32/Y (INVXLM)                                          0.50      21.21 r
  U27/Y (INVXLM)                                          0.09      21.30 f
  U28/Y (INVXLM)                                          0.39      21.69 r
  TX_ClkDiv/test_se (ClkDiv_test_1)                       0.00      21.69 r
  TX_ClkDiv/Counter_reg[3]/SE (SDFFRQX2M)                 0.00      21.69 r
  data arrival time                                                 21.69

  clock scan_clk (rise edge)                            100.00     100.00
  clock network delay (ideal)                             0.00     100.00
  clock uncertainty                                      -0.03      99.97
  TX_ClkDiv/Counter_reg[3]/CK (SDFFRQX2M)                 0.00      99.97 r
  library setup time                                     -0.59      99.38
  data required time                                                99.38
  --------------------------------------------------------------------------
  data required time                                                99.38
  data arrival time                                                -21.69
  --------------------------------------------------------------------------
  slack (MET)                                                       77.69


  Startpoint: SE (input port clocked by scan_clk)
  Endpoint: TX_ClkDiv/Counter_reg[2]
            (rising edge-triggered flip-flop clocked by scan_clk)
  Path Group: scan_clk
  Path Type: max

  Point                                                   Incr       Path
  --------------------------------------------------------------------------
  clock scan_clk (rise edge)                              0.00       0.00
  clock network delay (ideal)                             0.00       0.00
  input external delay                                   20.00      20.00 r
  SE (in)                                                 0.51      20.51 r
  U29/Y (INVXLM)                                          0.20      20.71 f
  U32/Y (INVXLM)                                          0.50      21.21 r
  U27/Y (INVXLM)                                          0.09      21.30 f
  U28/Y (INVXLM)                                          0.39      21.69 r
  TX_ClkDiv/test_se (ClkDiv_test_1)                       0.00      21.69 r
  TX_ClkDiv/Counter_reg[2]/SE (SDFFRQX2M)                 0.00      21.69 r
  data arrival time                                                 21.69

  clock scan_clk (rise edge)                            100.00     100.00
  clock network delay (ideal)                             0.00     100.00
  clock uncertainty                                      -0.03      99.97
  TX_ClkDiv/Counter_reg[2]/CK (SDFFRQX2M)                 0.00      99.97 r
  library setup time                                     -0.59      99.38
  data required time                                                99.38
  --------------------------------------------------------------------------
  data required time                                                99.38
  data arrival time                                                -21.69
  --------------------------------------------------------------------------
  slack (MET)                                                       77.69


  Startpoint: SE (input port clocked by scan_clk)
  Endpoint: TX_ClkDiv/Counter_reg[5]
            (rising edge-triggered flip-flop clocked by scan_clk)
  Path Group: scan_clk
  Path Type: max

  Point                                                   Incr       Path
  --------------------------------------------------------------------------
  clock scan_clk (rise edge)                              0.00       0.00
  clock network delay (ideal)                             0.00       0.00
  input external delay                                   20.00      20.00 r
  SE (in)                                                 0.51      20.51 r
  U29/Y (INVXLM)                                          0.20      20.71 f
  U32/Y (INVXLM)                                          0.50      21.21 r
  U27/Y (INVXLM)                                          0.09      21.30 f
  U28/Y (INVXLM)                                          0.39      21.69 r
  TX_ClkDiv/test_se (ClkDiv_test_1)                       0.00      21.69 r
  TX_ClkDiv/Counter_reg[5]/SE (SDFFRQX2M)                 0.00      21.69 r
  data arrival time                                                 21.69

  clock scan_clk (rise edge)                            100.00     100.00
  clock network delay (ideal)                             0.00     100.00
  clock uncertainty                                      -0.03      99.97
  TX_ClkDiv/Counter_reg[5]/CK (SDFFRQX2M)                 0.00      99.97 r
  library setup time                                     -0.59      99.38
  data required time                                                99.38
  --------------------------------------------------------------------------
  data required time                                                99.38
  data arrival time                                                -21.69
  --------------------------------------------------------------------------
  slack (MET)                                                       77.69


  Startpoint: SE (input port clocked by scan_clk)
  Endpoint: U_Reg_File/mem_reg[3][5]
            (rising edge-triggered flip-flop clocked by scan_clk)
  Path Group: scan_clk
  Path Type: max

  Point                                                   Incr       Path
  --------------------------------------------------------------------------
  clock scan_clk (rise edge)                              0.00       0.00
  clock network delay (ideal)                             0.00       0.00
  input external delay                                   20.00      20.00 r
  SE (in)                                                 0.51      20.51 r
  U_Reg_File/test_se (Reg_File_test_1)                    0.00      20.51 r
  U_Reg_File/U374/Y (DLY1X1M)                             1.09      21.60 r
  U_Reg_File/mem_reg[3][5]/SE (SDFFSQX2M)                 0.00      21.60 r
  data arrival time                                                 21.60

  clock scan_clk (rise edge)                            100.00     100.00
  clock network delay (ideal)                             0.00     100.00
  clock uncertainty                                      -0.03      99.97
  U_Reg_File/mem_reg[3][5]/CK (SDFFSQX2M)                 0.00      99.97 r
  library setup time                                     -0.64      99.33
  data required time                                                99.33
  --------------------------------------------------------------------------
  data required time                                                99.33
  data arrival time                                                -21.60
  --------------------------------------------------------------------------
  slack (MET)                                                       77.73


  Startpoint: SE (input port clocked by scan_clk)
  Endpoint: U_Reg_File/mem_reg[2][7]
            (rising edge-triggered flip-flop clocked by scan_clk)
  Path Group: scan_clk
  Path Type: max

  Point                                                   Incr       Path
  --------------------------------------------------------------------------
  clock scan_clk (rise edge)                              0.00       0.00
  clock network delay (ideal)                             0.00       0.00
  input external delay                                   20.00      20.00 r
  SE (in)                                                 0.51      20.51 r
  U_Reg_File/test_se (Reg_File_test_1)                    0.00      20.51 r
  U_Reg_File/U377/Y (DLY1X1M)                             1.09      21.60 r
  U_Reg_File/mem_reg[2][7]/SE (SDFFSQX2M)                 0.00      21.60 r
  data arrival time                                                 21.60

  clock scan_clk (rise edge)                            100.00     100.00
  clock network delay (ideal)                             0.00     100.00
  clock uncertainty                                      -0.03      99.97
  U_Reg_File/mem_reg[2][7]/CK (SDFFSQX2M)                 0.00      99.97 r
  library setup time                                     -0.64      99.33
  data required time                                                99.33
  --------------------------------------------------------------------------
  data required time                                                99.33
  data arrival time                                                -21.60
  --------------------------------------------------------------------------
  slack (MET)                                                       77.73


  Startpoint: SE (input port clocked by scan_clk)
  Endpoint: U_Reg_File/mem_reg[13][5]
            (rising edge-triggered flip-flop clocked by scan_clk)
  Path Group: scan_clk
  Path Type: max

  Point                                                   Incr       Path
  --------------------------------------------------------------------------
  clock scan_clk (rise edge)                              0.00       0.00
  clock network delay (ideal)                             0.00       0.00
  input external delay                                   20.00      20.00 r
  SE (in)                                                 0.51      20.51 r
  U_Reg_File/test_se (Reg_File_test_1)                    0.00      20.51 r
  U_Reg_File/U374/Y (DLY1X1M)                             1.09      21.60 r
  U_Reg_File/mem_reg[13][5]/SE (SDFFRQX2M)                0.00      21.60 r
  data arrival time                                                 21.60

  clock scan_clk (rise edge)                            100.00     100.00
  clock network delay (ideal)                             0.00     100.00
  clock uncertainty                                      -0.03      99.97
  U_Reg_File/mem_reg[13][5]/CK (SDFFRQX2M)                0.00      99.97 r
  library setup time                                     -0.61      99.36
  data required time                                                99.36
  --------------------------------------------------------------------------
  data required time                                                99.36
  data arrival time                                                -21.60
  --------------------------------------------------------------------------
  slack (MET)                                                       77.76


  Startpoint: SE (input port clocked by scan_clk)
  Endpoint: U_Reg_File/mem_reg[13][4]
            (rising edge-triggered flip-flop clocked by scan_clk)
  Path Group: scan_clk
  Path Type: max

  Point                                                   Incr       Path
  --------------------------------------------------------------------------
  clock scan_clk (rise edge)                              0.00       0.00
  clock network delay (ideal)                             0.00       0.00
  input external delay                                   20.00      20.00 r
  SE (in)                                                 0.51      20.51 r
  U_Reg_File/test_se (Reg_File_test_1)                    0.00      20.51 r
  U_Reg_File/U377/Y (DLY1X1M)                             1.09      21.60 r
  U_Reg_File/mem_reg[13][4]/SE (SDFFRQX2M)                0.00      21.60 r
  data arrival time                                                 21.60

  clock scan_clk (rise edge)                            100.00     100.00
  clock network delay (ideal)                             0.00     100.00
  clock uncertainty                                      -0.03      99.97
  U_Reg_File/mem_reg[13][4]/CK (SDFFRQX2M)                0.00      99.97 r
  library setup time                                     -0.61      99.36
  data required time                                                99.36
  --------------------------------------------------------------------------
  data required time                                                99.36
  data arrival time                                                -21.60
  --------------------------------------------------------------------------
  slack (MET)                                                       77.76


  Startpoint: SE (input port clocked by scan_clk)
  Endpoint: U_Reg_File/mem_reg[13][1]
            (rising edge-triggered flip-flop clocked by scan_clk)
  Path Group: scan_clk
  Path Type: max

  Point                                                   Incr       Path
  --------------------------------------------------------------------------
  clock scan_clk (rise edge)                              0.00       0.00
  clock network delay (ideal)                             0.00       0.00
  input external delay                                   20.00      20.00 r
  SE (in)                                                 0.51      20.51 r
  U_Reg_File/test_se (Reg_File_test_1)                    0.00      20.51 r
  U_Reg_File/U374/Y (DLY1X1M)                             1.09      21.60 r
  U_Reg_File/mem_reg[13][1]/SE (SDFFRQX2M)                0.00      21.60 r
  data arrival time                                                 21.60

  clock scan_clk (rise edge)                            100.00     100.00
  clock network delay (ideal)                             0.00     100.00
  clock uncertainty                                      -0.03      99.97
  U_Reg_File/mem_reg[13][1]/CK (SDFFRQX2M)                0.00      99.97 r
  library setup time                                     -0.61      99.36
  data required time                                                99.36
  --------------------------------------------------------------------------
  data required time                                                99.36
  data arrival time                                                -21.60
  --------------------------------------------------------------------------
  slack (MET)                                                       77.76


  Startpoint: SE (input port clocked by scan_clk)
  Endpoint: U_Reg_File/mem_reg[13][0]
            (rising edge-triggered flip-flop clocked by scan_clk)
  Path Group: scan_clk
  Path Type: max

  Point                                                   Incr       Path
  --------------------------------------------------------------------------
  clock scan_clk (rise edge)                              0.00       0.00
  clock network delay (ideal)                             0.00       0.00
  input external delay                                   20.00      20.00 r
  SE (in)                                                 0.51      20.51 r
  U_Reg_File/test_se (Reg_File_test_1)                    0.00      20.51 r
  U_Reg_File/U377/Y (DLY1X1M)                             1.09      21.60 r
  U_Reg_File/mem_reg[13][0]/SE (SDFFRQX2M)                0.00      21.60 r
  data arrival time                                                 21.60

  clock scan_clk (rise edge)                            100.00     100.00
  clock network delay (ideal)                             0.00     100.00
  clock uncertainty                                      -0.03      99.97
  U_Reg_File/mem_reg[13][0]/CK (SDFFRQX2M)                0.00      99.97 r
  library setup time                                     -0.61      99.36
  data required time                                                99.36
  --------------------------------------------------------------------------
  data required time                                                99.36
  data arrival time                                                -21.60
  --------------------------------------------------------------------------
  slack (MET)                                                       77.76


  Startpoint: SE (input port clocked by scan_clk)
  Endpoint: U_Reg_File/mem_reg[9][5]
            (rising edge-triggered flip-flop clocked by scan_clk)
  Path Group: scan_clk
  Path Type: max

  Point                                                   Incr       Path
  --------------------------------------------------------------------------
  clock scan_clk (rise edge)                              0.00       0.00
  clock network delay (ideal)                             0.00       0.00
  input external delay                                   20.00      20.00 r
  SE (in)                                                 0.51      20.51 r
  U_Reg_File/test_se (Reg_File_test_1)                    0.00      20.51 r
  U_Reg_File/U374/Y (DLY1X1M)                             1.09      21.60 r
  U_Reg_File/mem_reg[9][5]/SE (SDFFRQX2M)                 0.00      21.60 r
  data arrival time                                                 21.60

  clock scan_clk (rise edge)                            100.00     100.00
  clock network delay (ideal)                             0.00     100.00
  clock uncertainty                                      -0.03      99.97
  U_Reg_File/mem_reg[9][5]/CK (SDFFRQX2M)                 0.00      99.97 r
  library setup time                                     -0.61      99.36
  data required time                                                99.36
  --------------------------------------------------------------------------
  data required time                                                99.36
  data arrival time                                                -21.60
  --------------------------------------------------------------------------
  slack (MET)                                                       77.76


  Startpoint: SE (input port clocked by scan_clk)
  Endpoint: U_Reg_File/mem_reg[9][4]
            (rising edge-triggered flip-flop clocked by scan_clk)
  Path Group: scan_clk
  Path Type: max

  Point                                                   Incr       Path
  --------------------------------------------------------------------------
  clock scan_clk (rise edge)                              0.00       0.00
  clock network delay (ideal)                             0.00       0.00
  input external delay                                   20.00      20.00 r
  SE (in)                                                 0.51      20.51 r
  U_Reg_File/test_se (Reg_File_test_1)                    0.00      20.51 r
  U_Reg_File/U377/Y (DLY1X1M)                             1.09      21.60 r
  U_Reg_File/mem_reg[9][4]/SE (SDFFRQX2M)                 0.00      21.60 r
  data arrival time                                                 21.60

  clock scan_clk (rise edge)                            100.00     100.00
  clock network delay (ideal)                             0.00     100.00
  clock uncertainty                                      -0.03      99.97
  U_Reg_File/mem_reg[9][4]/CK (SDFFRQX2M)                 0.00      99.97 r
  library setup time                                     -0.61      99.36
  data required time                                                99.36
  --------------------------------------------------------------------------
  data required time                                                99.36
  data arrival time                                                -21.60
  --------------------------------------------------------------------------
  slack (MET)                                                       77.76


  Startpoint: SE (input port clocked by scan_clk)
  Endpoint: U_Reg_File/mem_reg[9][1]
            (rising edge-triggered flip-flop clocked by scan_clk)
  Path Group: scan_clk
  Path Type: max

  Point                                                   Incr       Path
  --------------------------------------------------------------------------
  clock scan_clk (rise edge)                              0.00       0.00
  clock network delay (ideal)                             0.00       0.00
  input external delay                                   20.00      20.00 r
  SE (in)                                                 0.51      20.51 r
  U_Reg_File/test_se (Reg_File_test_1)                    0.00      20.51 r
  U_Reg_File/U374/Y (DLY1X1M)                             1.09      21.60 r
  U_Reg_File/mem_reg[9][1]/SE (SDFFRQX2M)                 0.00      21.60 r
  data arrival time                                                 21.60

  clock scan_clk (rise edge)                            100.00     100.00
  clock network delay (ideal)                             0.00     100.00
  clock uncertainty                                      -0.03      99.97
  U_Reg_File/mem_reg[9][1]/CK (SDFFRQX2M)                 0.00      99.97 r
  library setup time                                     -0.61      99.36
  data required time                                                99.36
  --------------------------------------------------------------------------
  data required time                                                99.36
  data arrival time                                                -21.60
  --------------------------------------------------------------------------
  slack (MET)                                                       77.76


  Startpoint: SE (input port clocked by scan_clk)
  Endpoint: U_Reg_File/mem_reg[9][0]
            (rising edge-triggered flip-flop clocked by scan_clk)
  Path Group: scan_clk
  Path Type: max

  Point                                                   Incr       Path
  --------------------------------------------------------------------------
  clock scan_clk (rise edge)                              0.00       0.00
  clock network delay (ideal)                             0.00       0.00
  input external delay                                   20.00      20.00 r
  SE (in)                                                 0.51      20.51 r
  U_Reg_File/test_se (Reg_File_test_1)                    0.00      20.51 r
  U_Reg_File/U377/Y (DLY1X1M)                             1.09      21.60 r
  U_Reg_File/mem_reg[9][0]/SE (SDFFRQX2M)                 0.00      21.60 r
  data arrival time                                                 21.60

  clock scan_clk (rise edge)                            100.00     100.00
  clock network delay (ideal)                             0.00     100.00
  clock uncertainty                                      -0.03      99.97
  U_Reg_File/mem_reg[9][0]/CK (SDFFRQX2M)                 0.00      99.97 r
  library setup time                                     -0.61      99.36
  data required time                                                99.36
  --------------------------------------------------------------------------
  data required time                                                99.36
  data arrival time                                                -21.60
  --------------------------------------------------------------------------
  slack (MET)                                                       77.76


  Startpoint: SE (input port clocked by scan_clk)
  Endpoint: U_Reg_File/mem_reg[5][5]
            (rising edge-triggered flip-flop clocked by scan_clk)
  Path Group: scan_clk
  Path Type: max

  Point                                                   Incr       Path
  --------------------------------------------------------------------------
  clock scan_clk (rise edge)                              0.00       0.00
  clock network delay (ideal)                             0.00       0.00
  input external delay                                   20.00      20.00 r
  SE (in)                                                 0.51      20.51 r
  U_Reg_File/test_se (Reg_File_test_1)                    0.00      20.51 r
  U_Reg_File/U374/Y (DLY1X1M)                             1.09      21.60 r
  U_Reg_File/mem_reg[5][5]/SE (SDFFRQX2M)                 0.00      21.60 r
  data arrival time                                                 21.60

  clock scan_clk (rise edge)                            100.00     100.00
  clock network delay (ideal)                             0.00     100.00
  clock uncertainty                                      -0.03      99.97
  U_Reg_File/mem_reg[5][5]/CK (SDFFRQX2M)                 0.00      99.97 r
  library setup time                                     -0.61      99.36
  data required time                                                99.36
  --------------------------------------------------------------------------
  data required time                                                99.36
  data arrival time                                                -21.60
  --------------------------------------------------------------------------
  slack (MET)                                                       77.76


  Startpoint: SE (input port clocked by scan_clk)
  Endpoint: U_Reg_File/mem_reg[5][4]
            (rising edge-triggered flip-flop clocked by scan_clk)
  Path Group: scan_clk
  Path Type: max

  Point                                                   Incr       Path
  --------------------------------------------------------------------------
  clock scan_clk (rise edge)                              0.00       0.00
  clock network delay (ideal)                             0.00       0.00
  input external delay                                   20.00      20.00 r
  SE (in)                                                 0.51      20.51 r
  U_Reg_File/test_se (Reg_File_test_1)                    0.00      20.51 r
  U_Reg_File/U377/Y (DLY1X1M)                             1.09      21.60 r
  U_Reg_File/mem_reg[5][4]/SE (SDFFRQX2M)                 0.00      21.60 r
  data arrival time                                                 21.60

  clock scan_clk (rise edge)                            100.00     100.00
  clock network delay (ideal)                             0.00     100.00
  clock uncertainty                                      -0.03      99.97
  U_Reg_File/mem_reg[5][4]/CK (SDFFRQX2M)                 0.00      99.97 r
  library setup time                                     -0.61      99.36
  data required time                                                99.36
  --------------------------------------------------------------------------
  data required time                                                99.36
  data arrival time                                                -21.60
  --------------------------------------------------------------------------
  slack (MET)                                                       77.76


  Startpoint: SE (input port clocked by scan_clk)
  Endpoint: U_Reg_File/mem_reg[5][1]
            (rising edge-triggered flip-flop clocked by scan_clk)
  Path Group: scan_clk
  Path Type: max

  Point                                                   Incr       Path
  --------------------------------------------------------------------------
  clock scan_clk (rise edge)                              0.00       0.00
  clock network delay (ideal)                             0.00       0.00
  input external delay                                   20.00      20.00 r
  SE (in)                                                 0.51      20.51 r
  U_Reg_File/test_se (Reg_File_test_1)                    0.00      20.51 r
  U_Reg_File/U374/Y (DLY1X1M)                             1.09      21.60 r
  U_Reg_File/mem_reg[5][1]/SE (SDFFRQX2M)                 0.00      21.60 r
  data arrival time                                                 21.60

  clock scan_clk (rise edge)                            100.00     100.00
  clock network delay (ideal)                             0.00     100.00
  clock uncertainty                                      -0.03      99.97
  U_Reg_File/mem_reg[5][1]/CK (SDFFRQX2M)                 0.00      99.97 r
  library setup time                                     -0.61      99.36
  data required time                                                99.36
  --------------------------------------------------------------------------
  data required time                                                99.36
  data arrival time                                                -21.60
  --------------------------------------------------------------------------
  slack (MET)                                                       77.76


  Startpoint: SE (input port clocked by scan_clk)
  Endpoint: U_Reg_File/mem_reg[5][0]
            (rising edge-triggered flip-flop clocked by scan_clk)
  Path Group: scan_clk
  Path Type: max

  Point                                                   Incr       Path
  --------------------------------------------------------------------------
  clock scan_clk (rise edge)                              0.00       0.00
  clock network delay (ideal)                             0.00       0.00
  input external delay                                   20.00      20.00 r
  SE (in)                                                 0.51      20.51 r
  U_Reg_File/test_se (Reg_File_test_1)                    0.00      20.51 r
  U_Reg_File/U377/Y (DLY1X1M)                             1.09      21.60 r
  U_Reg_File/mem_reg[5][0]/SE (SDFFRQX2M)                 0.00      21.60 r
  data arrival time                                                 21.60

  clock scan_clk (rise edge)                            100.00     100.00
  clock network delay (ideal)                             0.00     100.00
  clock uncertainty                                      -0.03      99.97
  U_Reg_File/mem_reg[5][0]/CK (SDFFRQX2M)                 0.00      99.97 r
  library setup time                                     -0.61      99.36
  data required time                                                99.36
  --------------------------------------------------------------------------
  data required time                                                99.36
  data arrival time                                                -21.60
  --------------------------------------------------------------------------
  slack (MET)                                                       77.76


  Startpoint: SE (input port clocked by scan_clk)
  Endpoint: U_Reg_File/mem_reg[11][5]
            (rising edge-triggered flip-flop clocked by scan_clk)
  Path Group: scan_clk
  Path Type: max

  Point                                                   Incr       Path
  --------------------------------------------------------------------------
  clock scan_clk (rise edge)                              0.00       0.00
  clock network delay (ideal)                             0.00       0.00
  input external delay                                   20.00      20.00 r
  SE (in)                                                 0.51      20.51 r
  U_Reg_File/test_se (Reg_File_test_1)                    0.00      20.51 r
  U_Reg_File/U374/Y (DLY1X1M)                             1.09      21.60 r
  U_Reg_File/mem_reg[11][5]/SE (SDFFRQX2M)                0.00      21.60 r
  data arrival time                                                 21.60

  clock scan_clk (rise edge)                            100.00     100.00
  clock network delay (ideal)                             0.00     100.00
  clock uncertainty                                      -0.03      99.97
  U_Reg_File/mem_reg[11][5]/CK (SDFFRQX2M)                0.00      99.97 r
  library setup time                                     -0.61      99.36
  data required time                                                99.36
  --------------------------------------------------------------------------
  data required time                                                99.36
  data arrival time                                                -21.60
  --------------------------------------------------------------------------
  slack (MET)                                                       77.76


  Startpoint: SE (input port clocked by scan_clk)
  Endpoint: U_Reg_File/mem_reg[11][4]
            (rising edge-triggered flip-flop clocked by scan_clk)
  Path Group: scan_clk
  Path Type: max

  Point                                                   Incr       Path
  --------------------------------------------------------------------------
  clock scan_clk (rise edge)                              0.00       0.00
  clock network delay (ideal)                             0.00       0.00
  input external delay                                   20.00      20.00 r
  SE (in)                                                 0.51      20.51 r
  U_Reg_File/test_se (Reg_File_test_1)                    0.00      20.51 r
  U_Reg_File/U377/Y (DLY1X1M)                             1.09      21.60 r
  U_Reg_File/mem_reg[11][4]/SE (SDFFRQX2M)                0.00      21.60 r
  data arrival time                                                 21.60

  clock scan_clk (rise edge)                            100.00     100.00
  clock network delay (ideal)                             0.00     100.00
  clock uncertainty                                      -0.03      99.97
  U_Reg_File/mem_reg[11][4]/CK (SDFFRQX2M)                0.00      99.97 r
  library setup time                                     -0.61      99.36
  data required time                                                99.36
  --------------------------------------------------------------------------
  data required time                                                99.36
  data arrival time                                                -21.60
  --------------------------------------------------------------------------
  slack (MET)                                                       77.76


  Startpoint: SE (input port clocked by scan_clk)
  Endpoint: U_Reg_File/mem_reg[11][1]
            (rising edge-triggered flip-flop clocked by scan_clk)
  Path Group: scan_clk
  Path Type: max

  Point                                                   Incr       Path
  --------------------------------------------------------------------------
  clock scan_clk (rise edge)                              0.00       0.00
  clock network delay (ideal)                             0.00       0.00
  input external delay                                   20.00      20.00 r
  SE (in)                                                 0.51      20.51 r
  U_Reg_File/test_se (Reg_File_test_1)                    0.00      20.51 r
  U_Reg_File/U374/Y (DLY1X1M)                             1.09      21.60 r
  U_Reg_File/mem_reg[11][1]/SE (SDFFRQX2M)                0.00      21.60 r
  data arrival time                                                 21.60

  clock scan_clk (rise edge)                            100.00     100.00
  clock network delay (ideal)                             0.00     100.00
  clock uncertainty                                      -0.03      99.97
  U_Reg_File/mem_reg[11][1]/CK (SDFFRQX2M)                0.00      99.97 r
  library setup time                                     -0.61      99.36
  data required time                                                99.36
  --------------------------------------------------------------------------
  data required time                                                99.36
  data arrival time                                                -21.60
  --------------------------------------------------------------------------
  slack (MET)                                                       77.76


  Startpoint: SE (input port clocked by scan_clk)
  Endpoint: U_Reg_File/mem_reg[11][0]
            (rising edge-triggered flip-flop clocked by scan_clk)
  Path Group: scan_clk
  Path Type: max

  Point                                                   Incr       Path
  --------------------------------------------------------------------------
  clock scan_clk (rise edge)                              0.00       0.00
  clock network delay (ideal)                             0.00       0.00
  input external delay                                   20.00      20.00 r
  SE (in)                                                 0.51      20.51 r
  U_Reg_File/test_se (Reg_File_test_1)                    0.00      20.51 r
  U_Reg_File/U377/Y (DLY1X1M)                             1.09      21.60 r
  U_Reg_File/mem_reg[11][0]/SE (SDFFRQX2M)                0.00      21.60 r
  data arrival time                                                 21.60

  clock scan_clk (rise edge)                            100.00     100.00
  clock network delay (ideal)                             0.00     100.00
  clock uncertainty                                      -0.03      99.97
  U_Reg_File/mem_reg[11][0]/CK (SDFFRQX2M)                0.00      99.97 r
  library setup time                                     -0.61      99.36
  data required time                                                99.36
  --------------------------------------------------------------------------
  data required time                                                99.36
  data arrival time                                                -21.60
  --------------------------------------------------------------------------
  slack (MET)                                                       77.76


  Startpoint: SE (input port clocked by scan_clk)
  Endpoint: U_Reg_File/mem_reg[7][5]
            (rising edge-triggered flip-flop clocked by scan_clk)
  Path Group: scan_clk
  Path Type: max

  Point                                                   Incr       Path
  --------------------------------------------------------------------------
  clock scan_clk (rise edge)                              0.00       0.00
  clock network delay (ideal)                             0.00       0.00
  input external delay                                   20.00      20.00 r
  SE (in)                                                 0.51      20.51 r
  U_Reg_File/test_se (Reg_File_test_1)                    0.00      20.51 r
  U_Reg_File/U374/Y (DLY1X1M)                             1.09      21.60 r
  U_Reg_File/mem_reg[7][5]/SE (SDFFRQX2M)                 0.00      21.60 r
  data arrival time                                                 21.60

  clock scan_clk (rise edge)                            100.00     100.00
  clock network delay (ideal)                             0.00     100.00
  clock uncertainty                                      -0.03      99.97
  U_Reg_File/mem_reg[7][5]/CK (SDFFRQX2M)                 0.00      99.97 r
  library setup time                                     -0.61      99.36
  data required time                                                99.36
  --------------------------------------------------------------------------
  data required time                                                99.36
  data arrival time                                                -21.60
  --------------------------------------------------------------------------
  slack (MET)                                                       77.76


  Startpoint: SE (input port clocked by scan_clk)
  Endpoint: U_Reg_File/mem_reg[7][4]
            (rising edge-triggered flip-flop clocked by scan_clk)
  Path Group: scan_clk
  Path Type: max

  Point                                                   Incr       Path
  --------------------------------------------------------------------------
  clock scan_clk (rise edge)                              0.00       0.00
  clock network delay (ideal)                             0.00       0.00
  input external delay                                   20.00      20.00 r
  SE (in)                                                 0.51      20.51 r
  U_Reg_File/test_se (Reg_File_test_1)                    0.00      20.51 r
  U_Reg_File/U377/Y (DLY1X1M)                             1.09      21.60 r
  U_Reg_File/mem_reg[7][4]/SE (SDFFRQX2M)                 0.00      21.60 r
  data arrival time                                                 21.60

  clock scan_clk (rise edge)                            100.00     100.00
  clock network delay (ideal)                             0.00     100.00
  clock uncertainty                                      -0.03      99.97
  U_Reg_File/mem_reg[7][4]/CK (SDFFRQX2M)                 0.00      99.97 r
  library setup time                                     -0.61      99.36
  data required time                                                99.36
  --------------------------------------------------------------------------
  data required time                                                99.36
  data arrival time                                                -21.60
  --------------------------------------------------------------------------
  slack (MET)                                                       77.76


  Startpoint: SE (input port clocked by scan_clk)
  Endpoint: U_Reg_File/mem_reg[7][1]
            (rising edge-triggered flip-flop clocked by scan_clk)
  Path Group: scan_clk
  Path Type: max

  Point                                                   Incr       Path
  --------------------------------------------------------------------------
  clock scan_clk (rise edge)                              0.00       0.00
  clock network delay (ideal)                             0.00       0.00
  input external delay                                   20.00      20.00 r
  SE (in)                                                 0.51      20.51 r
  U_Reg_File/test_se (Reg_File_test_1)                    0.00      20.51 r
  U_Reg_File/U374/Y (DLY1X1M)                             1.09      21.60 r
  U_Reg_File/mem_reg[7][1]/SE (SDFFRQX2M)                 0.00      21.60 r
  data arrival time                                                 21.60

  clock scan_clk (rise edge)                            100.00     100.00
  clock network delay (ideal)                             0.00     100.00
  clock uncertainty                                      -0.03      99.97
  U_Reg_File/mem_reg[7][1]/CK (SDFFRQX2M)                 0.00      99.97 r
  library setup time                                     -0.61      99.36
  data required time                                                99.36
  --------------------------------------------------------------------------
  data required time                                                99.36
  data arrival time                                                -21.60
  --------------------------------------------------------------------------
  slack (MET)                                                       77.76


  Startpoint: SE (input port clocked by scan_clk)
  Endpoint: U_Reg_File/mem_reg[7][0]
            (rising edge-triggered flip-flop clocked by scan_clk)
  Path Group: scan_clk
  Path Type: max

  Point                                                   Incr       Path
  --------------------------------------------------------------------------
  clock scan_clk (rise edge)                              0.00       0.00
  clock network delay (ideal)                             0.00       0.00
  input external delay                                   20.00      20.00 r
  SE (in)                                                 0.51      20.51 r
  U_Reg_File/test_se (Reg_File_test_1)                    0.00      20.51 r
  U_Reg_File/U377/Y (DLY1X1M)                             1.09      21.60 r
  U_Reg_File/mem_reg[7][0]/SE (SDFFRQX2M)                 0.00      21.60 r
  data arrival time                                                 21.60

  clock scan_clk (rise edge)                            100.00     100.00
  clock network delay (ideal)                             0.00     100.00
  clock uncertainty                                      -0.03      99.97
  U_Reg_File/mem_reg[7][0]/CK (SDFFRQX2M)                 0.00      99.97 r
  library setup time                                     -0.61      99.36
  data required time                                                99.36
  --------------------------------------------------------------------------
  data required time                                                99.36
  data arrival time                                                -21.60
  --------------------------------------------------------------------------
  slack (MET)                                                       77.76


  Startpoint: SE (input port clocked by scan_clk)
  Endpoint: U_Reg_File/mem_reg[14][4]
            (rising edge-triggered flip-flop clocked by scan_clk)
  Path Group: scan_clk
  Path Type: max

  Point                                                   Incr       Path
  --------------------------------------------------------------------------
  clock scan_clk (rise edge)                              0.00       0.00
  clock network delay (ideal)                             0.00       0.00
  input external delay                                   20.00      20.00 r
  SE (in)                                                 0.51      20.51 r
  U_Reg_File/test_se (Reg_File_test_1)                    0.00      20.51 r
  U_Reg_File/U377/Y (DLY1X1M)                             1.09      21.60 r
  U_Reg_File/mem_reg[14][4]/SE (SDFFRQX2M)                0.00      21.60 r
  data arrival time                                                 21.60

  clock scan_clk (rise edge)                            100.00     100.00
  clock network delay (ideal)                             0.00     100.00
  clock uncertainty                                      -0.03      99.97
  U_Reg_File/mem_reg[14][4]/CK (SDFFRQX2M)                0.00      99.97 r
  library setup time                                     -0.61      99.36
  data required time                                                99.36
  --------------------------------------------------------------------------
  data required time                                                99.36
  data arrival time                                                -21.60
  --------------------------------------------------------------------------
  slack (MET)                                                       77.76


  Startpoint: SE (input port clocked by scan_clk)
  Endpoint: U_Reg_File/mem_reg[14][1]
            (rising edge-triggered flip-flop clocked by scan_clk)
  Path Group: scan_clk
  Path Type: max

  Point                                                   Incr       Path
  --------------------------------------------------------------------------
  clock scan_clk (rise edge)                              0.00       0.00
  clock network delay (ideal)                             0.00       0.00
  input external delay                                   20.00      20.00 r
  SE (in)                                                 0.51      20.51 r
  U_Reg_File/test_se (Reg_File_test_1)                    0.00      20.51 r
  U_Reg_File/U374/Y (DLY1X1M)                             1.09      21.60 r
  U_Reg_File/mem_reg[14][1]/SE (SDFFRQX2M)                0.00      21.60 r
  data arrival time                                                 21.60

  clock scan_clk (rise edge)                            100.00     100.00
  clock network delay (ideal)                             0.00     100.00
  clock uncertainty                                      -0.03      99.97
  U_Reg_File/mem_reg[14][1]/CK (SDFFRQX2M)                0.00      99.97 r
  library setup time                                     -0.61      99.36
  data required time                                                99.36
  --------------------------------------------------------------------------
  data required time                                                99.36
  data arrival time                                                -21.60
  --------------------------------------------------------------------------
  slack (MET)                                                       77.76


  Startpoint: SE (input port clocked by scan_clk)
  Endpoint: U_Reg_File/mem_reg[14][0]
            (rising edge-triggered flip-flop clocked by scan_clk)
  Path Group: scan_clk
  Path Type: max

  Point                                                   Incr       Path
  --------------------------------------------------------------------------
  clock scan_clk (rise edge)                              0.00       0.00
  clock network delay (ideal)                             0.00       0.00
  input external delay                                   20.00      20.00 r
  SE (in)                                                 0.51      20.51 r
  U_Reg_File/test_se (Reg_File_test_1)                    0.00      20.51 r
  U_Reg_File/U377/Y (DLY1X1M)                             1.09      21.60 r
  U_Reg_File/mem_reg[14][0]/SE (SDFFRQX2M)                0.00      21.60 r
  data arrival time                                                 21.60

  clock scan_clk (rise edge)                            100.00     100.00
  clock network delay (ideal)                             0.00     100.00
  clock uncertainty                                      -0.03      99.97
  U_Reg_File/mem_reg[14][0]/CK (SDFFRQX2M)                0.00      99.97 r
  library setup time                                     -0.61      99.36
  data required time                                                99.36
  --------------------------------------------------------------------------
  data required time                                                99.36
  data arrival time                                                -21.60
  --------------------------------------------------------------------------
  slack (MET)                                                       77.76


  Startpoint: SE (input port clocked by scan_clk)
  Endpoint: U_Reg_File/mem_reg[10][5]
            (rising edge-triggered flip-flop clocked by scan_clk)
  Path Group: scan_clk
  Path Type: max

  Point                                                   Incr       Path
  --------------------------------------------------------------------------
  clock scan_clk (rise edge)                              0.00       0.00
  clock network delay (ideal)                             0.00       0.00
  input external delay                                   20.00      20.00 r
  SE (in)                                                 0.51      20.51 r
  U_Reg_File/test_se (Reg_File_test_1)                    0.00      20.51 r
  U_Reg_File/U374/Y (DLY1X1M)                             1.09      21.60 r
  U_Reg_File/mem_reg[10][5]/SE (SDFFRQX2M)                0.00      21.60 r
  data arrival time                                                 21.60

  clock scan_clk (rise edge)                            100.00     100.00
  clock network delay (ideal)                             0.00     100.00
  clock uncertainty                                      -0.03      99.97
  U_Reg_File/mem_reg[10][5]/CK (SDFFRQX2M)                0.00      99.97 r
  library setup time                                     -0.61      99.36
  data required time                                                99.36
  --------------------------------------------------------------------------
  data required time                                                99.36
  data arrival time                                                -21.60
  --------------------------------------------------------------------------
  slack (MET)                                                       77.76


  Startpoint: SE (input port clocked by scan_clk)
  Endpoint: U_Reg_File/mem_reg[10][4]
            (rising edge-triggered flip-flop clocked by scan_clk)
  Path Group: scan_clk
  Path Type: max

  Point                                                   Incr       Path
  --------------------------------------------------------------------------
  clock scan_clk (rise edge)                              0.00       0.00
  clock network delay (ideal)                             0.00       0.00
  input external delay                                   20.00      20.00 r
  SE (in)                                                 0.51      20.51 r
  U_Reg_File/test_se (Reg_File_test_1)                    0.00      20.51 r
  U_Reg_File/U377/Y (DLY1X1M)                             1.09      21.60 r
  U_Reg_File/mem_reg[10][4]/SE (SDFFRQX2M)                0.00      21.60 r
  data arrival time                                                 21.60

  clock scan_clk (rise edge)                            100.00     100.00
  clock network delay (ideal)                             0.00     100.00
  clock uncertainty                                      -0.03      99.97
  U_Reg_File/mem_reg[10][4]/CK (SDFFRQX2M)                0.00      99.97 r
  library setup time                                     -0.61      99.36
  data required time                                                99.36
  --------------------------------------------------------------------------
  data required time                                                99.36
  data arrival time                                                -21.60
  --------------------------------------------------------------------------
  slack (MET)                                                       77.76


  Startpoint: SE (input port clocked by scan_clk)
  Endpoint: U_Reg_File/mem_reg[10][1]
            (rising edge-triggered flip-flop clocked by scan_clk)
  Path Group: scan_clk
  Path Type: max

  Point                                                   Incr       Path
  --------------------------------------------------------------------------
  clock scan_clk (rise edge)                              0.00       0.00
  clock network delay (ideal)                             0.00       0.00
  input external delay                                   20.00      20.00 r
  SE (in)                                                 0.51      20.51 r
  U_Reg_File/test_se (Reg_File_test_1)                    0.00      20.51 r
  U_Reg_File/U374/Y (DLY1X1M)                             1.09      21.60 r
  U_Reg_File/mem_reg[10][1]/SE (SDFFRQX2M)                0.00      21.60 r
  data arrival time                                                 21.60

  clock scan_clk (rise edge)                            100.00     100.00
  clock network delay (ideal)                             0.00     100.00
  clock uncertainty                                      -0.03      99.97
  U_Reg_File/mem_reg[10][1]/CK (SDFFRQX2M)                0.00      99.97 r
  library setup time                                     -0.61      99.36
  data required time                                                99.36
  --------------------------------------------------------------------------
  data required time                                                99.36
  data arrival time                                                -21.60
  --------------------------------------------------------------------------
  slack (MET)                                                       77.76


  Startpoint: SE (input port clocked by scan_clk)
  Endpoint: U_Reg_File/mem_reg[10][0]
            (rising edge-triggered flip-flop clocked by scan_clk)
  Path Group: scan_clk
  Path Type: max

  Point                                                   Incr       Path
  --------------------------------------------------------------------------
  clock scan_clk (rise edge)                              0.00       0.00
  clock network delay (ideal)                             0.00       0.00
  input external delay                                   20.00      20.00 r
  SE (in)                                                 0.51      20.51 r
  U_Reg_File/test_se (Reg_File_test_1)                    0.00      20.51 r
  U_Reg_File/U377/Y (DLY1X1M)                             1.09      21.60 r
  U_Reg_File/mem_reg[10][0]/SE (SDFFRQX2M)                0.00      21.60 r
  data arrival time                                                 21.60

  clock scan_clk (rise edge)                            100.00     100.00
  clock network delay (ideal)                             0.00     100.00
  clock uncertainty                                      -0.03      99.97
  U_Reg_File/mem_reg[10][0]/CK (SDFFRQX2M)                0.00      99.97 r
  library setup time                                     -0.61      99.36
  data required time                                                99.36
  --------------------------------------------------------------------------
  data required time                                                99.36
  data arrival time                                                -21.60
  --------------------------------------------------------------------------
  slack (MET)                                                       77.76


  Startpoint: SE (input port clocked by scan_clk)
  Endpoint: U_Reg_File/mem_reg[6][5]
            (rising edge-triggered flip-flop clocked by scan_clk)
  Path Group: scan_clk
  Path Type: max

  Point                                                   Incr       Path
  --------------------------------------------------------------------------
  clock scan_clk (rise edge)                              0.00       0.00
  clock network delay (ideal)                             0.00       0.00
  input external delay                                   20.00      20.00 r
  SE (in)                                                 0.51      20.51 r
  U_Reg_File/test_se (Reg_File_test_1)                    0.00      20.51 r
  U_Reg_File/U374/Y (DLY1X1M)                             1.09      21.60 r
  U_Reg_File/mem_reg[6][5]/SE (SDFFRQX2M)                 0.00      21.60 r
  data arrival time                                                 21.60

  clock scan_clk (rise edge)                            100.00     100.00
  clock network delay (ideal)                             0.00     100.00
  clock uncertainty                                      -0.03      99.97
  U_Reg_File/mem_reg[6][5]/CK (SDFFRQX2M)                 0.00      99.97 r
  library setup time                                     -0.61      99.36
  data required time                                                99.36
  --------------------------------------------------------------------------
  data required time                                                99.36
  data arrival time                                                -21.60
  --------------------------------------------------------------------------
  slack (MET)                                                       77.76


  Startpoint: SE (input port clocked by scan_clk)
  Endpoint: U_Reg_File/mem_reg[6][4]
            (rising edge-triggered flip-flop clocked by scan_clk)
  Path Group: scan_clk
  Path Type: max

  Point                                                   Incr       Path
  --------------------------------------------------------------------------
  clock scan_clk (rise edge)                              0.00       0.00
  clock network delay (ideal)                             0.00       0.00
  input external delay                                   20.00      20.00 r
  SE (in)                                                 0.51      20.51 r
  U_Reg_File/test_se (Reg_File_test_1)                    0.00      20.51 r
  U_Reg_File/U377/Y (DLY1X1M)                             1.09      21.60 r
  U_Reg_File/mem_reg[6][4]/SE (SDFFRQX2M)                 0.00      21.60 r
  data arrival time                                                 21.60

  clock scan_clk (rise edge)                            100.00     100.00
  clock network delay (ideal)                             0.00     100.00
  clock uncertainty                                      -0.03      99.97
  U_Reg_File/mem_reg[6][4]/CK (SDFFRQX2M)                 0.00      99.97 r
  library setup time                                     -0.61      99.36
  data required time                                                99.36
  --------------------------------------------------------------------------
  data required time                                                99.36
  data arrival time                                                -21.60
  --------------------------------------------------------------------------
  slack (MET)                                                       77.76


  Startpoint: SE (input port clocked by scan_clk)
  Endpoint: U_Reg_File/mem_reg[6][1]
            (rising edge-triggered flip-flop clocked by scan_clk)
  Path Group: scan_clk
  Path Type: max

  Point                                                   Incr       Path
  --------------------------------------------------------------------------
  clock scan_clk (rise edge)                              0.00       0.00
  clock network delay (ideal)                             0.00       0.00
  input external delay                                   20.00      20.00 r
  SE (in)                                                 0.51      20.51 r
  U_Reg_File/test_se (Reg_File_test_1)                    0.00      20.51 r
  U_Reg_File/U374/Y (DLY1X1M)                             1.09      21.60 r
  U_Reg_File/mem_reg[6][1]/SE (SDFFRQX2M)                 0.00      21.60 r
  data arrival time                                                 21.60

  clock scan_clk (rise edge)                            100.00     100.00
  clock network delay (ideal)                             0.00     100.00
  clock uncertainty                                      -0.03      99.97
  U_Reg_File/mem_reg[6][1]/CK (SDFFRQX2M)                 0.00      99.97 r
  library setup time                                     -0.61      99.36
  data required time                                                99.36
  --------------------------------------------------------------------------
  data required time                                                99.36
  data arrival time                                                -21.60
  --------------------------------------------------------------------------
  slack (MET)                                                       77.76


  Startpoint: SE (input port clocked by scan_clk)
  Endpoint: U_Reg_File/mem_reg[6][0]
            (rising edge-triggered flip-flop clocked by scan_clk)
  Path Group: scan_clk
  Path Type: max

  Point                                                   Incr       Path
  --------------------------------------------------------------------------
  clock scan_clk (rise edge)                              0.00       0.00
  clock network delay (ideal)                             0.00       0.00
  input external delay                                   20.00      20.00 r
  SE (in)                                                 0.51      20.51 r
  U_Reg_File/test_se (Reg_File_test_1)                    0.00      20.51 r
  U_Reg_File/U377/Y (DLY1X1M)                             1.09      21.60 r
  U_Reg_File/mem_reg[6][0]/SE (SDFFRQX2M)                 0.00      21.60 r
  data arrival time                                                 21.60

  clock scan_clk (rise edge)                            100.00     100.00
  clock network delay (ideal)                             0.00     100.00
  clock uncertainty                                      -0.03      99.97
  U_Reg_File/mem_reg[6][0]/CK (SDFFRQX2M)                 0.00      99.97 r
  library setup time                                     -0.61      99.36
  data required time                                                99.36
  --------------------------------------------------------------------------
  data required time                                                99.36
  data arrival time                                                -21.60
  --------------------------------------------------------------------------
  slack (MET)                                                       77.76


  Startpoint: SE (input port clocked by scan_clk)
  Endpoint: U_Reg_File/mem_reg[12][5]
            (rising edge-triggered flip-flop clocked by scan_clk)
  Path Group: scan_clk
  Path Type: max

  Point                                                   Incr       Path
  --------------------------------------------------------------------------
  clock scan_clk (rise edge)                              0.00       0.00
  clock network delay (ideal)                             0.00       0.00
  input external delay                                   20.00      20.00 r
  SE (in)                                                 0.51      20.51 r
  U_Reg_File/test_se (Reg_File_test_1)                    0.00      20.51 r
  U_Reg_File/U374/Y (DLY1X1M)                             1.09      21.60 r
  U_Reg_File/mem_reg[12][5]/SE (SDFFRQX2M)                0.00      21.60 r
  data arrival time                                                 21.60

  clock scan_clk (rise edge)                            100.00     100.00
  clock network delay (ideal)                             0.00     100.00
  clock uncertainty                                      -0.03      99.97
  U_Reg_File/mem_reg[12][5]/CK (SDFFRQX2M)                0.00      99.97 r
  library setup time                                     -0.61      99.36
  data required time                                                99.36
  --------------------------------------------------------------------------
  data required time                                                99.36
  data arrival time                                                -21.60
  --------------------------------------------------------------------------
  slack (MET)                                                       77.76


  Startpoint: SE (input port clocked by scan_clk)
  Endpoint: U_Reg_File/mem_reg[12][4]
            (rising edge-triggered flip-flop clocked by scan_clk)
  Path Group: scan_clk
  Path Type: max

  Point                                                   Incr       Path
  --------------------------------------------------------------------------
  clock scan_clk (rise edge)                              0.00       0.00
  clock network delay (ideal)                             0.00       0.00
  input external delay                                   20.00      20.00 r
  SE (in)                                                 0.51      20.51 r
  U_Reg_File/test_se (Reg_File_test_1)                    0.00      20.51 r
  U_Reg_File/U377/Y (DLY1X1M)                             1.09      21.60 r
  U_Reg_File/mem_reg[12][4]/SE (SDFFRQX2M)                0.00      21.60 r
  data arrival time                                                 21.60

  clock scan_clk (rise edge)                            100.00     100.00
  clock network delay (ideal)                             0.00     100.00
  clock uncertainty                                      -0.03      99.97
  U_Reg_File/mem_reg[12][4]/CK (SDFFRQX2M)                0.00      99.97 r
  library setup time                                     -0.61      99.36
  data required time                                                99.36
  --------------------------------------------------------------------------
  data required time                                                99.36
  data arrival time                                                -21.60
  --------------------------------------------------------------------------
  slack (MET)                                                       77.76


  Startpoint: SE (input port clocked by scan_clk)
  Endpoint: U_Reg_File/mem_reg[12][1]
            (rising edge-triggered flip-flop clocked by scan_clk)
  Path Group: scan_clk
  Path Type: max

  Point                                                   Incr       Path
  --------------------------------------------------------------------------
  clock scan_clk (rise edge)                              0.00       0.00
  clock network delay (ideal)                             0.00       0.00
  input external delay                                   20.00      20.00 r
  SE (in)                                                 0.51      20.51 r
  U_Reg_File/test_se (Reg_File_test_1)                    0.00      20.51 r
  U_Reg_File/U374/Y (DLY1X1M)                             1.09      21.60 r
  U_Reg_File/mem_reg[12][1]/SE (SDFFRQX2M)                0.00      21.60 r
  data arrival time                                                 21.60

  clock scan_clk (rise edge)                            100.00     100.00
  clock network delay (ideal)                             0.00     100.00
  clock uncertainty                                      -0.03      99.97
  U_Reg_File/mem_reg[12][1]/CK (SDFFRQX2M)                0.00      99.97 r
  library setup time                                     -0.61      99.36
  data required time                                                99.36
  --------------------------------------------------------------------------
  data required time                                                99.36
  data arrival time                                                -21.60
  --------------------------------------------------------------------------
  slack (MET)                                                       77.76


  Startpoint: SE (input port clocked by scan_clk)
  Endpoint: U_Reg_File/mem_reg[12][0]
            (rising edge-triggered flip-flop clocked by scan_clk)
  Path Group: scan_clk
  Path Type: max

  Point                                                   Incr       Path
  --------------------------------------------------------------------------
  clock scan_clk (rise edge)                              0.00       0.00
  clock network delay (ideal)                             0.00       0.00
  input external delay                                   20.00      20.00 r
  SE (in)                                                 0.51      20.51 r
  U_Reg_File/test_se (Reg_File_test_1)                    0.00      20.51 r
  U_Reg_File/U377/Y (DLY1X1M)                             1.09      21.60 r
  U_Reg_File/mem_reg[12][0]/SE (SDFFRQX2M)                0.00      21.60 r
  data arrival time                                                 21.60

  clock scan_clk (rise edge)                            100.00     100.00
  clock network delay (ideal)                             0.00     100.00
  clock uncertainty                                      -0.03      99.97
  U_Reg_File/mem_reg[12][0]/CK (SDFFRQX2M)                0.00      99.97 r
  library setup time                                     -0.61      99.36
  data required time                                                99.36
  --------------------------------------------------------------------------
  data required time                                                99.36
  data arrival time                                                -21.60
  --------------------------------------------------------------------------
  slack (MET)                                                       77.76


  Startpoint: SE (input port clocked by scan_clk)
  Endpoint: U_Reg_File/mem_reg[8][5]
            (rising edge-triggered flip-flop clocked by scan_clk)
  Path Group: scan_clk
  Path Type: max

  Point                                                   Incr       Path
  --------------------------------------------------------------------------
  clock scan_clk (rise edge)                              0.00       0.00
  clock network delay (ideal)                             0.00       0.00
  input external delay                                   20.00      20.00 r
  SE (in)                                                 0.51      20.51 r
  U_Reg_File/test_se (Reg_File_test_1)                    0.00      20.51 r
  U_Reg_File/U374/Y (DLY1X1M)                             1.09      21.60 r
  U_Reg_File/mem_reg[8][5]/SE (SDFFRQX2M)                 0.00      21.60 r
  data arrival time                                                 21.60

  clock scan_clk (rise edge)                            100.00     100.00
  clock network delay (ideal)                             0.00     100.00
  clock uncertainty                                      -0.03      99.97
  U_Reg_File/mem_reg[8][5]/CK (SDFFRQX2M)                 0.00      99.97 r
  library setup time                                     -0.61      99.36
  data required time                                                99.36
  --------------------------------------------------------------------------
  data required time                                                99.36
  data arrival time                                                -21.60
  --------------------------------------------------------------------------
  slack (MET)                                                       77.76


  Startpoint: SE (input port clocked by scan_clk)
  Endpoint: U_Reg_File/mem_reg[8][4]
            (rising edge-triggered flip-flop clocked by scan_clk)
  Path Group: scan_clk
  Path Type: max

  Point                                                   Incr       Path
  --------------------------------------------------------------------------
  clock scan_clk (rise edge)                              0.00       0.00
  clock network delay (ideal)                             0.00       0.00
  input external delay                                   20.00      20.00 r
  SE (in)                                                 0.51      20.51 r
  U_Reg_File/test_se (Reg_File_test_1)                    0.00      20.51 r
  U_Reg_File/U377/Y (DLY1X1M)                             1.09      21.60 r
  U_Reg_File/mem_reg[8][4]/SE (SDFFRQX2M)                 0.00      21.60 r
  data arrival time                                                 21.60

  clock scan_clk (rise edge)                            100.00     100.00
  clock network delay (ideal)                             0.00     100.00
  clock uncertainty                                      -0.03      99.97
  U_Reg_File/mem_reg[8][4]/CK (SDFFRQX2M)                 0.00      99.97 r
  library setup time                                     -0.61      99.36
  data required time                                                99.36
  --------------------------------------------------------------------------
  data required time                                                99.36
  data arrival time                                                -21.60
  --------------------------------------------------------------------------
  slack (MET)                                                       77.76


  Startpoint: SE (input port clocked by scan_clk)
  Endpoint: U_Reg_File/mem_reg[8][1]
            (rising edge-triggered flip-flop clocked by scan_clk)
  Path Group: scan_clk
  Path Type: max

  Point                                                   Incr       Path
  --------------------------------------------------------------------------
  clock scan_clk (rise edge)                              0.00       0.00
  clock network delay (ideal)                             0.00       0.00
  input external delay                                   20.00      20.00 r
  SE (in)                                                 0.51      20.51 r
  U_Reg_File/test_se (Reg_File_test_1)                    0.00      20.51 r
  U_Reg_File/U374/Y (DLY1X1M)                             1.09      21.60 r
  U_Reg_File/mem_reg[8][1]/SE (SDFFRQX2M)                 0.00      21.60 r
  data arrival time                                                 21.60

  clock scan_clk (rise edge)                            100.00     100.00
  clock network delay (ideal)                             0.00     100.00
  clock uncertainty                                      -0.03      99.97
  U_Reg_File/mem_reg[8][1]/CK (SDFFRQX2M)                 0.00      99.97 r
  library setup time                                     -0.61      99.36
  data required time                                                99.36
  --------------------------------------------------------------------------
  data required time                                                99.36
  data arrival time                                                -21.60
  --------------------------------------------------------------------------
  slack (MET)                                                       77.76


  Startpoint: SE (input port clocked by scan_clk)
  Endpoint: U_Reg_File/mem_reg[8][0]
            (rising edge-triggered flip-flop clocked by scan_clk)
  Path Group: scan_clk
  Path Type: max

  Point                                                   Incr       Path
  --------------------------------------------------------------------------
  clock scan_clk (rise edge)                              0.00       0.00
  clock network delay (ideal)                             0.00       0.00
  input external delay                                   20.00      20.00 r
  SE (in)                                                 0.51      20.51 r
  U_Reg_File/test_se (Reg_File_test_1)                    0.00      20.51 r
  U_Reg_File/U377/Y (DLY1X1M)                             1.09      21.60 r
  U_Reg_File/mem_reg[8][0]/SE (SDFFRQX2M)                 0.00      21.60 r
  data arrival time                                                 21.60

  clock scan_clk (rise edge)                            100.00     100.00
  clock network delay (ideal)                             0.00     100.00
  clock uncertainty                                      -0.03      99.97
  U_Reg_File/mem_reg[8][0]/CK (SDFFRQX2M)                 0.00      99.97 r
  library setup time                                     -0.61      99.36
  data required time                                                99.36
  --------------------------------------------------------------------------
  data required time                                                99.36
  data arrival time                                                -21.60
  --------------------------------------------------------------------------
  slack (MET)                                                       77.76


  Startpoint: SE (input port clocked by scan_clk)
  Endpoint: U_Reg_File/mem_reg[4][5]
            (rising edge-triggered flip-flop clocked by scan_clk)
  Path Group: scan_clk
  Path Type: max

  Point                                                   Incr       Path
  --------------------------------------------------------------------------
  clock scan_clk (rise edge)                              0.00       0.00
  clock network delay (ideal)                             0.00       0.00
  input external delay                                   20.00      20.00 r
  SE (in)                                                 0.51      20.51 r
  U_Reg_File/test_se (Reg_File_test_1)                    0.00      20.51 r
  U_Reg_File/U374/Y (DLY1X1M)                             1.09      21.60 r
  U_Reg_File/mem_reg[4][5]/SE (SDFFRQX2M)                 0.00      21.60 r
  data arrival time                                                 21.60

  clock scan_clk (rise edge)                            100.00     100.00
  clock network delay (ideal)                             0.00     100.00
  clock uncertainty                                      -0.03      99.97
  U_Reg_File/mem_reg[4][5]/CK (SDFFRQX2M)                 0.00      99.97 r
  library setup time                                     -0.61      99.36
  data required time                                                99.36
  --------------------------------------------------------------------------
  data required time                                                99.36
  data arrival time                                                -21.60
  --------------------------------------------------------------------------
  slack (MET)                                                       77.76


  Startpoint: SE (input port clocked by scan_clk)
  Endpoint: U_Reg_File/mem_reg[4][4]
            (rising edge-triggered flip-flop clocked by scan_clk)
  Path Group: scan_clk
  Path Type: max

  Point                                                   Incr       Path
  --------------------------------------------------------------------------
  clock scan_clk (rise edge)                              0.00       0.00
  clock network delay (ideal)                             0.00       0.00
  input external delay                                   20.00      20.00 r
  SE (in)                                                 0.51      20.51 r
  U_Reg_File/test_se (Reg_File_test_1)                    0.00      20.51 r
  U_Reg_File/U377/Y (DLY1X1M)                             1.09      21.60 r
  U_Reg_File/mem_reg[4][4]/SE (SDFFRQX2M)                 0.00      21.60 r
  data arrival time                                                 21.60

  clock scan_clk (rise edge)                            100.00     100.00
  clock network delay (ideal)                             0.00     100.00
  clock uncertainty                                      -0.03      99.97
  U_Reg_File/mem_reg[4][4]/CK (SDFFRQX2M)                 0.00      99.97 r
  library setup time                                     -0.61      99.36
  data required time                                                99.36
  --------------------------------------------------------------------------
  data required time                                                99.36
  data arrival time                                                -21.60
  --------------------------------------------------------------------------
  slack (MET)                                                       77.76


  Startpoint: SE (input port clocked by scan_clk)
  Endpoint: U_Reg_File/mem_reg[4][1]
            (rising edge-triggered flip-flop clocked by scan_clk)
  Path Group: scan_clk
  Path Type: max

  Point                                                   Incr       Path
  --------------------------------------------------------------------------
  clock scan_clk (rise edge)                              0.00       0.00
  clock network delay (ideal)                             0.00       0.00
  input external delay                                   20.00      20.00 r
  SE (in)                                                 0.51      20.51 r
  U_Reg_File/test_se (Reg_File_test_1)                    0.00      20.51 r
  U_Reg_File/U374/Y (DLY1X1M)                             1.09      21.60 r
  U_Reg_File/mem_reg[4][1]/SE (SDFFRQX2M)                 0.00      21.60 r
  data arrival time                                                 21.60

  clock scan_clk (rise edge)                            100.00     100.00
  clock network delay (ideal)                             0.00     100.00
  clock uncertainty                                      -0.03      99.97
  U_Reg_File/mem_reg[4][1]/CK (SDFFRQX2M)                 0.00      99.97 r
  library setup time                                     -0.61      99.36
  data required time                                                99.36
  --------------------------------------------------------------------------
  data required time                                                99.36
  data arrival time                                                -21.60
  --------------------------------------------------------------------------
  slack (MET)                                                       77.76


  Startpoint: SE (input port clocked by scan_clk)
  Endpoint: U_Reg_File/mem_reg[4][0]
            (rising edge-triggered flip-flop clocked by scan_clk)
  Path Group: scan_clk
  Path Type: max

  Point                                                   Incr       Path
  --------------------------------------------------------------------------
  clock scan_clk (rise edge)                              0.00       0.00
  clock network delay (ideal)                             0.00       0.00
  input external delay                                   20.00      20.00 r
  SE (in)                                                 0.51      20.51 r
  U_Reg_File/test_se (Reg_File_test_1)                    0.00      20.51 r
  U_Reg_File/U377/Y (DLY1X1M)                             1.09      21.60 r
  U_Reg_File/mem_reg[4][0]/SE (SDFFRQX2M)                 0.00      21.60 r
  data arrival time                                                 21.60

  clock scan_clk (rise edge)                            100.00     100.00
  clock network delay (ideal)                             0.00     100.00
  clock uncertainty                                      -0.03      99.97
  U_Reg_File/mem_reg[4][0]/CK (SDFFRQX2M)                 0.00      99.97 r
  library setup time                                     -0.61      99.36
  data required time                                                99.36
  --------------------------------------------------------------------------
  data required time                                                99.36
  data arrival time                                                -21.60
  --------------------------------------------------------------------------
  slack (MET)                                                       77.76


  Startpoint: SE (input port clocked by scan_clk)
  Endpoint: U_Reg_File/RdData_reg[5]
            (rising edge-triggered flip-flop clocked by scan_clk)
  Path Group: scan_clk
  Path Type: max

  Point                                                   Incr       Path
  --------------------------------------------------------------------------
  clock scan_clk (rise edge)                              0.00       0.00
  clock network delay (ideal)                             0.00       0.00
  input external delay                                   20.00      20.00 r
  SE (in)                                                 0.51      20.51 r
  U_Reg_File/test_se (Reg_File_test_1)                    0.00      20.51 r
  U_Reg_File/U374/Y (DLY1X1M)                             1.09      21.60 r
  U_Reg_File/RdData_reg[5]/SE (SDFFRQX2M)                 0.00      21.60 r
  data arrival time                                                 21.60

  clock scan_clk (rise edge)                            100.00     100.00
  clock network delay (ideal)                             0.00     100.00
  clock uncertainty                                      -0.03      99.97
  U_Reg_File/RdData_reg[5]/CK (SDFFRQX2M)                 0.00      99.97 r
  library setup time                                     -0.61      99.36
  data required time                                                99.36
  --------------------------------------------------------------------------
  data required time                                                99.36
  data arrival time                                                -21.60
  --------------------------------------------------------------------------
  slack (MET)                                                       77.76


  Startpoint: SE (input port clocked by scan_clk)
  Endpoint: U_Reg_File/RdData_reg[4]
            (rising edge-triggered flip-flop clocked by scan_clk)
  Path Group: scan_clk
  Path Type: max

  Point                                                   Incr       Path
  --------------------------------------------------------------------------
  clock scan_clk (rise edge)                              0.00       0.00
  clock network delay (ideal)                             0.00       0.00
  input external delay                                   20.00      20.00 r
  SE (in)                                                 0.51      20.51 r
  U_Reg_File/test_se (Reg_File_test_1)                    0.00      20.51 r
  U_Reg_File/U377/Y (DLY1X1M)                             1.09      21.60 r
  U_Reg_File/RdData_reg[4]/SE (SDFFRQX2M)                 0.00      21.60 r
  data arrival time                                                 21.60

  clock scan_clk (rise edge)                            100.00     100.00
  clock network delay (ideal)                             0.00     100.00
  clock uncertainty                                      -0.03      99.97
  U_Reg_File/RdData_reg[4]/CK (SDFFRQX2M)                 0.00      99.97 r
  library setup time                                     -0.61      99.36
  data required time                                                99.36
  --------------------------------------------------------------------------
  data required time                                                99.36
  data arrival time                                                -21.60
  --------------------------------------------------------------------------
  slack (MET)                                                       77.76


  Startpoint: SE (input port clocked by scan_clk)
  Endpoint: U_Reg_File/RdData_reg[1]
            (rising edge-triggered flip-flop clocked by scan_clk)
  Path Group: scan_clk
  Path Type: max

  Point                                                   Incr       Path
  --------------------------------------------------------------------------
  clock scan_clk (rise edge)                              0.00       0.00
  clock network delay (ideal)                             0.00       0.00
  input external delay                                   20.00      20.00 r
  SE (in)                                                 0.51      20.51 r
  U_Reg_File/test_se (Reg_File_test_1)                    0.00      20.51 r
  U_Reg_File/U374/Y (DLY1X1M)                             1.09      21.60 r
  U_Reg_File/RdData_reg[1]/SE (SDFFRQX2M)                 0.00      21.60 r
  data arrival time                                                 21.60

  clock scan_clk (rise edge)                            100.00     100.00
  clock network delay (ideal)                             0.00     100.00
  clock uncertainty                                      -0.03      99.97
  U_Reg_File/RdData_reg[1]/CK (SDFFRQX2M)                 0.00      99.97 r
  library setup time                                     -0.61      99.36
  data required time                                                99.36
  --------------------------------------------------------------------------
  data required time                                                99.36
  data arrival time                                                -21.60
  --------------------------------------------------------------------------
  slack (MET)                                                       77.76


  Startpoint: SE (input port clocked by scan_clk)
  Endpoint: U_Reg_File/RdData_reg[0]
            (rising edge-triggered flip-flop clocked by scan_clk)
  Path Group: scan_clk
  Path Type: max

  Point                                                   Incr       Path
  --------------------------------------------------------------------------
  clock scan_clk (rise edge)                              0.00       0.00
  clock network delay (ideal)                             0.00       0.00
  input external delay                                   20.00      20.00 r
  SE (in)                                                 0.51      20.51 r
  U_Reg_File/test_se (Reg_File_test_1)                    0.00      20.51 r
  U_Reg_File/U377/Y (DLY1X1M)                             1.09      21.60 r
  U_Reg_File/RdData_reg[0]/SE (SDFFRQX2M)                 0.00      21.60 r
  data arrival time                                                 21.60

  clock scan_clk (rise edge)                            100.00     100.00
  clock network delay (ideal)                             0.00     100.00
  clock uncertainty                                      -0.03      99.97
  U_Reg_File/RdData_reg[0]/CK (SDFFRQX2M)                 0.00      99.97 r
  library setup time                                     -0.61      99.36
  data required time                                                99.36
  --------------------------------------------------------------------------
  data required time                                                99.36
  data arrival time                                                -21.60
  --------------------------------------------------------------------------
  slack (MET)                                                       77.76


  Startpoint: SE (input port clocked by scan_clk)
  Endpoint: U_Reg_File/mem_reg[1][1]
            (rising edge-triggered flip-flop clocked by scan_clk)
  Path Group: scan_clk
  Path Type: max

  Point                                                   Incr       Path
  --------------------------------------------------------------------------
  clock scan_clk (rise edge)                              0.00       0.00
  clock network delay (ideal)                             0.00       0.00
  input external delay                                   20.00      20.00 r
  SE (in)                                                 0.51      20.51 r
  U_Reg_File/test_se (Reg_File_test_1)                    0.00      20.51 r
  U_Reg_File/U374/Y (DLY1X1M)                             1.09      21.60 r
  U_Reg_File/mem_reg[1][1]/SE (SDFFRQX2M)                 0.00      21.60 r
  data arrival time                                                 21.60

  clock scan_clk (rise edge)                            100.00     100.00
  clock network delay (ideal)                             0.00     100.00
  clock uncertainty                                      -0.03      99.97
  U_Reg_File/mem_reg[1][1]/CK (SDFFRQX2M)                 0.00      99.97 r
  library setup time                                     -0.61      99.36
  data required time                                                99.36
  --------------------------------------------------------------------------
  data required time                                                99.36
  data arrival time                                                -21.60
  --------------------------------------------------------------------------
  slack (MET)                                                       77.76


  Startpoint: SE (input port clocked by scan_clk)
  Endpoint: U_Reg_File/mem_reg[0][7]
            (rising edge-triggered flip-flop clocked by scan_clk)
  Path Group: scan_clk
  Path Type: max

  Point                                                   Incr       Path
  --------------------------------------------------------------------------
  clock scan_clk (rise edge)                              0.00       0.00
  clock network delay (ideal)                             0.00       0.00
  input external delay                                   20.00      20.00 r
  SE (in)                                                 0.51      20.51 r
  U_Reg_File/test_se (Reg_File_test_1)                    0.00      20.51 r
  U_Reg_File/U377/Y (DLY1X1M)                             1.09      21.60 r
  U_Reg_File/mem_reg[0][7]/SE (SDFFRQX2M)                 0.00      21.60 r
  data arrival time                                                 21.60

  clock scan_clk (rise edge)                            100.00     100.00
  clock network delay (ideal)                             0.00     100.00
  clock uncertainty                                      -0.03      99.97
  U_Reg_File/mem_reg[0][7]/CK (SDFFRQX2M)                 0.00      99.97 r
  library setup time                                     -0.61      99.36
  data required time                                                99.36
  --------------------------------------------------------------------------
  data required time                                                99.36
  data arrival time                                                -21.60
  --------------------------------------------------------------------------
  slack (MET)                                                       77.76


  Startpoint: SE (input port clocked by scan_clk)
  Endpoint: U_Reg_File/mem_reg[0][4]
            (rising edge-triggered flip-flop clocked by scan_clk)
  Path Group: scan_clk
  Path Type: max

  Point                                                   Incr       Path
  --------------------------------------------------------------------------
  clock scan_clk (rise edge)                              0.00       0.00
  clock network delay (ideal)                             0.00       0.00
  input external delay                                   20.00      20.00 r
  SE (in)                                                 0.51      20.51 r
  U_Reg_File/test_se (Reg_File_test_1)                    0.00      20.51 r
  U_Reg_File/U374/Y (DLY1X1M)                             1.09      21.60 r
  U_Reg_File/mem_reg[0][4]/SE (SDFFRQX2M)                 0.00      21.60 r
  data arrival time                                                 21.60

  clock scan_clk (rise edge)                            100.00     100.00
  clock network delay (ideal)                             0.00     100.00
  clock uncertainty                                      -0.03      99.97
  U_Reg_File/mem_reg[0][4]/CK (SDFFRQX2M)                 0.00      99.97 r
  library setup time                                     -0.61      99.36
  data required time                                                99.36
  --------------------------------------------------------------------------
  data required time                                                99.36
  data arrival time                                                -21.60
  --------------------------------------------------------------------------
  slack (MET)                                                       77.76


  Startpoint: SE (input port clocked by scan_clk)
  Endpoint: U_Reg_File/mem_reg[0][3]
            (rising edge-triggered flip-flop clocked by scan_clk)
  Path Group: scan_clk
  Path Type: max

  Point                                                   Incr       Path
  --------------------------------------------------------------------------
  clock scan_clk (rise edge)                              0.00       0.00
  clock network delay (ideal)                             0.00       0.00
  input external delay                                   20.00      20.00 r
  SE (in)                                                 0.51      20.51 r
  U_Reg_File/test_se (Reg_File_test_1)                    0.00      20.51 r
  U_Reg_File/U377/Y (DLY1X1M)                             1.09      21.60 r
  U_Reg_File/mem_reg[0][3]/SE (SDFFRQX2M)                 0.00      21.60 r
  data arrival time                                                 21.60

  clock scan_clk (rise edge)                            100.00     100.00
  clock network delay (ideal)                             0.00     100.00
  clock uncertainty                                      -0.03      99.97
  U_Reg_File/mem_reg[0][3]/CK (SDFFRQX2M)                 0.00      99.97 r
  library setup time                                     -0.61      99.36
  data required time                                                99.36
  --------------------------------------------------------------------------
  data required time                                                99.36
  data arrival time                                                -21.60
  --------------------------------------------------------------------------
  slack (MET)                                                       77.76


  Startpoint: SE (input port clocked by scan_clk)
  Endpoint: U_Reg_File/mem_reg[0][0]
            (rising edge-triggered flip-flop clocked by scan_clk)
  Path Group: scan_clk
  Path Type: max

  Point                                                   Incr       Path
  --------------------------------------------------------------------------
  clock scan_clk (rise edge)                              0.00       0.00
  clock network delay (ideal)                             0.00       0.00
  input external delay                                   20.00      20.00 r
  SE (in)                                                 0.51      20.51 r
  U_Reg_File/test_se (Reg_File_test_1)                    0.00      20.51 r
  U_Reg_File/U374/Y (DLY1X1M)                             1.09      21.60 r
  U_Reg_File/mem_reg[0][0]/SE (SDFFRQX2M)                 0.00      21.60 r
  data arrival time                                                 21.60

  clock scan_clk (rise edge)                            100.00     100.00
  clock network delay (ideal)                             0.00     100.00
  clock uncertainty                                      -0.03      99.97
  U_Reg_File/mem_reg[0][0]/CK (SDFFRQX2M)                 0.00      99.97 r
  library setup time                                     -0.61      99.36
  data required time                                                99.36
  --------------------------------------------------------------------------
  data required time                                                99.36
  data arrival time                                                -21.60
  --------------------------------------------------------------------------
  slack (MET)                                                       77.76


  Startpoint: SE (input port clocked by scan_clk)
  Endpoint: U_Reg_File/mem_reg[2][1]
            (rising edge-triggered flip-flop clocked by scan_clk)
  Path Group: scan_clk
  Path Type: max

  Point                                                   Incr       Path
  --------------------------------------------------------------------------
  clock scan_clk (rise edge)                              0.00       0.00
  clock network delay (ideal)                             0.00       0.00
  input external delay                                   20.00      20.00 r
  SE (in)                                                 0.51      20.51 r
  U_Reg_File/test_se (Reg_File_test_1)                    0.00      20.51 r
  U_Reg_File/U377/Y (DLY1X1M)                             1.09      21.60 r
  U_Reg_File/mem_reg[2][1]/SE (SDFFRQX2M)                 0.00      21.60 r
  data arrival time                                                 21.60

  clock scan_clk (rise edge)                            100.00     100.00
  clock network delay (ideal)                             0.00     100.00
  clock uncertainty                                      -0.03      99.97
  U_Reg_File/mem_reg[2][1]/CK (SDFFRQX2M)                 0.00      99.97 r
  library setup time                                     -0.61      99.36
  data required time                                                99.36
  --------------------------------------------------------------------------
  data required time                                                99.36
  data arrival time                                                -21.60
  --------------------------------------------------------------------------
  slack (MET)                                                       77.76


  Startpoint: SE (input port clocked by scan_clk)
  Endpoint: U_Reg_File/mem_reg[3][7]
            (rising edge-triggered flip-flop clocked by scan_clk)
  Path Group: scan_clk
  Path Type: max

  Point                                                   Incr       Path
  --------------------------------------------------------------------------
  clock scan_clk (rise edge)                              0.00       0.00
  clock network delay (ideal)                             0.00       0.00
  input external delay                                   20.00      20.00 r
  SE (in)                                                 0.51      20.51 r
  U_Reg_File/test_se (Reg_File_test_1)                    0.00      20.51 r
  U_Reg_File/U374/Y (DLY1X1M)                             1.09      21.60 r
  U_Reg_File/mem_reg[3][7]/SE (SDFFRQX2M)                 0.00      21.60 r
  data arrival time                                                 21.60

  clock scan_clk (rise edge)                            100.00     100.00
  clock network delay (ideal)                             0.00     100.00
  clock uncertainty                                      -0.03      99.97
  U_Reg_File/mem_reg[3][7]/CK (SDFFRQX2M)                 0.00      99.97 r
  library setup time                                     -0.61      99.36
  data required time                                                99.36
  --------------------------------------------------------------------------
  data required time                                                99.36
  data arrival time                                                -21.60
  --------------------------------------------------------------------------
  slack (MET)                                                       77.76


  Startpoint: SE (input port clocked by scan_clk)
  Endpoint: U_Reg_File/RdData_Valid_reg
            (rising edge-triggered flip-flop clocked by scan_clk)
  Path Group: scan_clk
  Path Type: max

  Point                                                   Incr       Path
  --------------------------------------------------------------------------
  clock scan_clk (rise edge)                              0.00       0.00
  clock network delay (ideal)                             0.00       0.00
  input external delay                                   20.00      20.00 r
  SE (in)                                                 0.51      20.51 r
  U_Reg_File/test_se (Reg_File_test_1)                    0.00      20.51 r
  U_Reg_File/U377/Y (DLY1X1M)                             1.09      21.60 r
  U_Reg_File/RdData_Valid_reg/SE (SDFFRQX2M)              0.00      21.60 r
  data arrival time                                                 21.60

  clock scan_clk (rise edge)                            100.00     100.00
  clock network delay (ideal)                             0.00     100.00
  clock uncertainty                                      -0.03      99.97
  U_Reg_File/RdData_Valid_reg/CK (SDFFRQX2M)              0.00      99.97 r
  library setup time                                     -0.61      99.36
  data required time                                                99.36
  --------------------------------------------------------------------------
  data required time                                                99.36
  data arrival time                                                -21.60
  --------------------------------------------------------------------------
  slack (MET)                                                       77.76


  Startpoint: SE (input port clocked by scan_clk)
  Endpoint: U_Reg_File/mem_reg[3][4]
            (rising edge-triggered flip-flop clocked by scan_clk)
  Path Group: scan_clk
  Path Type: max

  Point                                                   Incr       Path
  --------------------------------------------------------------------------
  clock scan_clk (rise edge)                              0.00       0.00
  clock network delay (ideal)                             0.00       0.00
  input external delay                                   20.00      20.00 r
  SE (in)                                                 0.51      20.51 r
  U_Reg_File/test_se (Reg_File_test_1)                    0.00      20.51 r
  U_Reg_File/U374/Y (DLY1X1M)                             1.09      21.60 r
  U_Reg_File/mem_reg[3][4]/SE (SDFFRQX2M)                 0.00      21.60 r
  data arrival time                                                 21.60

  clock scan_clk (rise edge)                            100.00     100.00
  clock network delay (ideal)                             0.00     100.00
  clock uncertainty                                      -0.03      99.97
  U_Reg_File/mem_reg[3][4]/CK (SDFFRQX2M)                 0.00      99.97 r
  library setup time                                     -0.61      99.36
  data required time                                                99.36
  --------------------------------------------------------------------------
  data required time                                                99.36
  data arrival time                                                -21.60
  --------------------------------------------------------------------------
  slack (MET)                                                       77.76


  Startpoint: SE (input port clocked by scan_clk)
  Endpoint: U_Reg_File/mem_reg[3][0]
            (rising edge-triggered flip-flop clocked by scan_clk)
  Path Group: scan_clk
  Path Type: max

  Point                                                   Incr       Path
  --------------------------------------------------------------------------
  clock scan_clk (rise edge)                              0.00       0.00
  clock network delay (ideal)                             0.00       0.00
  input external delay                                   20.00      20.00 r
  SE (in)                                                 0.51      20.51 r
  U_Reg_File/test_se (Reg_File_test_1)                    0.00      20.51 r
  U_Reg_File/U377/Y (DLY1X1M)                             1.09      21.60 r
  U_Reg_File/mem_reg[3][0]/SE (SDFFRQX2M)                 0.00      21.60 r
  data arrival time                                                 21.60

  clock scan_clk (rise edge)                            100.00     100.00
  clock network delay (ideal)                             0.00     100.00
  clock uncertainty                                      -0.03      99.97
  U_Reg_File/mem_reg[3][0]/CK (SDFFRQX2M)                 0.00      99.97 r
  library setup time                                     -0.61      99.36
  data required time                                                99.36
  --------------------------------------------------------------------------
  data required time                                                99.36
  data arrival time                                                -21.60
  --------------------------------------------------------------------------
  slack (MET)                                                       77.76


  Startpoint: SE (input port clocked by scan_clk)
  Endpoint: U_Reg_File/mem_reg[2][4]
            (rising edge-triggered flip-flop clocked by scan_clk)
  Path Group: scan_clk
  Path Type: max

  Point                                                   Incr       Path
  --------------------------------------------------------------------------
  clock scan_clk (rise edge)                              0.00       0.00
  clock network delay (ideal)                             0.00       0.00
  input external delay                                   20.00      20.00 r
  SE (in)                                                 0.51      20.51 r
  U_Reg_File/test_se (Reg_File_test_1)                    0.00      20.51 r
  U_Reg_File/U374/Y (DLY1X1M)                             1.09      21.60 r
  U_Reg_File/mem_reg[2][4]/SE (SDFFRQX2M)                 0.00      21.60 r
  data arrival time                                                 21.60

  clock scan_clk (rise edge)                            100.00     100.00
  clock network delay (ideal)                             0.00     100.00
  clock uncertainty                                      -0.03      99.97
  U_Reg_File/mem_reg[2][4]/CK (SDFFRQX2M)                 0.00      99.97 r
  library setup time                                     -0.61      99.36
  data required time                                                99.36
  --------------------------------------------------------------------------
  data required time                                                99.36
  data arrival time                                                -21.60
  --------------------------------------------------------------------------
  slack (MET)                                                       77.76


  Startpoint: SE (input port clocked by scan_clk)
  Endpoint: U_Reg_File/mem_reg[2][3]
            (rising edge-triggered flip-flop clocked by scan_clk)
  Path Group: scan_clk
  Path Type: max

  Point                                                   Incr       Path
  --------------------------------------------------------------------------
  clock scan_clk (rise edge)                              0.00       0.00
  clock network delay (ideal)                             0.00       0.00
  input external delay                                   20.00      20.00 r
  SE (in)                                                 0.51      20.51 r
  U_Reg_File/test_se (Reg_File_test_1)                    0.00      20.51 r
  U_Reg_File/U377/Y (DLY1X1M)                             1.09      21.60 r
  U_Reg_File/mem_reg[2][3]/SE (SDFFRQX2M)                 0.00      21.60 r
  data arrival time                                                 21.60

  clock scan_clk (rise edge)                            100.00     100.00
  clock network delay (ideal)                             0.00     100.00
  clock uncertainty                                      -0.03      99.97
  U_Reg_File/mem_reg[2][3]/CK (SDFFRQX2M)                 0.00      99.97 r
  library setup time                                     -0.61      99.36
  data required time                                                99.36
  --------------------------------------------------------------------------
  data required time                                                99.36
  data arrival time                                                -21.60
  --------------------------------------------------------------------------
  slack (MET)                                                       77.76


  Startpoint: SE (input port clocked by scan_clk)
  Endpoint: U_Reg_File/mem_reg[1][2]
            (rising edge-triggered flip-flop clocked by scan_clk)
  Path Group: scan_clk
  Path Type: max

  Point                                                   Incr       Path
  --------------------------------------------------------------------------
  clock scan_clk (rise edge)                              0.00       0.00
  clock network delay (ideal)                             0.00       0.00
  input external delay                                   20.00      20.00 r
  SE (in)                                                 0.51      20.51 r
  U_Reg_File/test_se (Reg_File_test_1)                    0.00      20.51 r
  U_Reg_File/U374/Y (DLY1X1M)                             1.09      21.60 r
  U_Reg_File/mem_reg[1][2]/SE (SDFFRQX2M)                 0.00      21.60 r
  data arrival time                                                 21.60

  clock scan_clk (rise edge)                            100.00     100.00
  clock network delay (ideal)                             0.00     100.00
  clock uncertainty                                      -0.03      99.97
  U_Reg_File/mem_reg[1][2]/CK (SDFFRQX2M)                 0.00      99.97 r
  library setup time                                     -0.61      99.36
  data required time                                                99.36
  --------------------------------------------------------------------------
  data required time                                                99.36
  data arrival time                                                -21.60
  --------------------------------------------------------------------------
  slack (MET)                                                       77.76


  Startpoint: SE (input port clocked by scan_clk)
  Endpoint: U_Reg_File/mem_reg[1][3]
            (rising edge-triggered flip-flop clocked by scan_clk)
  Path Group: scan_clk
  Path Type: max

  Point                                                   Incr       Path
  --------------------------------------------------------------------------
  clock scan_clk (rise edge)                              0.00       0.00
  clock network delay (ideal)                             0.00       0.00
  input external delay                                   20.00      20.00 r
  SE (in)                                                 0.51      20.51 r
  U_Reg_File/test_se (Reg_File_test_1)                    0.00      20.51 r
  U_Reg_File/U377/Y (DLY1X1M)                             1.09      21.60 r
  U_Reg_File/mem_reg[1][3]/SE (SDFFRQX2M)                 0.00      21.60 r
  data arrival time                                                 21.60

  clock scan_clk (rise edge)                            100.00     100.00
  clock network delay (ideal)                             0.00     100.00
  clock uncertainty                                      -0.03      99.97
  U_Reg_File/mem_reg[1][3]/CK (SDFFRQX2M)                 0.00      99.97 r
  library setup time                                     -0.61      99.36
  data required time                                                99.36
  --------------------------------------------------------------------------
  data required time                                                99.36
  data arrival time                                                -21.60
  --------------------------------------------------------------------------
  slack (MET)                                                       77.76


1
