 
****************************************
Report : timing
        -path full
        -delay min
        -max_paths 100
Design : SYS_TOP
Version: K-2015.06
Date   : Tue Sep 30 11:28:47 2025
****************************************

Operating Conditions: scmetro_tsmc_cl013g_rvt_ff_1p32v_m40c   Library: scmetro_tsmc_cl013g_rvt_ff_1p32v_m40c
Wire Load Model Mode: top

  Startpoint: U_ALU/OUT_Valid_reg
              (rising edge-triggered flip-flop clocked by ALU_CLK)
  Endpoint: U_ALU/OUT_Valid_reg
            (rising edge-triggered flip-flop clocked by ALU_CLK)
  Path Group: ALU_CLK
  Path Type: min

  Point                                    Incr       Path
  -----------------------------------------------------------
  clock ALU_CLK (rise edge)                0.00       0.00
  clock network delay (ideal)              0.00       0.00
  U_ALU/OUT_Valid_reg/CK (DFFRQX2M)        0.00       0.00 r
  U_ALU/OUT_Valid_reg/Q (DFFRQX2M)         0.46       0.46 f
  U_ALU/OUT_Valid (ALU)                    0.00       0.46 f
  U_SYS_CTRL/OUT_Valid (SYS_CTRL)          0.00       0.46 f
  U_SYS_CTRL/U94/Y (NAND3X2M)              0.09       0.55 r
  U_SYS_CTRL/U26/Y (NOR2X2M)               0.09       0.64 f
  U_SYS_CTRL/U10/Y (INVX2M)                0.08       0.72 r
  U_SYS_CTRL/U36/Y (NAND2X2M)              0.08       0.81 f
  U_SYS_CTRL/ALU_EN (SYS_CTRL)             0.00       0.81 f
  U_ALU/Enable (ALU)                       0.00       0.81 f
  U_ALU/OUT_Valid_reg/D (DFFRQX2M)         0.00       0.81 f
  data arrival time                                   0.81

  clock ALU_CLK (rise edge)                0.00       0.00
  clock network delay (ideal)              0.00       0.00
  clock uncertainty                        0.10       0.10
  U_ALU/OUT_Valid_reg/CK (DFFRQX2M)        0.00       0.10 r
  library hold time                       -0.03       0.07
  data required time                                  0.07
  -----------------------------------------------------------
  data required time                                  0.07
  data arrival time                                  -0.81
  -----------------------------------------------------------
  slack (MET)                                         0.74


  Startpoint: U_Reg_File/mem_reg[1][0]
              (rising edge-triggered flip-flop clocked by REF_CLK)
  Endpoint: U_ALU/ALU_OUT_reg[0]
            (rising edge-triggered flip-flop clocked by ALU_CLK)
  Path Group: ALU_CLK
  Path Type: min

  Point                                                   Incr       Path
  --------------------------------------------------------------------------
  clock REF_CLK (rise edge)                               0.00       0.00
  clock network delay (ideal)                             0.00       0.00
  U_Reg_File/mem_reg[1][0]/CK (DFFRQX2M)                  0.00       0.00 r
  U_Reg_File/mem_reg[1][0]/Q (DFFRQX2M)                   0.58       0.58 f
  U_Reg_File/REG1[0] (Reg_File)                           0.00       0.58 f
  U_ALU/B[0] (ALU)                                        0.00       0.58 f
  U_ALU/sub_53/B[0] (ALU_DW01_sub_0)                      0.00       0.58 f
  U_ALU/sub_53/U7/Y (INVX2M)                              0.09       0.67 r
  U_ALU/sub_53/U6/Y (XNOR2X2M)                            0.05       0.72 f
  U_ALU/sub_53/DIFF[0] (ALU_DW01_sub_0)                   0.00       0.72 f
  U_ALU/U46/Y (AOI22X1M)                                  0.10       0.82 r
  U_ALU/U45/Y (AOI31X2M)                                  0.09       0.91 f
  U_ALU/ALU_OUT_reg[0]/D (DFFRQX2M)                       0.00       0.91 f
  data arrival time                                                  0.91

  clock ALU_CLK (rise edge)                               0.00       0.00
  clock network delay (ideal)                             0.00       0.00
  clock uncertainty                                       0.10       0.10
  U_ALU/ALU_OUT_reg[0]/CK (DFFRQX2M)                      0.00       0.10 r
  library hold time                                      -0.03       0.07
  data required time                                                 0.07
  --------------------------------------------------------------------------
  data required time                                                 0.07
  data arrival time                                                 -0.91
  --------------------------------------------------------------------------
  slack (MET)                                                        0.83


  Startpoint: U_Reg_File/mem_reg[0][7]
              (rising edge-triggered flip-flop clocked by REF_CLK)
  Endpoint: U_ALU/ALU_OUT_reg[8]
            (rising edge-triggered flip-flop clocked by ALU_CLK)
  Path Group: ALU_CLK
  Path Type: min

  Point                                                   Incr       Path
  --------------------------------------------------------------------------
  clock REF_CLK (rise edge)                               0.00       0.00
  clock network delay (ideal)                             0.00       0.00
  U_Reg_File/mem_reg[0][7]/CK (DFFRQX2M)                  0.00       0.00 r
  U_Reg_File/mem_reg[0][7]/Q (DFFRQX2M)                   0.48       0.48 f
  U_Reg_File/REG0[7] (Reg_File)                           0.00       0.48 f
  U_ALU/A[7] (ALU)                                        0.00       0.48 f
  U_ALU/U3/Y (BUFX2M)                                     0.22       0.71 f
  U_ALU/U85/Y (AOI22X1M)                                  0.13       0.84 r
  U_ALU/U83/Y (AOI21X2M)                                  0.08       0.91 f
  U_ALU/ALU_OUT_reg[8]/D (DFFRQX2M)                       0.00       0.91 f
  data arrival time                                                  0.91

  clock ALU_CLK (rise edge)                               0.00       0.00
  clock network delay (ideal)                             0.00       0.00
  clock uncertainty                                       0.10       0.10
  U_ALU/ALU_OUT_reg[8]/CK (DFFRQX2M)                      0.00       0.10 r
  library hold time                                      -0.03       0.07
  data required time                                                 0.07
  --------------------------------------------------------------------------
  data required time                                                 0.07
  data arrival time                                                 -0.91
  --------------------------------------------------------------------------
  slack (MET)                                                        0.84


  Startpoint: U_Reg_File/mem_reg[0][6]
              (rising edge-triggered flip-flop clocked by REF_CLK)
  Endpoint: U_ALU/ALU_OUT_reg[7]
            (rising edge-triggered flip-flop clocked by ALU_CLK)
  Path Group: ALU_CLK
  Path Type: min

  Point                                                   Incr       Path
  --------------------------------------------------------------------------
  clock REF_CLK (rise edge)                               0.00       0.00
  clock network delay (ideal)                             0.00       0.00
  U_Reg_File/mem_reg[0][6]/CK (DFFRQX2M)                  0.00       0.00 r
  U_Reg_File/mem_reg[0][6]/Q (DFFRQX2M)                   0.48       0.48 f
  U_Reg_File/REG0[6] (Reg_File)                           0.00       0.48 f
  U_ALU/A[6] (ALU)                                        0.00       0.48 f
  U_ALU/U4/Y (BUFX2M)                                     0.25       0.73 f
  U_ALU/U80/Y (AOI22X1M)                                  0.14       0.87 r
  U_ALU/U79/Y (AOI31X2M)                                  0.09       0.96 f
  U_ALU/ALU_OUT_reg[7]/D (DFFRQX2M)                       0.00       0.96 f
  data arrival time                                                  0.96

  clock ALU_CLK (rise edge)                               0.00       0.00
  clock network delay (ideal)                             0.00       0.00
  clock uncertainty                                       0.10       0.10
  U_ALU/ALU_OUT_reg[7]/CK (DFFRQX2M)                      0.00       0.10 r
  library hold time                                      -0.03       0.07
  data required time                                                 0.07
  --------------------------------------------------------------------------
  data required time                                                 0.07
  data arrival time                                                 -0.96
  --------------------------------------------------------------------------
  slack (MET)                                                        0.89


  Startpoint: U_Reg_File/mem_reg[0][1]
              (rising edge-triggered flip-flop clocked by REF_CLK)
  Endpoint: U_ALU/ALU_OUT_reg[1]
            (rising edge-triggered flip-flop clocked by ALU_CLK)
  Path Group: ALU_CLK
  Path Type: min

  Point                                                   Incr       Path
  --------------------------------------------------------------------------
  clock REF_CLK (rise edge)                               0.00       0.00
  clock network delay (ideal)                             0.00       0.00
  U_Reg_File/mem_reg[0][1]/CK (DFFRQX2M)                  0.00       0.00 r
  U_Reg_File/mem_reg[0][1]/Q (DFFRQX2M)                   0.48       0.48 f
  U_Reg_File/REG0[1] (Reg_File)                           0.00       0.48 f
  U_ALU/A[1] (ALU)                                        0.00       0.48 f
  U_ALU/U5/Y (BUFX2M)                                     0.24       0.72 f
  U_ALU/U54/Y (AOI222X1M)                                 0.17       0.90 r
  U_ALU/U52/Y (AOI31X2M)                                  0.11       1.01 f
  U_ALU/ALU_OUT_reg[1]/D (DFFRQX2M)                       0.00       1.01 f
  data arrival time                                                  1.01

  clock ALU_CLK (rise edge)                               0.00       0.00
  clock network delay (ideal)                             0.00       0.00
  clock uncertainty                                       0.10       0.10
  U_ALU/ALU_OUT_reg[1]/CK (DFFRQX2M)                      0.00       0.10 r
  library hold time                                      -0.03       0.07
  data required time                                                 0.07
  --------------------------------------------------------------------------
  data required time                                                 0.07
  data arrival time                                                 -1.01
  --------------------------------------------------------------------------
  slack (MET)                                                        0.94


  Startpoint: U_ALU/OUT_Valid_reg
              (rising edge-triggered flip-flop clocked by ALU_CLK)
  Endpoint: U_ALU/ALU_OUT_reg[15]
            (rising edge-triggered flip-flop clocked by ALU_CLK)
  Path Group: ALU_CLK
  Path Type: min

  Point                                    Incr       Path
  -----------------------------------------------------------
  clock ALU_CLK (rise edge)                0.00       0.00
  clock network delay (ideal)              0.00       0.00
  U_ALU/OUT_Valid_reg/CK (DFFRQX2M)        0.00       0.00 r
  U_ALU/OUT_Valid_reg/Q (DFFRQX2M)         0.46       0.46 f
  U_ALU/OUT_Valid (ALU)                    0.00       0.46 f
  U_SYS_CTRL/OUT_Valid (SYS_CTRL)          0.00       0.46 f
  U_SYS_CTRL/U94/Y (NAND3X2M)              0.09       0.55 r
  U_SYS_CTRL/U26/Y (NOR2X2M)               0.09       0.64 f
  U_SYS_CTRL/U10/Y (INVX2M)                0.08       0.72 r
  U_SYS_CTRL/U36/Y (NAND2X2M)              0.08       0.81 f
  U_SYS_CTRL/ALU_EN (SYS_CTRL)             0.00       0.81 f
  U_ALU/Enable (ALU)                       0.00       0.81 f
  U_ALU/U37/Y (NAND2X2M)                   0.15       0.96 r
  U_ALU/U13/Y (OAI2BB1X2M)                 0.07       1.03 f
  U_ALU/ALU_OUT_reg[15]/D (DFFRQX2M)       0.00       1.03 f
  data arrival time                                   1.03

  clock ALU_CLK (rise edge)                0.00       0.00
  clock network delay (ideal)              0.00       0.00
  clock uncertainty                        0.10       0.10
  U_ALU/ALU_OUT_reg[15]/CK (DFFRQX2M)      0.00       0.10 r
  library hold time                       -0.03       0.07
  data required time                                  0.07
  -----------------------------------------------------------
  data required time                                  0.07
  data arrival time                                  -1.03
  -----------------------------------------------------------
  slack (MET)                                         0.96


  Startpoint: U_ALU/OUT_Valid_reg
              (rising edge-triggered flip-flop clocked by ALU_CLK)
  Endpoint: U_ALU/ALU_OUT_reg[14]
            (rising edge-triggered flip-flop clocked by ALU_CLK)
  Path Group: ALU_CLK
  Path Type: min

  Point                                    Incr       Path
  -----------------------------------------------------------
  clock ALU_CLK (rise edge)                0.00       0.00
  clock network delay (ideal)              0.00       0.00
  U_ALU/OUT_Valid_reg/CK (DFFRQX2M)        0.00       0.00 r
  U_ALU/OUT_Valid_reg/Q (DFFRQX2M)         0.46       0.46 f
  U_ALU/OUT_Valid (ALU)                    0.00       0.46 f
  U_SYS_CTRL/OUT_Valid (SYS_CTRL)          0.00       0.46 f
  U_SYS_CTRL/U94/Y (NAND3X2M)              0.09       0.55 r
  U_SYS_CTRL/U26/Y (NOR2X2M)               0.09       0.64 f
  U_SYS_CTRL/U10/Y (INVX2M)                0.08       0.72 r
  U_SYS_CTRL/U36/Y (NAND2X2M)              0.08       0.81 f
  U_SYS_CTRL/ALU_EN (SYS_CTRL)             0.00       0.81 f
  U_ALU/Enable (ALU)                       0.00       0.81 f
  U_ALU/U37/Y (NAND2X2M)                   0.15       0.96 r
  U_ALU/U12/Y (OAI2BB1X2M)                 0.07       1.03 f
  U_ALU/ALU_OUT_reg[14]/D (DFFRQX2M)       0.00       1.03 f
  data arrival time                                   1.03

  clock ALU_CLK (rise edge)                0.00       0.00
  clock network delay (ideal)              0.00       0.00
  clock uncertainty                        0.10       0.10
  U_ALU/ALU_OUT_reg[14]/CK (DFFRQX2M)      0.00       0.10 r
  library hold time                       -0.03       0.07
  data required time                                  0.07
  -----------------------------------------------------------
  data required time                                  0.07
  data arrival time                                  -1.03
  -----------------------------------------------------------
  slack (MET)                                         0.96


  Startpoint: U_ALU/OUT_Valid_reg
              (rising edge-triggered flip-flop clocked by ALU_CLK)
  Endpoint: U_ALU/ALU_OUT_reg[13]
            (rising edge-triggered flip-flop clocked by ALU_CLK)
  Path Group: ALU_CLK
  Path Type: min

  Point                                    Incr       Path
  -----------------------------------------------------------
  clock ALU_CLK (rise edge)                0.00       0.00
  clock network delay (ideal)              0.00       0.00
  U_ALU/OUT_Valid_reg/CK (DFFRQX2M)        0.00       0.00 r
  U_ALU/OUT_Valid_reg/Q (DFFRQX2M)         0.46       0.46 f
  U_ALU/OUT_Valid (ALU)                    0.00       0.46 f
  U_SYS_CTRL/OUT_Valid (SYS_CTRL)          0.00       0.46 f
  U_SYS_CTRL/U94/Y (NAND3X2M)              0.09       0.55 r
  U_SYS_CTRL/U26/Y (NOR2X2M)               0.09       0.64 f
  U_SYS_CTRL/U10/Y (INVX2M)                0.08       0.72 r
  U_SYS_CTRL/U36/Y (NAND2X2M)              0.08       0.81 f
  U_SYS_CTRL/ALU_EN (SYS_CTRL)             0.00       0.81 f
  U_ALU/Enable (ALU)                       0.00       0.81 f
  U_ALU/U37/Y (NAND2X2M)                   0.15       0.96 r
  U_ALU/U16/Y (OAI2BB1X2M)                 0.07       1.03 f
  U_ALU/ALU_OUT_reg[13]/D (DFFRQX2M)       0.00       1.03 f
  data arrival time                                   1.03

  clock ALU_CLK (rise edge)                0.00       0.00
  clock network delay (ideal)              0.00       0.00
  clock uncertainty                        0.10       0.10
  U_ALU/ALU_OUT_reg[13]/CK (DFFRQX2M)      0.00       0.10 r
  library hold time                       -0.03       0.07
  data required time                                  0.07
  -----------------------------------------------------------
  data required time                                  0.07
  data arrival time                                  -1.03
  -----------------------------------------------------------
  slack (MET)                                         0.96


  Startpoint: U_ALU/OUT_Valid_reg
              (rising edge-triggered flip-flop clocked by ALU_CLK)
  Endpoint: U_ALU/ALU_OUT_reg[12]
            (rising edge-triggered flip-flop clocked by ALU_CLK)
  Path Group: ALU_CLK
  Path Type: min

  Point                                    Incr       Path
  -----------------------------------------------------------
  clock ALU_CLK (rise edge)                0.00       0.00
  clock network delay (ideal)              0.00       0.00
  U_ALU/OUT_Valid_reg/CK (DFFRQX2M)        0.00       0.00 r
  U_ALU/OUT_Valid_reg/Q (DFFRQX2M)         0.46       0.46 f
  U_ALU/OUT_Valid (ALU)                    0.00       0.46 f
  U_SYS_CTRL/OUT_Valid (SYS_CTRL)          0.00       0.46 f
  U_SYS_CTRL/U94/Y (NAND3X2M)              0.09       0.55 r
  U_SYS_CTRL/U26/Y (NOR2X2M)               0.09       0.64 f
  U_SYS_CTRL/U10/Y (INVX2M)                0.08       0.72 r
  U_SYS_CTRL/U36/Y (NAND2X2M)              0.08       0.81 f
  U_SYS_CTRL/ALU_EN (SYS_CTRL)             0.00       0.81 f
  U_ALU/Enable (ALU)                       0.00       0.81 f
  U_ALU/U37/Y (NAND2X2M)                   0.15       0.96 r
  U_ALU/U15/Y (OAI2BB1X2M)                 0.07       1.03 f
  U_ALU/ALU_OUT_reg[12]/D (DFFRQX2M)       0.00       1.03 f
  data arrival time                                   1.03

  clock ALU_CLK (rise edge)                0.00       0.00
  clock network delay (ideal)              0.00       0.00
  clock uncertainty                        0.10       0.10
  U_ALU/ALU_OUT_reg[12]/CK (DFFRQX2M)      0.00       0.10 r
  library hold time                       -0.03       0.07
  data required time                                  0.07
  -----------------------------------------------------------
  data required time                                  0.07
  data arrival time                                  -1.03
  -----------------------------------------------------------
  slack (MET)                                         0.96


  Startpoint: U_ALU/OUT_Valid_reg
              (rising edge-triggered flip-flop clocked by ALU_CLK)
  Endpoint: U_ALU/ALU_OUT_reg[11]
            (rising edge-triggered flip-flop clocked by ALU_CLK)
  Path Group: ALU_CLK
  Path Type: min

  Point                                    Incr       Path
  -----------------------------------------------------------
  clock ALU_CLK (rise edge)                0.00       0.00
  clock network delay (ideal)              0.00       0.00
  U_ALU/OUT_Valid_reg/CK (DFFRQX2M)        0.00       0.00 r
  U_ALU/OUT_Valid_reg/Q (DFFRQX2M)         0.46       0.46 f
  U_ALU/OUT_Valid (ALU)                    0.00       0.46 f
  U_SYS_CTRL/OUT_Valid (SYS_CTRL)          0.00       0.46 f
  U_SYS_CTRL/U94/Y (NAND3X2M)              0.09       0.55 r
  U_SYS_CTRL/U26/Y (NOR2X2M)               0.09       0.64 f
  U_SYS_CTRL/U10/Y (INVX2M)                0.08       0.72 r
  U_SYS_CTRL/U36/Y (NAND2X2M)              0.08       0.81 f
  U_SYS_CTRL/ALU_EN (SYS_CTRL)             0.00       0.81 f
  U_ALU/Enable (ALU)                       0.00       0.81 f
  U_ALU/U37/Y (NAND2X2M)                   0.15       0.96 r
  U_ALU/U14/Y (OAI2BB1X2M)                 0.07       1.03 f
  U_ALU/ALU_OUT_reg[11]/D (DFFRQX2M)       0.00       1.03 f
  data arrival time                                   1.03

  clock ALU_CLK (rise edge)                0.00       0.00
  clock network delay (ideal)              0.00       0.00
  clock uncertainty                        0.10       0.10
  U_ALU/ALU_OUT_reg[11]/CK (DFFRQX2M)      0.00       0.10 r
  library hold time                       -0.03       0.07
  data required time                                  0.07
  -----------------------------------------------------------
  data required time                                  0.07
  data arrival time                                  -1.03
  -----------------------------------------------------------
  slack (MET)                                         0.96


  Startpoint: U_ALU/OUT_Valid_reg
              (rising edge-triggered flip-flop clocked by ALU_CLK)
  Endpoint: U_ALU/ALU_OUT_reg[10]
            (rising edge-triggered flip-flop clocked by ALU_CLK)
  Path Group: ALU_CLK
  Path Type: min

  Point                                    Incr       Path
  -----------------------------------------------------------
  clock ALU_CLK (rise edge)                0.00       0.00
  clock network delay (ideal)              0.00       0.00
  U_ALU/OUT_Valid_reg/CK (DFFRQX2M)        0.00       0.00 r
  U_ALU/OUT_Valid_reg/Q (DFFRQX2M)         0.46       0.46 f
  U_ALU/OUT_Valid (ALU)                    0.00       0.46 f
  U_SYS_CTRL/OUT_Valid (SYS_CTRL)          0.00       0.46 f
  U_SYS_CTRL/U94/Y (NAND3X2M)              0.09       0.55 r
  U_SYS_CTRL/U26/Y (NOR2X2M)               0.09       0.64 f
  U_SYS_CTRL/U10/Y (INVX2M)                0.08       0.72 r
  U_SYS_CTRL/U36/Y (NAND2X2M)              0.08       0.81 f
  U_SYS_CTRL/ALU_EN (SYS_CTRL)             0.00       0.81 f
  U_ALU/Enable (ALU)                       0.00       0.81 f
  U_ALU/U37/Y (NAND2X2M)                   0.15       0.96 r
  U_ALU/U18/Y (OAI2BB1X2M)                 0.07       1.03 f
  U_ALU/ALU_OUT_reg[10]/D (DFFRQX2M)       0.00       1.03 f
  data arrival time                                   1.03

  clock ALU_CLK (rise edge)                0.00       0.00
  clock network delay (ideal)              0.00       0.00
  clock uncertainty                        0.10       0.10
  U_ALU/ALU_OUT_reg[10]/CK (DFFRQX2M)      0.00       0.10 r
  library hold time                       -0.03       0.07
  data required time                                  0.07
  -----------------------------------------------------------
  data required time                                  0.07
  data arrival time                                  -1.03
  -----------------------------------------------------------
  slack (MET)                                         0.96


  Startpoint: U_ALU/OUT_Valid_reg
              (rising edge-triggered flip-flop clocked by ALU_CLK)
  Endpoint: U_ALU/ALU_OUT_reg[9]
            (rising edge-triggered flip-flop clocked by ALU_CLK)
  Path Group: ALU_CLK
  Path Type: min

  Point                                    Incr       Path
  -----------------------------------------------------------
  clock ALU_CLK (rise edge)                0.00       0.00
  clock network delay (ideal)              0.00       0.00
  U_ALU/OUT_Valid_reg/CK (DFFRQX2M)        0.00       0.00 r
  U_ALU/OUT_Valid_reg/Q (DFFRQX2M)         0.46       0.46 f
  U_ALU/OUT_Valid (ALU)                    0.00       0.46 f
  U_SYS_CTRL/OUT_Valid (SYS_CTRL)          0.00       0.46 f
  U_SYS_CTRL/U94/Y (NAND3X2M)              0.09       0.55 r
  U_SYS_CTRL/U26/Y (NOR2X2M)               0.09       0.64 f
  U_SYS_CTRL/U10/Y (INVX2M)                0.08       0.72 r
  U_SYS_CTRL/U36/Y (NAND2X2M)              0.08       0.81 f
  U_SYS_CTRL/ALU_EN (SYS_CTRL)             0.00       0.81 f
  U_ALU/Enable (ALU)                       0.00       0.81 f
  U_ALU/U37/Y (NAND2X2M)                   0.15       0.96 r
  U_ALU/U17/Y (OAI2BB1X2M)                 0.07       1.03 f
  U_ALU/ALU_OUT_reg[9]/D (DFFRQX2M)        0.00       1.03 f
  data arrival time                                   1.03

  clock ALU_CLK (rise edge)                0.00       0.00
  clock network delay (ideal)              0.00       0.00
  clock uncertainty                        0.10       0.10
  U_ALU/ALU_OUT_reg[9]/CK (DFFRQX2M)       0.00       0.10 r
  library hold time                       -0.03       0.07
  data required time                                  0.07
  -----------------------------------------------------------
  data required time                                  0.07
  data arrival time                                  -1.03
  -----------------------------------------------------------
  slack (MET)                                         0.96


  Startpoint: U_Reg_File/mem_reg[1][4]
              (rising edge-triggered flip-flop clocked by REF_CLK)
  Endpoint: U_ALU/ALU_OUT_reg[4]
            (rising edge-triggered flip-flop clocked by ALU_CLK)
  Path Group: ALU_CLK
  Path Type: min

  Point                                                   Incr       Path
  --------------------------------------------------------------------------
  clock REF_CLK (rise edge)                               0.00       0.00
  clock network delay (ideal)                             0.00       0.00
  U_Reg_File/mem_reg[1][4]/CK (DFFRQX2M)                  0.00       0.00 r
  U_Reg_File/mem_reg[1][4]/Q (DFFRQX2M)                   0.56       0.56 f
  U_Reg_File/REG1[4] (Reg_File)                           0.00       0.56 f
  U_ALU/B[4] (ALU)                                        0.00       0.56 f
  U_ALU/U129/Y (INVX2M)                                   0.10       0.66 r
  U_ALU/U126/Y (OAI21X2M)                                 0.07       0.73 f
  U_ALU/U70/Y (AOI221XLM)                                 0.18       0.92 r
  U_ALU/U67/Y (AOI31X2M)                                  0.12       1.04 f
  U_ALU/ALU_OUT_reg[4]/D (DFFRQX2M)                       0.00       1.04 f
  data arrival time                                                  1.04

  clock ALU_CLK (rise edge)                               0.00       0.00
  clock network delay (ideal)                             0.00       0.00
  clock uncertainty                                       0.10       0.10
  U_ALU/ALU_OUT_reg[4]/CK (DFFRQX2M)                      0.00       0.10 r
  library hold time                                      -0.03       0.07
  data required time                                                 0.07
  --------------------------------------------------------------------------
  data required time                                                 0.07
  data arrival time                                                 -1.04
  --------------------------------------------------------------------------
  slack (MET)                                                        0.97


  Startpoint: U_Reg_File/mem_reg[1][5]
              (rising edge-triggered flip-flop clocked by REF_CLK)
  Endpoint: U_ALU/ALU_OUT_reg[5]
            (rising edge-triggered flip-flop clocked by ALU_CLK)
  Path Group: ALU_CLK
  Path Type: min

  Point                                                   Incr       Path
  --------------------------------------------------------------------------
  clock REF_CLK (rise edge)                               0.00       0.00
  clock network delay (ideal)                             0.00       0.00
  U_Reg_File/mem_reg[1][5]/CK (DFFRQX2M)                  0.00       0.00 r
  U_Reg_File/mem_reg[1][5]/Q (DFFRQX2M)                   0.56       0.56 f
  U_Reg_File/REG1[5] (Reg_File)                           0.00       0.56 f
  U_ALU/B[5] (ALU)                                        0.00       0.56 f
  U_ALU/U134/Y (INVX2M)                                   0.10       0.66 r
  U_ALU/U131/Y (OAI21X2M)                                 0.07       0.73 f
  U_ALU/U74/Y (AOI221XLM)                                 0.18       0.92 r
  U_ALU/U71/Y (AOI31X2M)                                  0.12       1.04 f
  U_ALU/ALU_OUT_reg[5]/D (DFFRQX2M)                       0.00       1.04 f
  data arrival time                                                  1.04

  clock ALU_CLK (rise edge)                               0.00       0.00
  clock network delay (ideal)                             0.00       0.00
  clock uncertainty                                       0.10       0.10
  U_ALU/ALU_OUT_reg[5]/CK (DFFRQX2M)                      0.00       0.10 r
  library hold time                                      -0.03       0.07
  data required time                                                 0.07
  --------------------------------------------------------------------------
  data required time                                                 0.07
  data arrival time                                                 -1.04
  --------------------------------------------------------------------------
  slack (MET)                                                        0.97


  Startpoint: U_Reg_File/mem_reg[1][2]
              (rising edge-triggered flip-flop clocked by REF_CLK)
  Endpoint: U_ALU/ALU_OUT_reg[2]
            (rising edge-triggered flip-flop clocked by ALU_CLK)
  Path Group: ALU_CLK
  Path Type: min

  Point                                                   Incr       Path
  --------------------------------------------------------------------------
  clock REF_CLK (rise edge)                               0.00       0.00
  clock network delay (ideal)                             0.00       0.00
  U_Reg_File/mem_reg[1][2]/CK (DFFRQX2M)                  0.00       0.00 r
  U_Reg_File/mem_reg[1][2]/Q (DFFRQX2M)                   0.55       0.55 f
  U_Reg_File/REG1[2] (Reg_File)                           0.00       0.55 f
  U_ALU/B[2] (ALU)                                        0.00       0.55 f
  U_ALU/U139/Y (INVX2M)                                   0.12       0.67 r
  U_ALU/U117/Y (OAI21X2M)                                 0.08       0.75 f
  U_ALU/U62/Y (AOI221XLM)                                 0.18       0.94 r
  U_ALU/U59/Y (AOI31X2M)                                  0.12       1.06 f
  U_ALU/ALU_OUT_reg[2]/D (DFFRQX2M)                       0.00       1.06 f
  data arrival time                                                  1.06

  clock ALU_CLK (rise edge)                               0.00       0.00
  clock network delay (ideal)                             0.00       0.00
  clock uncertainty                                       0.10       0.10
  U_ALU/ALU_OUT_reg[2]/CK (DFFRQX2M)                      0.00       0.10 r
  library hold time                                      -0.03       0.07
  data required time                                                 0.07
  --------------------------------------------------------------------------
  data required time                                                 0.07
  data arrival time                                                 -1.06
  --------------------------------------------------------------------------
  slack (MET)                                                        0.99


  Startpoint: U_Reg_File/mem_reg[1][3]
              (rising edge-triggered flip-flop clocked by REF_CLK)
  Endpoint: U_ALU/ALU_OUT_reg[3]
            (rising edge-triggered flip-flop clocked by ALU_CLK)
  Path Group: ALU_CLK
  Path Type: min

  Point                                                   Incr       Path
  --------------------------------------------------------------------------
  clock REF_CLK (rise edge)                               0.00       0.00
  clock network delay (ideal)                             0.00       0.00
  U_Reg_File/mem_reg[1][3]/CK (DFFRQX2M)                  0.00       0.00 r
  U_Reg_File/mem_reg[1][3]/Q (DFFRQX2M)                   0.55       0.55 f
  U_Reg_File/REG1[3] (Reg_File)                           0.00       0.55 f
  U_ALU/B[3] (ALU)                                        0.00       0.55 f
  U_ALU/U144/Y (INVX2M)                                   0.12       0.67 r
  U_ALU/U122/Y (OAI21X2M)                                 0.08       0.75 f
  U_ALU/U66/Y (AOI221XLM)                                 0.18       0.94 r
  U_ALU/U63/Y (AOI31X2M)                                  0.12       1.06 f
  U_ALU/ALU_OUT_reg[3]/D (DFFRQX2M)                       0.00       1.06 f
  data arrival time                                                  1.06

  clock ALU_CLK (rise edge)                               0.00       0.00
  clock network delay (ideal)                             0.00       0.00
  clock uncertainty                                       0.10       0.10
  U_ALU/ALU_OUT_reg[3]/CK (DFFRQX2M)                      0.00       0.10 r
  library hold time                                      -0.03       0.07
  data required time                                                 0.07
  --------------------------------------------------------------------------
  data required time                                                 0.07
  data arrival time                                                 -1.06
  --------------------------------------------------------------------------
  slack (MET)                                                        0.99


  Startpoint: U_ALU/OUT_Valid_reg
              (rising edge-triggered flip-flop clocked by ALU_CLK)
  Endpoint: U_ALU/ALU_OUT_reg[6]
            (rising edge-triggered flip-flop clocked by ALU_CLK)
  Path Group: ALU_CLK
  Path Type: min

  Point                                    Incr       Path
  -----------------------------------------------------------
  clock ALU_CLK (rise edge)                0.00       0.00
  clock network delay (ideal)              0.00       0.00
  U_ALU/OUT_Valid_reg/CK (DFFRQX2M)        0.00       0.00 r
  U_ALU/OUT_Valid_reg/Q (DFFRQX2M)         0.46       0.46 f
  U_ALU/OUT_Valid (ALU)                    0.00       0.46 f
  U_SYS_CTRL/OUT_Valid (SYS_CTRL)          0.00       0.46 f
  U_SYS_CTRL/U94/Y (NAND3X2M)              0.09       0.55 r
  U_SYS_CTRL/U26/Y (NOR2X2M)               0.09       0.64 f
  U_SYS_CTRL/U10/Y (INVX2M)                0.08       0.72 r
  U_SYS_CTRL/U36/Y (NAND2X2M)              0.08       0.81 f
  U_SYS_CTRL/ALU_EN (SYS_CTRL)             0.00       0.81 f
  U_ALU/Enable (ALU)                       0.00       0.81 f
  U_ALU/U44/Y (INVX2M)                     0.22       1.03 r
  U_ALU/U75/Y (AOI31X2M)                   0.06       1.09 f
  U_ALU/ALU_OUT_reg[6]/D (DFFRQX2M)        0.00       1.09 f
  data arrival time                                   1.09

  clock ALU_CLK (rise edge)                0.00       0.00
  clock network delay (ideal)              0.00       0.00
  clock uncertainty                        0.10       0.10
  U_ALU/ALU_OUT_reg[6]/CK (DFFRQX2M)       0.00       0.10 r
  library hold time                       -0.03       0.07
  data required time                                  0.07
  -----------------------------------------------------------
  data required time                                  0.07
  data arrival time                                  -1.09
  -----------------------------------------------------------
  slack (MET)                                         1.02


  Startpoint: UART_RX_IN (input port clocked by RX_CLK)
  Endpoint: U_UART_RX/U0_FSM/Current_State_reg[0]
            (rising edge-triggered flip-flop clocked by RX_CLK)
  Path Group: INREG
  Path Type: min

  Point                                                   Incr       Path
  --------------------------------------------------------------------------
  clock RX_CLK (rise edge)                                0.00       0.00
  clock network delay (ideal)                             0.00       0.00
  input external delay                                   54.25      54.25 r
  UART_RX_IN (in)                                         0.02      54.27 r
  U_UART_RX/RX_IN (UART_RX)                               0.00      54.27 r
  U_UART_RX/U0_FSM/RX_IN (RX_FSM)                         0.00      54.27 r
  U_UART_RX/U0_FSM/U10/Y (OAI221X1M)                      0.10      54.37 f
  U_UART_RX/U0_FSM/Current_State_reg[0]/D (DFFRX1M)       0.00      54.37 f
  data arrival time                                                 54.37

  clock RX_CLK (rise edge)                                0.00       0.00
  clock network delay (ideal)                             0.00       0.00
  clock uncertainty                                       0.10       0.10
  U_UART_RX/U0_FSM/Current_State_reg[0]/CK (DFFRX1M)      0.00       0.10 r
  library hold time                                      -0.03       0.07
  data required time                                                 0.07
  --------------------------------------------------------------------------
  data required time                                                 0.07
  data arrival time                                                -54.37
  --------------------------------------------------------------------------
  slack (MET)                                                       54.30


  Startpoint: UART_RX_IN (input port clocked by RX_CLK)
  Endpoint: U_UART_RX/U0_data_sampling/Sample_reg[2]
            (rising edge-triggered flip-flop clocked by RX_CLK)
  Path Group: INREG
  Path Type: min

  Point                                                   Incr       Path
  --------------------------------------------------------------------------
  clock RX_CLK (rise edge)                                0.00       0.00
  clock network delay (ideal)                             0.00       0.00
  input external delay                                   54.25      54.25 f
  UART_RX_IN (in)                                         0.02      54.27 f
  U_UART_RX/RX_IN (UART_RX)                               0.00      54.27 f
  U_UART_RX/U0_data_sampling/RX_IN (Data_sampling)        0.00      54.27 f
  U_UART_RX/U0_data_sampling/U4/Y (OAI2BB2X1M)            0.20      54.46 f
  U_UART_RX/U0_data_sampling/Sample_reg[2]/D (DFFRX1M)
                                                          0.00      54.46 f
  data arrival time                                                 54.46

  clock RX_CLK (rise edge)                                0.00       0.00
  clock network delay (ideal)                             0.00       0.00
  clock uncertainty                                       0.10       0.10
  U_UART_RX/U0_data_sampling/Sample_reg[2]/CK (DFFRX1M)
                                                          0.00       0.10 r
  library hold time                                      -0.02       0.08
  data required time                                                 0.08
  --------------------------------------------------------------------------
  data required time                                                 0.08
  data arrival time                                                -54.46
  --------------------------------------------------------------------------
  slack (MET)                                                       54.39


  Startpoint: RST_SYNC_1/Sync_reg[0]/CK
              (internal path startpoint clocked by REF_CLK)
  Endpoint: RST_SYNC_1/Sync_reg[1]
            (rising edge-triggered flip-flop clocked by REF_CLK)
  Path Group: REF_CLK
  Path Type: min

  Point                                                   Incr       Path
  --------------------------------------------------------------------------
  clock REF_CLK (rise edge)                               0.00       0.00
  clock network delay (ideal)                             0.00       0.00
  input external delay                                    0.00       0.00 r
  RST_SYNC_1/Sync_reg[0]/CK (DFFRQX2M)                    0.00       0.00 r
  RST_SYNC_1/Sync_reg[0]/Q (DFFRQX2M)                     0.46       0.46 f
  RST_SYNC_1/Sync_reg[1]/D (DFFRQX2M)                     0.00       0.46 f
  data arrival time                                                  0.46

  clock REF_CLK (rise edge)                               0.00       0.00
  clock network delay (ideal)                             0.00       0.00
  clock uncertainty                                       0.10       0.10
  RST_SYNC_1/Sync_reg[1]/CK (DFFRQX2M)                    0.00       0.10 r
  library hold time                                      -0.02       0.08
  data required time                                                 0.08
  --------------------------------------------------------------------------
  data required time                                                 0.08
  data arrival time                                                 -0.46
  --------------------------------------------------------------------------
  slack (MET)                                                        0.38


  Startpoint: U_ASYC_FIFO/SYNC_r2w/SYNC_reg[3][0]
              (rising edge-triggered flip-flop clocked by REF_CLK)
  Endpoint: U_ASYC_FIFO/SYNC_r2w/SYNC_reg[3][1]
            (rising edge-triggered flip-flop clocked by REF_CLK)
  Path Group: REF_CLK
  Path Type: min

  Point                                                   Incr       Path
  --------------------------------------------------------------------------
  clock REF_CLK (rise edge)                               0.00       0.00
  clock network delay (ideal)                             0.00       0.00
  U_ASYC_FIFO/SYNC_r2w/SYNC_reg[3][0]/CK (DFFRQX2M)       0.00       0.00 r
  U_ASYC_FIFO/SYNC_r2w/SYNC_reg[3][0]/Q (DFFRQX2M)        0.46       0.46 f
  U_ASYC_FIFO/SYNC_r2w/SYNC_reg[3][1]/D (DFFRQX2M)        0.00       0.46 f
  data arrival time                                                  0.46

  clock REF_CLK (rise edge)                               0.00       0.00
  clock network delay (ideal)                             0.00       0.00
  clock uncertainty                                       0.10       0.10
  U_ASYC_FIFO/SYNC_r2w/SYNC_reg[3][1]/CK (DFFRQX2M)       0.00       0.10 r
  library hold time                                      -0.02       0.08
  data required time                                                 0.08
  --------------------------------------------------------------------------
  data required time                                                 0.08
  data arrival time                                                 -0.46
  --------------------------------------------------------------------------
  slack (MET)                                                        0.38


  Startpoint: U_ASYC_FIFO/SYNC_r2w/SYNC_reg[2][0]
              (rising edge-triggered flip-flop clocked by REF_CLK)
  Endpoint: U_ASYC_FIFO/SYNC_r2w/SYNC_reg[2][1]
            (rising edge-triggered flip-flop clocked by REF_CLK)
  Path Group: REF_CLK
  Path Type: min

  Point                                                   Incr       Path
  --------------------------------------------------------------------------
  clock REF_CLK (rise edge)                               0.00       0.00
  clock network delay (ideal)                             0.00       0.00
  U_ASYC_FIFO/SYNC_r2w/SYNC_reg[2][0]/CK (DFFRQX2M)       0.00       0.00 r
  U_ASYC_FIFO/SYNC_r2w/SYNC_reg[2][0]/Q (DFFRQX2M)        0.46       0.46 f
  U_ASYC_FIFO/SYNC_r2w/SYNC_reg[2][1]/D (DFFRQX2M)        0.00       0.46 f
  data arrival time                                                  0.46

  clock REF_CLK (rise edge)                               0.00       0.00
  clock network delay (ideal)                             0.00       0.00
  clock uncertainty                                       0.10       0.10
  U_ASYC_FIFO/SYNC_r2w/SYNC_reg[2][1]/CK (DFFRQX2M)       0.00       0.10 r
  library hold time                                      -0.02       0.08
  data required time                                                 0.08
  --------------------------------------------------------------------------
  data required time                                                 0.08
  data arrival time                                                 -0.46
  --------------------------------------------------------------------------
  slack (MET)                                                        0.38


  Startpoint: U_ASYC_FIFO/SYNC_r2w/SYNC_reg[1][0]
              (rising edge-triggered flip-flop clocked by REF_CLK)
  Endpoint: U_ASYC_FIFO/SYNC_r2w/SYNC_reg[1][1]
            (rising edge-triggered flip-flop clocked by REF_CLK)
  Path Group: REF_CLK
  Path Type: min

  Point                                                   Incr       Path
  --------------------------------------------------------------------------
  clock REF_CLK (rise edge)                               0.00       0.00
  clock network delay (ideal)                             0.00       0.00
  U_ASYC_FIFO/SYNC_r2w/SYNC_reg[1][0]/CK (DFFRQX2M)       0.00       0.00 r
  U_ASYC_FIFO/SYNC_r2w/SYNC_reg[1][0]/Q (DFFRQX2M)        0.46       0.46 f
  U_ASYC_FIFO/SYNC_r2w/SYNC_reg[1][1]/D (DFFRQX2M)        0.00       0.46 f
  data arrival time                                                  0.46

  clock REF_CLK (rise edge)                               0.00       0.00
  clock network delay (ideal)                             0.00       0.00
  clock uncertainty                                       0.10       0.10
  U_ASYC_FIFO/SYNC_r2w/SYNC_reg[1][1]/CK (DFFRQX2M)       0.00       0.10 r
  library hold time                                      -0.02       0.08
  data required time                                                 0.08
  --------------------------------------------------------------------------
  data required time                                                 0.08
  data arrival time                                                 -0.46
  --------------------------------------------------------------------------
  slack (MET)                                                        0.38


  Startpoint: U_ASYC_FIFO/SYNC_r2w/SYNC_reg[0][0]
              (rising edge-triggered flip-flop clocked by REF_CLK)
  Endpoint: U_ASYC_FIFO/SYNC_r2w/SYNC_reg[0][1]
            (rising edge-triggered flip-flop clocked by REF_CLK)
  Path Group: REF_CLK
  Path Type: min

  Point                                                   Incr       Path
  --------------------------------------------------------------------------
  clock REF_CLK (rise edge)                               0.00       0.00
  clock network delay (ideal)                             0.00       0.00
  U_ASYC_FIFO/SYNC_r2w/SYNC_reg[0][0]/CK (DFFRQX2M)       0.00       0.00 r
  U_ASYC_FIFO/SYNC_r2w/SYNC_reg[0][0]/Q (DFFRQX2M)        0.46       0.46 f
  U_ASYC_FIFO/SYNC_r2w/SYNC_reg[0][1]/D (DFFRQX2M)        0.00       0.46 f
  data arrival time                                                  0.46

  clock REF_CLK (rise edge)                               0.00       0.00
  clock network delay (ideal)                             0.00       0.00
  clock uncertainty                                       0.10       0.10
  U_ASYC_FIFO/SYNC_r2w/SYNC_reg[0][1]/CK (DFFRQX2M)       0.00       0.10 r
  library hold time                                      -0.02       0.08
  data required time                                                 0.08
  --------------------------------------------------------------------------
  data required time                                                 0.08
  data arrival time                                                 -0.46
  --------------------------------------------------------------------------
  slack (MET)                                                        0.38


  Startpoint: U_DATA_SYNC/Sync_en_reg[0]
              (rising edge-triggered flip-flop clocked by REF_CLK)
  Endpoint: U_DATA_SYNC/Sync_en_reg[1]
            (rising edge-triggered flip-flop clocked by REF_CLK)
  Path Group: REF_CLK
  Path Type: min

  Point                                                   Incr       Path
  --------------------------------------------------------------------------
  clock REF_CLK (rise edge)                               0.00       0.00
  clock network delay (ideal)                             0.00       0.00
  U_DATA_SYNC/Sync_en_reg[0]/CK (DFFRQX2M)                0.00       0.00 r
  U_DATA_SYNC/Sync_en_reg[0]/Q (DFFRQX2M)                 0.46       0.46 f
  U_DATA_SYNC/Sync_en_reg[1]/D (DFFRQX2M)                 0.00       0.46 f
  data arrival time                                                  0.46

  clock REF_CLK (rise edge)                               0.00       0.00
  clock network delay (ideal)                             0.00       0.00
  clock uncertainty                                       0.10       0.10
  U_DATA_SYNC/Sync_en_reg[1]/CK (DFFRQX2M)                0.00       0.10 r
  library hold time                                      -0.02       0.08
  data required time                                                 0.08
  --------------------------------------------------------------------------
  data required time                                                 0.08
  data arrival time                                                 -0.46
  --------------------------------------------------------------------------
  slack (MET)                                                        0.38


  Startpoint: U_DATA_SYNC/Sync_en_reg[1]
              (rising edge-triggered flip-flop clocked by REF_CLK)
  Endpoint: U_DATA_SYNC/pulse_reg_reg
            (rising edge-triggered flip-flop clocked by REF_CLK)
  Path Group: REF_CLK
  Path Type: min

  Point                                                   Incr       Path
  --------------------------------------------------------------------------
  clock REF_CLK (rise edge)                               0.00       0.00
  clock network delay (ideal)                             0.00       0.00
  U_DATA_SYNC/Sync_en_reg[1]/CK (DFFRQX2M)                0.00       0.00 r
  U_DATA_SYNC/Sync_en_reg[1]/Q (DFFRQX2M)                 0.48       0.48 f
  U_DATA_SYNC/pulse_reg_reg/D (DFFRQX2M)                  0.00       0.48 f
  data arrival time                                                  0.48

  clock REF_CLK (rise edge)                               0.00       0.00
  clock network delay (ideal)                             0.00       0.00
  clock uncertainty                                       0.10       0.10
  U_DATA_SYNC/pulse_reg_reg/CK (DFFRQX2M)                 0.00       0.10 r
  library hold time                                      -0.02       0.08
  data required time                                                 0.08
  --------------------------------------------------------------------------
  data required time                                                 0.08
  data arrival time                                                 -0.48
  --------------------------------------------------------------------------
  slack (MET)                                                        0.40


  Startpoint: U_ASYC_FIFO/Wptr_full/W_bin_reg[3]
              (rising edge-triggered flip-flop clocked by REF_CLK)
  Endpoint: U_ASYC_FIFO/Wptr_full/W_bin_reg[3]
            (rising edge-triggered flip-flop clocked by REF_CLK)
  Path Group: REF_CLK
  Path Type: min

  Point                                                   Incr       Path
  --------------------------------------------------------------------------
  clock REF_CLK (rise edge)                               0.00       0.00
  clock network delay (ideal)                             0.00       0.00
  U_ASYC_FIFO/Wptr_full/W_bin_reg[3]/CK (DFFRQX2M)        0.00       0.00 r
  U_ASYC_FIFO/Wptr_full/W_bin_reg[3]/Q (DFFRQX2M)         0.38       0.38 r
  U_ASYC_FIFO/Wptr_full/U16/Y (XNOR2X2M)                  0.12       0.50 f
  U_ASYC_FIFO/Wptr_full/W_bin_reg[3]/D (DFFRQX2M)         0.00       0.50 f
  data arrival time                                                  0.50

  clock REF_CLK (rise edge)                               0.00       0.00
  clock network delay (ideal)                             0.00       0.00
  clock uncertainty                                       0.10       0.10
  U_ASYC_FIFO/Wptr_full/W_bin_reg[3]/CK (DFFRQX2M)        0.00       0.10 r
  library hold time                                      -0.03       0.07
  data required time                                                 0.07
  --------------------------------------------------------------------------
  data required time                                                 0.07
  data arrival time                                                 -0.50
  --------------------------------------------------------------------------
  slack (MET)                                                        0.43


  Startpoint: U_ASYC_FIFO/Wptr_full/W_bin_reg[3]
              (rising edge-triggered flip-flop clocked by REF_CLK)
  Endpoint: U_ASYC_FIFO/Wptr_full/W_ptr_reg[3]
            (rising edge-triggered flip-flop clocked by REF_CLK)
  Path Group: REF_CLK
  Path Type: min

  Point                                                   Incr       Path
  --------------------------------------------------------------------------
  clock REF_CLK (rise edge)                               0.00       0.00
  clock network delay (ideal)                             0.00       0.00
  U_ASYC_FIFO/Wptr_full/W_bin_reg[3]/CK (DFFRQX2M)        0.00       0.00 r
  U_ASYC_FIFO/Wptr_full/W_bin_reg[3]/Q (DFFRQX2M)         0.38       0.38 r
  U_ASYC_FIFO/Wptr_full/U16/Y (XNOR2X2M)                  0.12       0.50 f
  U_ASYC_FIFO/Wptr_full/W_ptr_reg[3]/D (DFFRQX2M)         0.00       0.50 f
  data arrival time                                                  0.50

  clock REF_CLK (rise edge)                               0.00       0.00
  clock network delay (ideal)                             0.00       0.00
  clock uncertainty                                       0.10       0.10
  U_ASYC_FIFO/Wptr_full/W_ptr_reg[3]/CK (DFFRQX2M)        0.00       0.10 r
  library hold time                                      -0.03       0.07
  data required time                                                 0.07
  --------------------------------------------------------------------------
  data required time                                                 0.07
  data arrival time                                                 -0.50
  --------------------------------------------------------------------------
  slack (MET)                                                        0.43


  Startpoint: U_SYS_CTRL/Current_State_reg[3]
              (rising edge-triggered flip-flop clocked by REF_CLK)
  Endpoint: U_Clock_Gating/U0_clk_gate
            (gating element for clock REF_CLK)
  Path Group: REF_CLK
  Path Type: min

  Point                                                   Incr       Path
  --------------------------------------------------------------------------
  clock REF_CLK (rise edge)                               0.00       0.00
  clock network delay (ideal)                             0.00       0.00
  U_SYS_CTRL/Current_State_reg[3]/CK (DFFRQX2M)           0.00       0.00 r
  U_SYS_CTRL/Current_State_reg[3]/Q (DFFRQX2M)            0.54       0.54 r
  U_SYS_CTRL/U48/Y (NOR3X2M)                              0.13       0.66 f
  U_SYS_CTRL/CLK_EN (SYS_CTRL)                            0.00       0.66 f
  U_Clock_Gating/CLK_EN (Clock_Gating)                    0.00       0.66 f
  U_Clock_Gating/U0_clk_gate/E (TLATNCAX2M)               0.00       0.66 f
  data arrival time                                                  0.66

  clock REF_CLK (rise edge)                               0.00       0.00
  clock network delay (ideal)                             0.00       0.00
  clock uncertainty                                       0.10       0.10
  U_Clock_Gating/U0_clk_gate/CK (TLATNCAX2M)              0.00       0.10 r
  clock gating hold time                                  0.09       0.19
  data required time                                                 0.19
  --------------------------------------------------------------------------
  data required time                                                 0.19
  data arrival time                                                 -0.66
  --------------------------------------------------------------------------
  slack (MET)                                                        0.47


  Startpoint: U_DATA_SYNC/enable_pulse_reg
              (rising edge-triggered flip-flop clocked by REF_CLK)
  Endpoint: U_SYS_CTRL/Valid_reg
            (rising edge-triggered flip-flop clocked by REF_CLK)
  Path Group: REF_CLK
  Path Type: min

  Point                                                   Incr       Path
  --------------------------------------------------------------------------
  clock REF_CLK (rise edge)                               0.00       0.00
  clock network delay (ideal)                             0.00       0.00
  U_DATA_SYNC/enable_pulse_reg/CK (DFFRQX2M)              0.00       0.00 r
  U_DATA_SYNC/enable_pulse_reg/Q (DFFRQX2M)               0.54       0.54 f
  U_DATA_SYNC/enable_pulse (DATA_SYNC)                    0.00       0.54 f
  U_SYS_CTRL/RX_D_VLD (SYS_CTRL)                          0.00       0.54 f
  U_SYS_CTRL/Valid_reg/D (DFFRQX2M)                       0.00       0.54 f
  data arrival time                                                  0.54

  clock REF_CLK (rise edge)                               0.00       0.00
  clock network delay (ideal)                             0.00       0.00
  clock uncertainty                                       0.10       0.10
  U_SYS_CTRL/Valid_reg/CK (DFFRQX2M)                      0.00       0.10 r
  library hold time                                      -0.03       0.07
  data required time                                                 0.07
  --------------------------------------------------------------------------
  data required time                                                 0.07
  data arrival time                                                 -0.54
  --------------------------------------------------------------------------
  slack (MET)                                                        0.47


  Startpoint: U_ASYC_FIFO/Wptr_full/W_bin_reg[2]
              (rising edge-triggered flip-flop clocked by REF_CLK)
  Endpoint: U_ASYC_FIFO/Wptr_full/W_bin_reg[2]
            (rising edge-triggered flip-flop clocked by REF_CLK)
  Path Group: REF_CLK
  Path Type: min

  Point                                                   Incr       Path
  --------------------------------------------------------------------------
  clock REF_CLK (rise edge)                               0.00       0.00
  clock network delay (ideal)                             0.00       0.00
  U_ASYC_FIFO/Wptr_full/W_bin_reg[2]/CK (DFFRQX2M)        0.00       0.00 r
  U_ASYC_FIFO/Wptr_full/W_bin_reg[2]/Q (DFFRQX2M)         0.43       0.43 r
  U_ASYC_FIFO/Wptr_full/U14/Y (XNOR2X2M)                  0.13       0.56 f
  U_ASYC_FIFO/Wptr_full/W_bin_reg[2]/D (DFFRQX2M)         0.00       0.56 f
  data arrival time                                                  0.56

  clock REF_CLK (rise edge)                               0.00       0.00
  clock network delay (ideal)                             0.00       0.00
  clock uncertainty                                       0.10       0.10
  U_ASYC_FIFO/Wptr_full/W_bin_reg[2]/CK (DFFRQX2M)        0.00       0.10 r
  library hold time                                      -0.02       0.08
  data required time                                                 0.08
  --------------------------------------------------------------------------
  data required time                                                 0.08
  data arrival time                                                 -0.56
  --------------------------------------------------------------------------
  slack (MET)                                                        0.48


  Startpoint: U_ASYC_FIFO/SYNC_r2w/SYNC_reg[1][1]
              (rising edge-triggered flip-flop clocked by REF_CLK)
  Endpoint: U_ASYC_FIFO/Wptr_full/W_full_reg
            (rising edge-triggered flip-flop clocked by REF_CLK)
  Path Group: REF_CLK
  Path Type: min

  Point                                                   Incr       Path
  --------------------------------------------------------------------------
  clock REF_CLK (rise edge)                               0.00       0.00
  clock network delay (ideal)                             0.00       0.00
  U_ASYC_FIFO/SYNC_r2w/SYNC_reg[1][1]/CK (DFFRQX2M)       0.00       0.00 r
  U_ASYC_FIFO/SYNC_r2w/SYNC_reg[1][1]/Q (DFFRQX2M)        0.38       0.38 r
  U_ASYC_FIFO/SYNC_r2w/SYNC_addr[1] (SYNC_ADDR_WIDTH3_0)
                                                          0.00       0.38 r
  U_ASYC_FIFO/Wptr_full/wq2_rptr[1] (Wptr_full_ADDR_WIDTH3)
                                                          0.00       0.38 r
  U_ASYC_FIFO/Wptr_full/U13/Y (CLKXOR2X2M)                0.15       0.53 r
  U_ASYC_FIFO/Wptr_full/U6/Y (NOR4X1M)                    0.06       0.60 f
  U_ASYC_FIFO/Wptr_full/W_full_reg/D (DFFRQX2M)           0.00       0.60 f
  data arrival time                                                  0.60

  clock REF_CLK (rise edge)                               0.00       0.00
  clock network delay (ideal)                             0.00       0.00
  clock uncertainty                                       0.10       0.10
  U_ASYC_FIFO/Wptr_full/W_full_reg/CK (DFFRQX2M)          0.00       0.10 r
  library hold time                                      -0.02       0.08
  data required time                                                 0.08
  --------------------------------------------------------------------------
  data required time                                                 0.08
  data arrival time                                                 -0.60
  --------------------------------------------------------------------------
  slack (MET)                                                        0.51


  Startpoint: U_DATA_SYNC/pulse_reg_reg
              (rising edge-triggered flip-flop clocked by REF_CLK)
  Endpoint: U_DATA_SYNC/enable_pulse_reg
            (rising edge-triggered flip-flop clocked by REF_CLK)
  Path Group: REF_CLK
  Path Type: min

  Point                                                   Incr       Path
  --------------------------------------------------------------------------
  clock REF_CLK (rise edge)                               0.00       0.00
  clock network delay (ideal)                             0.00       0.00
  U_DATA_SYNC/pulse_reg_reg/CK (DFFRQX2M)                 0.00       0.00 r
  U_DATA_SYNC/pulse_reg_reg/Q (DFFRQX2M)                  0.36       0.36 r
  U_DATA_SYNC/U4/Y (NAND2BX2M)                            0.17       0.53 r
  U_DATA_SYNC/U3/Y (INVX2M)                               0.10       0.63 f
  U_DATA_SYNC/enable_pulse_reg/D (DFFRQX2M)               0.00       0.63 f
  data arrival time                                                  0.63

  clock REF_CLK (rise edge)                               0.00       0.00
  clock network delay (ideal)                             0.00       0.00
  clock uncertainty                                       0.10       0.10
  U_DATA_SYNC/enable_pulse_reg/CK (DFFRQX2M)              0.00       0.10 r
  library hold time                                      -0.02       0.08
  data required time                                                 0.08
  --------------------------------------------------------------------------
  data required time                                                 0.08
  data arrival time                                                 -0.63
  --------------------------------------------------------------------------
  slack (MET)                                                        0.55


  Startpoint: U_ALU/ALU_OUT_reg[8]
              (rising edge-triggered flip-flop clocked by ALU_CLK)
  Endpoint: U_SYS_CTRL/Data_reg[0]
            (rising edge-triggered flip-flop clocked by REF_CLK)
  Path Group: REF_CLK
  Path Type: min

  Point                                    Incr       Path
  -----------------------------------------------------------
  clock ALU_CLK (rise edge)                0.00       0.00
  clock network delay (ideal)              0.00       0.00
  U_ALU/ALU_OUT_reg[8]/CK (DFFRQX2M)       0.00       0.00 r
  U_ALU/ALU_OUT_reg[8]/Q (DFFRQX2M)        0.35       0.35 r
  U_ALU/ALU_OUT[8] (ALU)                   0.00       0.35 r
  U_SYS_CTRL/ALU_OUT[8] (SYS_CTRL)         0.00       0.35 r
  U_SYS_CTRL/U128/Y (AO2B2X2M)             0.14       0.50 r
  U_SYS_CTRL/Data_reg[0]/D (DFFRQX2M)      0.00       0.50 r
  data arrival time                                   0.50

  clock REF_CLK (rise edge)                0.00       0.00
  clock network delay (ideal)              0.00       0.00
  clock uncertainty                        0.10       0.10
  U_SYS_CTRL/Data_reg[0]/CK (DFFRQX2M)     0.00       0.10 r
  library hold time                       -0.17      -0.07
  data required time                                 -0.07
  -----------------------------------------------------------
  data required time                                 -0.07
  data arrival time                                  -0.50
  -----------------------------------------------------------
  slack (MET)                                         0.56


  Startpoint: U_ALU/ALU_OUT_reg[9]
              (rising edge-triggered flip-flop clocked by ALU_CLK)
  Endpoint: U_SYS_CTRL/Data_reg[1]
            (rising edge-triggered flip-flop clocked by REF_CLK)
  Path Group: REF_CLK
  Path Type: min

  Point                                    Incr       Path
  -----------------------------------------------------------
  clock ALU_CLK (rise edge)                0.00       0.00
  clock network delay (ideal)              0.00       0.00
  U_ALU/ALU_OUT_reg[9]/CK (DFFRQX2M)       0.00       0.00 r
  U_ALU/ALU_OUT_reg[9]/Q (DFFRQX2M)        0.35       0.35 r
  U_ALU/ALU_OUT[9] (ALU)                   0.00       0.35 r
  U_SYS_CTRL/ALU_OUT[9] (SYS_CTRL)         0.00       0.35 r
  U_SYS_CTRL/U127/Y (AO2B2X2M)             0.14       0.50 r
  U_SYS_CTRL/Data_reg[1]/D (DFFRQX2M)      0.00       0.50 r
  data arrival time                                   0.50

  clock REF_CLK (rise edge)                0.00       0.00
  clock network delay (ideal)              0.00       0.00
  clock uncertainty                        0.10       0.10
  U_SYS_CTRL/Data_reg[1]/CK (DFFRQX2M)     0.00       0.10 r
  library hold time                       -0.17      -0.07
  data required time                                 -0.07
  -----------------------------------------------------------
  data required time                                 -0.07
  data arrival time                                  -0.50
  -----------------------------------------------------------
  slack (MET)                                         0.56


  Startpoint: U_ALU/ALU_OUT_reg[10]
              (rising edge-triggered flip-flop clocked by ALU_CLK)
  Endpoint: U_SYS_CTRL/Data_reg[2]
            (rising edge-triggered flip-flop clocked by REF_CLK)
  Path Group: REF_CLK
  Path Type: min

  Point                                    Incr       Path
  -----------------------------------------------------------
  clock ALU_CLK (rise edge)                0.00       0.00
  clock network delay (ideal)              0.00       0.00
  U_ALU/ALU_OUT_reg[10]/CK (DFFRQX2M)      0.00       0.00 r
  U_ALU/ALU_OUT_reg[10]/Q (DFFRQX2M)       0.35       0.35 r
  U_ALU/ALU_OUT[10] (ALU)                  0.00       0.35 r
  U_SYS_CTRL/ALU_OUT[10] (SYS_CTRL)        0.00       0.35 r
  U_SYS_CTRL/U126/Y (AO2B2X2M)             0.14       0.50 r
  U_SYS_CTRL/Data_reg[2]/D (DFFRQX2M)      0.00       0.50 r
  data arrival time                                   0.50

  clock REF_CLK (rise edge)                0.00       0.00
  clock network delay (ideal)              0.00       0.00
  clock uncertainty                        0.10       0.10
  U_SYS_CTRL/Data_reg[2]/CK (DFFRQX2M)     0.00       0.10 r
  library hold time                       -0.17      -0.07
  data required time                                 -0.07
  -----------------------------------------------------------
  data required time                                 -0.07
  data arrival time                                  -0.50
  -----------------------------------------------------------
  slack (MET)                                         0.56


  Startpoint: U_ALU/ALU_OUT_reg[11]
              (rising edge-triggered flip-flop clocked by ALU_CLK)
  Endpoint: U_SYS_CTRL/Data_reg[3]
            (rising edge-triggered flip-flop clocked by REF_CLK)
  Path Group: REF_CLK
  Path Type: min

  Point                                    Incr       Path
  -----------------------------------------------------------
  clock ALU_CLK (rise edge)                0.00       0.00
  clock network delay (ideal)              0.00       0.00
  U_ALU/ALU_OUT_reg[11]/CK (DFFRQX2M)      0.00       0.00 r
  U_ALU/ALU_OUT_reg[11]/Q (DFFRQX2M)       0.35       0.35 r
  U_ALU/ALU_OUT[11] (ALU)                  0.00       0.35 r
  U_SYS_CTRL/ALU_OUT[11] (SYS_CTRL)        0.00       0.35 r
  U_SYS_CTRL/U125/Y (AO2B2X2M)             0.14       0.50 r
  U_SYS_CTRL/Data_reg[3]/D (DFFRQX2M)      0.00       0.50 r
  data arrival time                                   0.50

  clock REF_CLK (rise edge)                0.00       0.00
  clock network delay (ideal)              0.00       0.00
  clock uncertainty                        0.10       0.10
  U_SYS_CTRL/Data_reg[3]/CK (DFFRQX2M)     0.00       0.10 r
  library hold time                       -0.17      -0.07
  data required time                                 -0.07
  -----------------------------------------------------------
  data required time                                 -0.07
  data arrival time                                  -0.50
  -----------------------------------------------------------
  slack (MET)                                         0.56


  Startpoint: U_ALU/ALU_OUT_reg[12]
              (rising edge-triggered flip-flop clocked by ALU_CLK)
  Endpoint: U_SYS_CTRL/Data_reg[4]
            (rising edge-triggered flip-flop clocked by REF_CLK)
  Path Group: REF_CLK
  Path Type: min

  Point                                    Incr       Path
  -----------------------------------------------------------
  clock ALU_CLK (rise edge)                0.00       0.00
  clock network delay (ideal)              0.00       0.00
  U_ALU/ALU_OUT_reg[12]/CK (DFFRQX2M)      0.00       0.00 r
  U_ALU/ALU_OUT_reg[12]/Q (DFFRQX2M)       0.35       0.35 r
  U_ALU/ALU_OUT[12] (ALU)                  0.00       0.35 r
  U_SYS_CTRL/ALU_OUT[12] (SYS_CTRL)        0.00       0.35 r
  U_SYS_CTRL/U124/Y (AO2B2X2M)             0.14       0.50 r
  U_SYS_CTRL/Data_reg[4]/D (DFFRQX2M)      0.00       0.50 r
  data arrival time                                   0.50

  clock REF_CLK (rise edge)                0.00       0.00
  clock network delay (ideal)              0.00       0.00
  clock uncertainty                        0.10       0.10
  U_SYS_CTRL/Data_reg[4]/CK (DFFRQX2M)     0.00       0.10 r
  library hold time                       -0.17      -0.07
  data required time                                 -0.07
  -----------------------------------------------------------
  data required time                                 -0.07
  data arrival time                                  -0.50
  -----------------------------------------------------------
  slack (MET)                                         0.56


  Startpoint: U_ALU/ALU_OUT_reg[13]
              (rising edge-triggered flip-flop clocked by ALU_CLK)
  Endpoint: U_SYS_CTRL/Data_reg[5]
            (rising edge-triggered flip-flop clocked by REF_CLK)
  Path Group: REF_CLK
  Path Type: min

  Point                                    Incr       Path
  -----------------------------------------------------------
  clock ALU_CLK (rise edge)                0.00       0.00
  clock network delay (ideal)              0.00       0.00
  U_ALU/ALU_OUT_reg[13]/CK (DFFRQX2M)      0.00       0.00 r
  U_ALU/ALU_OUT_reg[13]/Q (DFFRQX2M)       0.35       0.35 r
  U_ALU/ALU_OUT[13] (ALU)                  0.00       0.35 r
  U_SYS_CTRL/ALU_OUT[13] (SYS_CTRL)        0.00       0.35 r
  U_SYS_CTRL/U123/Y (AO2B2X2M)             0.14       0.50 r
  U_SYS_CTRL/Data_reg[5]/D (DFFRQX2M)      0.00       0.50 r
  data arrival time                                   0.50

  clock REF_CLK (rise edge)                0.00       0.00
  clock network delay (ideal)              0.00       0.00
  clock uncertainty                        0.10       0.10
  U_SYS_CTRL/Data_reg[5]/CK (DFFRQX2M)     0.00       0.10 r
  library hold time                       -0.17      -0.07
  data required time                                 -0.07
  -----------------------------------------------------------
  data required time                                 -0.07
  data arrival time                                  -0.50
  -----------------------------------------------------------
  slack (MET)                                         0.56


  Startpoint: U_ALU/ALU_OUT_reg[14]
              (rising edge-triggered flip-flop clocked by ALU_CLK)
  Endpoint: U_SYS_CTRL/Data_reg[6]
            (rising edge-triggered flip-flop clocked by REF_CLK)
  Path Group: REF_CLK
  Path Type: min

  Point                                    Incr       Path
  -----------------------------------------------------------
  clock ALU_CLK (rise edge)                0.00       0.00
  clock network delay (ideal)              0.00       0.00
  U_ALU/ALU_OUT_reg[14]/CK (DFFRQX2M)      0.00       0.00 r
  U_ALU/ALU_OUT_reg[14]/Q (DFFRQX2M)       0.35       0.35 r
  U_ALU/ALU_OUT[14] (ALU)                  0.00       0.35 r
  U_SYS_CTRL/ALU_OUT[14] (SYS_CTRL)        0.00       0.35 r
  U_SYS_CTRL/U122/Y (AO2B2X2M)             0.14       0.50 r
  U_SYS_CTRL/Data_reg[6]/D (DFFRQX2M)      0.00       0.50 r
  data arrival time                                   0.50

  clock REF_CLK (rise edge)                0.00       0.00
  clock network delay (ideal)              0.00       0.00
  clock uncertainty                        0.10       0.10
  U_SYS_CTRL/Data_reg[6]/CK (DFFRQX2M)     0.00       0.10 r
  library hold time                       -0.17      -0.07
  data required time                                 -0.07
  -----------------------------------------------------------
  data required time                                 -0.07
  data arrival time                                  -0.50
  -----------------------------------------------------------
  slack (MET)                                         0.56


  Startpoint: U_ALU/ALU_OUT_reg[15]
              (rising edge-triggered flip-flop clocked by ALU_CLK)
  Endpoint: U_SYS_CTRL/Data_reg[7]
            (rising edge-triggered flip-flop clocked by REF_CLK)
  Path Group: REF_CLK
  Path Type: min

  Point                                    Incr       Path
  -----------------------------------------------------------
  clock ALU_CLK (rise edge)                0.00       0.00
  clock network delay (ideal)              0.00       0.00
  U_ALU/ALU_OUT_reg[15]/CK (DFFRQX2M)      0.00       0.00 r
  U_ALU/ALU_OUT_reg[15]/Q (DFFRQX2M)       0.35       0.35 r
  U_ALU/ALU_OUT[15] (ALU)                  0.00       0.35 r
  U_SYS_CTRL/ALU_OUT[15] (SYS_CTRL)        0.00       0.35 r
  U_SYS_CTRL/U121/Y (AO2B2X2M)             0.14       0.50 r
  U_SYS_CTRL/Data_reg[7]/D (DFFRQX2M)      0.00       0.50 r
  data arrival time                                   0.50

  clock REF_CLK (rise edge)                0.00       0.00
  clock network delay (ideal)              0.00       0.00
  clock uncertainty                        0.10       0.10
  U_SYS_CTRL/Data_reg[7]/CK (DFFRQX2M)     0.00       0.10 r
  library hold time                       -0.17      -0.07
  data required time                                 -0.07
  -----------------------------------------------------------
  data required time                                 -0.07
  data arrival time                                  -0.50
  -----------------------------------------------------------
  slack (MET)                                         0.56


  Startpoint: U_Reg_File/mem_reg[2][0]
              (rising edge-triggered flip-flop clocked by REF_CLK)
  Endpoint: U_Reg_File/mem_reg[2][0]
            (rising edge-triggered flip-flop clocked by REF_CLK)
  Path Group: REF_CLK
  Path Type: min

  Point                                                   Incr       Path
  --------------------------------------------------------------------------
  clock REF_CLK (rise edge)                               0.00       0.00
  clock network delay (ideal)                             0.00       0.00
  U_Reg_File/mem_reg[2][0]/CK (DFFSQX2M)                  0.00       0.00 r
  U_Reg_File/mem_reg[2][0]/Q (DFFSQX2M)                   0.46       0.46 r
  U_Reg_File/U187/Y (OAI2BB2X1M)                          0.16       0.62 r
  U_Reg_File/mem_reg[2][0]/D (DFFSQX2M)                   0.00       0.62 r
  data arrival time                                                  0.62

  clock REF_CLK (rise edge)                               0.00       0.00
  clock network delay (ideal)                             0.00       0.00
  clock uncertainty                                       0.10       0.10
  U_Reg_File/mem_reg[2][0]/CK (DFFSQX2M)                  0.00       0.10 r
  library hold time                                      -0.05       0.05
  data required time                                                 0.05
  --------------------------------------------------------------------------
  data required time                                                 0.05
  data arrival time                                                 -0.62
  --------------------------------------------------------------------------
  slack (MET)                                                        0.57


  Startpoint: U_Reg_File/mem_reg[3][5]
              (rising edge-triggered flip-flop clocked by REF_CLK)
  Endpoint: U_Reg_File/mem_reg[3][5]
            (rising edge-triggered flip-flop clocked by REF_CLK)
  Path Group: REF_CLK
  Path Type: min

  Point                                                   Incr       Path
  --------------------------------------------------------------------------
  clock REF_CLK (rise edge)                               0.00       0.00
  clock network delay (ideal)                             0.00       0.00
  U_Reg_File/mem_reg[3][5]/CK (DFFSQX2M)                  0.00       0.00 r
  U_Reg_File/mem_reg[3][5]/Q (DFFSQX2M)                   0.48       0.48 r
  U_Reg_File/U189/Y (OAI2BB2X1M)                          0.16       0.64 r
  U_Reg_File/mem_reg[3][5]/D (DFFSQX2M)                   0.00       0.64 r
  data arrival time                                                  0.64

  clock REF_CLK (rise edge)                               0.00       0.00
  clock network delay (ideal)                             0.00       0.00
  clock uncertainty                                       0.10       0.10
  U_Reg_File/mem_reg[3][5]/CK (DFFSQX2M)                  0.00       0.10 r
  library hold time                                      -0.05       0.05
  data required time                                                 0.05
  --------------------------------------------------------------------------
  data required time                                                 0.05
  data arrival time                                                 -0.64
  --------------------------------------------------------------------------
  slack (MET)                                                        0.59


  Startpoint: U_ASYC_FIFO/FIFO_memory/MEM_reg[6][7]
              (rising edge-triggered flip-flop clocked by REF_CLK)
  Endpoint: U_ASYC_FIFO/FIFO_memory/MEM_reg[6][7]
            (rising edge-triggered flip-flop clocked by REF_CLK)
  Path Group: REF_CLK
  Path Type: min

  Point                                                   Incr       Path
  --------------------------------------------------------------------------
  clock REF_CLK (rise edge)                               0.00       0.00
  clock network delay (ideal)                             0.00       0.00
  U_ASYC_FIFO/FIFO_memory/MEM_reg[6][7]/CK (DFFRQX2M)     0.00       0.00 r
  U_ASYC_FIFO/FIFO_memory/MEM_reg[6][7]/Q (DFFRQX2M)      0.38       0.38 r
  U_ASYC_FIFO/FIFO_memory/U81/Y (OAI2BB2X1M)              0.15       0.53 r
  U_ASYC_FIFO/FIFO_memory/MEM_reg[6][7]/D (DFFRQX2M)      0.00       0.53 r
  data arrival time                                                  0.53

  clock REF_CLK (rise edge)                               0.00       0.00
  clock network delay (ideal)                             0.00       0.00
  clock uncertainty                                       0.10       0.10
  U_ASYC_FIFO/FIFO_memory/MEM_reg[6][7]/CK (DFFRQX2M)     0.00       0.10 r
  library hold time                                      -0.17      -0.07
  data required time                                                -0.07
  --------------------------------------------------------------------------
  data required time                                                -0.07
  data arrival time                                                 -0.53
  --------------------------------------------------------------------------
  slack (MET)                                                        0.60


  Startpoint: U_ASYC_FIFO/FIFO_memory/MEM_reg[6][6]
              (rising edge-triggered flip-flop clocked by REF_CLK)
  Endpoint: U_ASYC_FIFO/FIFO_memory/MEM_reg[6][6]
            (rising edge-triggered flip-flop clocked by REF_CLK)
  Path Group: REF_CLK
  Path Type: min

  Point                                                   Incr       Path
  --------------------------------------------------------------------------
  clock REF_CLK (rise edge)                               0.00       0.00
  clock network delay (ideal)                             0.00       0.00
  U_ASYC_FIFO/FIFO_memory/MEM_reg[6][6]/CK (DFFRQX2M)     0.00       0.00 r
  U_ASYC_FIFO/FIFO_memory/MEM_reg[6][6]/Q (DFFRQX2M)      0.38       0.38 r
  U_ASYC_FIFO/FIFO_memory/U80/Y (OAI2BB2X1M)              0.15       0.53 r
  U_ASYC_FIFO/FIFO_memory/MEM_reg[6][6]/D (DFFRQX2M)      0.00       0.53 r
  data arrival time                                                  0.53

  clock REF_CLK (rise edge)                               0.00       0.00
  clock network delay (ideal)                             0.00       0.00
  clock uncertainty                                       0.10       0.10
  U_ASYC_FIFO/FIFO_memory/MEM_reg[6][6]/CK (DFFRQX2M)     0.00       0.10 r
  library hold time                                      -0.17      -0.07
  data required time                                                -0.07
  --------------------------------------------------------------------------
  data required time                                                -0.07
  data arrival time                                                 -0.53
  --------------------------------------------------------------------------
  slack (MET)                                                        0.60


  Startpoint: U_ASYC_FIFO/FIFO_memory/MEM_reg[6][5]
              (rising edge-triggered flip-flop clocked by REF_CLK)
  Endpoint: U_ASYC_FIFO/FIFO_memory/MEM_reg[6][5]
            (rising edge-triggered flip-flop clocked by REF_CLK)
  Path Group: REF_CLK
  Path Type: min

  Point                                                   Incr       Path
  --------------------------------------------------------------------------
  clock REF_CLK (rise edge)                               0.00       0.00
  clock network delay (ideal)                             0.00       0.00
  U_ASYC_FIFO/FIFO_memory/MEM_reg[6][5]/CK (DFFRQX2M)     0.00       0.00 r
  U_ASYC_FIFO/FIFO_memory/MEM_reg[6][5]/Q (DFFRQX2M)      0.38       0.38 r
  U_ASYC_FIFO/FIFO_memory/U79/Y (OAI2BB2X1M)              0.15       0.53 r
  U_ASYC_FIFO/FIFO_memory/MEM_reg[6][5]/D (DFFRQX2M)      0.00       0.53 r
  data arrival time                                                  0.53

  clock REF_CLK (rise edge)                               0.00       0.00
  clock network delay (ideal)                             0.00       0.00
  clock uncertainty                                       0.10       0.10
  U_ASYC_FIFO/FIFO_memory/MEM_reg[6][5]/CK (DFFRQX2M)     0.00       0.10 r
  library hold time                                      -0.17      -0.07
  data required time                                                -0.07
  --------------------------------------------------------------------------
  data required time                                                -0.07
  data arrival time                                                 -0.53
  --------------------------------------------------------------------------
  slack (MET)                                                        0.60


  Startpoint: U_ASYC_FIFO/FIFO_memory/MEM_reg[6][4]
              (rising edge-triggered flip-flop clocked by REF_CLK)
  Endpoint: U_ASYC_FIFO/FIFO_memory/MEM_reg[6][4]
            (rising edge-triggered flip-flop clocked by REF_CLK)
  Path Group: REF_CLK
  Path Type: min

  Point                                                   Incr       Path
  --------------------------------------------------------------------------
  clock REF_CLK (rise edge)                               0.00       0.00
  clock network delay (ideal)                             0.00       0.00
  U_ASYC_FIFO/FIFO_memory/MEM_reg[6][4]/CK (DFFRQX2M)     0.00       0.00 r
  U_ASYC_FIFO/FIFO_memory/MEM_reg[6][4]/Q (DFFRQX2M)      0.38       0.38 r
  U_ASYC_FIFO/FIFO_memory/U78/Y (OAI2BB2X1M)              0.15       0.53 r
  U_ASYC_FIFO/FIFO_memory/MEM_reg[6][4]/D (DFFRQX2M)      0.00       0.53 r
  data arrival time                                                  0.53

  clock REF_CLK (rise edge)                               0.00       0.00
  clock network delay (ideal)                             0.00       0.00
  clock uncertainty                                       0.10       0.10
  U_ASYC_FIFO/FIFO_memory/MEM_reg[6][4]/CK (DFFRQX2M)     0.00       0.10 r
  library hold time                                      -0.17      -0.07
  data required time                                                -0.07
  --------------------------------------------------------------------------
  data required time                                                -0.07
  data arrival time                                                 -0.53
  --------------------------------------------------------------------------
  slack (MET)                                                        0.60


  Startpoint: U_ASYC_FIFO/FIFO_memory/MEM_reg[6][3]
              (rising edge-triggered flip-flop clocked by REF_CLK)
  Endpoint: U_ASYC_FIFO/FIFO_memory/MEM_reg[6][3]
            (rising edge-triggered flip-flop clocked by REF_CLK)
  Path Group: REF_CLK
  Path Type: min

  Point                                                   Incr       Path
  --------------------------------------------------------------------------
  clock REF_CLK (rise edge)                               0.00       0.00
  clock network delay (ideal)                             0.00       0.00
  U_ASYC_FIFO/FIFO_memory/MEM_reg[6][3]/CK (DFFRQX2M)     0.00       0.00 r
  U_ASYC_FIFO/FIFO_memory/MEM_reg[6][3]/Q (DFFRQX2M)      0.38       0.38 r
  U_ASYC_FIFO/FIFO_memory/U77/Y (OAI2BB2X1M)              0.15       0.53 r
  U_ASYC_FIFO/FIFO_memory/MEM_reg[6][3]/D (DFFRQX2M)      0.00       0.53 r
  data arrival time                                                  0.53

  clock REF_CLK (rise edge)                               0.00       0.00
  clock network delay (ideal)                             0.00       0.00
  clock uncertainty                                       0.10       0.10
  U_ASYC_FIFO/FIFO_memory/MEM_reg[6][3]/CK (DFFRQX2M)     0.00       0.10 r
  library hold time                                      -0.17      -0.07
  data required time                                                -0.07
  --------------------------------------------------------------------------
  data required time                                                -0.07
  data arrival time                                                 -0.53
  --------------------------------------------------------------------------
  slack (MET)                                                        0.60


  Startpoint: U_ASYC_FIFO/FIFO_memory/MEM_reg[6][2]
              (rising edge-triggered flip-flop clocked by REF_CLK)
  Endpoint: U_ASYC_FIFO/FIFO_memory/MEM_reg[6][2]
            (rising edge-triggered flip-flop clocked by REF_CLK)
  Path Group: REF_CLK
  Path Type: min

  Point                                                   Incr       Path
  --------------------------------------------------------------------------
  clock REF_CLK (rise edge)                               0.00       0.00
  clock network delay (ideal)                             0.00       0.00
  U_ASYC_FIFO/FIFO_memory/MEM_reg[6][2]/CK (DFFRQX2M)     0.00       0.00 r
  U_ASYC_FIFO/FIFO_memory/MEM_reg[6][2]/Q (DFFRQX2M)      0.38       0.38 r
  U_ASYC_FIFO/FIFO_memory/U76/Y (OAI2BB2X1M)              0.15       0.53 r
  U_ASYC_FIFO/FIFO_memory/MEM_reg[6][2]/D (DFFRQX2M)      0.00       0.53 r
  data arrival time                                                  0.53

  clock REF_CLK (rise edge)                               0.00       0.00
  clock network delay (ideal)                             0.00       0.00
  clock uncertainty                                       0.10       0.10
  U_ASYC_FIFO/FIFO_memory/MEM_reg[6][2]/CK (DFFRQX2M)     0.00       0.10 r
  library hold time                                      -0.17      -0.07
  data required time                                                -0.07
  --------------------------------------------------------------------------
  data required time                                                -0.07
  data arrival time                                                 -0.53
  --------------------------------------------------------------------------
  slack (MET)                                                        0.60


  Startpoint: U_ASYC_FIFO/FIFO_memory/MEM_reg[6][1]
              (rising edge-triggered flip-flop clocked by REF_CLK)
  Endpoint: U_ASYC_FIFO/FIFO_memory/MEM_reg[6][1]
            (rising edge-triggered flip-flop clocked by REF_CLK)
  Path Group: REF_CLK
  Path Type: min

  Point                                                   Incr       Path
  --------------------------------------------------------------------------
  clock REF_CLK (rise edge)                               0.00       0.00
  clock network delay (ideal)                             0.00       0.00
  U_ASYC_FIFO/FIFO_memory/MEM_reg[6][1]/CK (DFFRQX2M)     0.00       0.00 r
  U_ASYC_FIFO/FIFO_memory/MEM_reg[6][1]/Q (DFFRQX2M)      0.38       0.38 r
  U_ASYC_FIFO/FIFO_memory/U75/Y (OAI2BB2X1M)              0.15       0.53 r
  U_ASYC_FIFO/FIFO_memory/MEM_reg[6][1]/D (DFFRQX2M)      0.00       0.53 r
  data arrival time                                                  0.53

  clock REF_CLK (rise edge)                               0.00       0.00
  clock network delay (ideal)                             0.00       0.00
  clock uncertainty                                       0.10       0.10
  U_ASYC_FIFO/FIFO_memory/MEM_reg[6][1]/CK (DFFRQX2M)     0.00       0.10 r
  library hold time                                      -0.17      -0.07
  data required time                                                -0.07
  --------------------------------------------------------------------------
  data required time                                                -0.07
  data arrival time                                                 -0.53
  --------------------------------------------------------------------------
  slack (MET)                                                        0.60


  Startpoint: U_ASYC_FIFO/FIFO_memory/MEM_reg[6][0]
              (rising edge-triggered flip-flop clocked by REF_CLK)
  Endpoint: U_ASYC_FIFO/FIFO_memory/MEM_reg[6][0]
            (rising edge-triggered flip-flop clocked by REF_CLK)
  Path Group: REF_CLK
  Path Type: min

  Point                                                   Incr       Path
  --------------------------------------------------------------------------
  clock REF_CLK (rise edge)                               0.00       0.00
  clock network delay (ideal)                             0.00       0.00
  U_ASYC_FIFO/FIFO_memory/MEM_reg[6][0]/CK (DFFRQX2M)     0.00       0.00 r
  U_ASYC_FIFO/FIFO_memory/MEM_reg[6][0]/Q (DFFRQX2M)      0.38       0.38 r
  U_ASYC_FIFO/FIFO_memory/U74/Y (OAI2BB2X1M)              0.15       0.53 r
  U_ASYC_FIFO/FIFO_memory/MEM_reg[6][0]/D (DFFRQX2M)      0.00       0.53 r
  data arrival time                                                  0.53

  clock REF_CLK (rise edge)                               0.00       0.00
  clock network delay (ideal)                             0.00       0.00
  clock uncertainty                                       0.10       0.10
  U_ASYC_FIFO/FIFO_memory/MEM_reg[6][0]/CK (DFFRQX2M)     0.00       0.10 r
  library hold time                                      -0.17      -0.07
  data required time                                                -0.07
  --------------------------------------------------------------------------
  data required time                                                -0.07
  data arrival time                                                 -0.53
  --------------------------------------------------------------------------
  slack (MET)                                                        0.60


  Startpoint: U_ASYC_FIFO/FIFO_memory/MEM_reg[2][7]
              (rising edge-triggered flip-flop clocked by REF_CLK)
  Endpoint: U_ASYC_FIFO/FIFO_memory/MEM_reg[2][7]
            (rising edge-triggered flip-flop clocked by REF_CLK)
  Path Group: REF_CLK
  Path Type: min

  Point                                                   Incr       Path
  --------------------------------------------------------------------------
  clock REF_CLK (rise edge)                               0.00       0.00
  clock network delay (ideal)                             0.00       0.00
  U_ASYC_FIFO/FIFO_memory/MEM_reg[2][7]/CK (DFFRQX2M)     0.00       0.00 r
  U_ASYC_FIFO/FIFO_memory/MEM_reg[2][7]/Q (DFFRQX2M)      0.38       0.38 r
  U_ASYC_FIFO/FIFO_memory/U33/Y (OAI2BB2X1M)              0.15       0.53 r
  U_ASYC_FIFO/FIFO_memory/MEM_reg[2][7]/D (DFFRQX2M)      0.00       0.53 r
  data arrival time                                                  0.53

  clock REF_CLK (rise edge)                               0.00       0.00
  clock network delay (ideal)                             0.00       0.00
  clock uncertainty                                       0.10       0.10
  U_ASYC_FIFO/FIFO_memory/MEM_reg[2][7]/CK (DFFRQX2M)     0.00       0.10 r
  library hold time                                      -0.17      -0.07
  data required time                                                -0.07
  --------------------------------------------------------------------------
  data required time                                                -0.07
  data arrival time                                                 -0.53
  --------------------------------------------------------------------------
  slack (MET)                                                        0.60


  Startpoint: U_ASYC_FIFO/FIFO_memory/MEM_reg[2][6]
              (rising edge-triggered flip-flop clocked by REF_CLK)
  Endpoint: U_ASYC_FIFO/FIFO_memory/MEM_reg[2][6]
            (rising edge-triggered flip-flop clocked by REF_CLK)
  Path Group: REF_CLK
  Path Type: min

  Point                                                   Incr       Path
  --------------------------------------------------------------------------
  clock REF_CLK (rise edge)                               0.00       0.00
  clock network delay (ideal)                             0.00       0.00
  U_ASYC_FIFO/FIFO_memory/MEM_reg[2][6]/CK (DFFRQX2M)     0.00       0.00 r
  U_ASYC_FIFO/FIFO_memory/MEM_reg[2][6]/Q (DFFRQX2M)      0.38       0.38 r
  U_ASYC_FIFO/FIFO_memory/U32/Y (OAI2BB2X1M)              0.15       0.53 r
  U_ASYC_FIFO/FIFO_memory/MEM_reg[2][6]/D (DFFRQX2M)      0.00       0.53 r
  data arrival time                                                  0.53

  clock REF_CLK (rise edge)                               0.00       0.00
  clock network delay (ideal)                             0.00       0.00
  clock uncertainty                                       0.10       0.10
  U_ASYC_FIFO/FIFO_memory/MEM_reg[2][6]/CK (DFFRQX2M)     0.00       0.10 r
  library hold time                                      -0.17      -0.07
  data required time                                                -0.07
  --------------------------------------------------------------------------
  data required time                                                -0.07
  data arrival time                                                 -0.53
  --------------------------------------------------------------------------
  slack (MET)                                                        0.60


  Startpoint: U_ASYC_FIFO/FIFO_memory/MEM_reg[2][5]
              (rising edge-triggered flip-flop clocked by REF_CLK)
  Endpoint: U_ASYC_FIFO/FIFO_memory/MEM_reg[2][5]
            (rising edge-triggered flip-flop clocked by REF_CLK)
  Path Group: REF_CLK
  Path Type: min

  Point                                                   Incr       Path
  --------------------------------------------------------------------------
  clock REF_CLK (rise edge)                               0.00       0.00
  clock network delay (ideal)                             0.00       0.00
  U_ASYC_FIFO/FIFO_memory/MEM_reg[2][5]/CK (DFFRQX2M)     0.00       0.00 r
  U_ASYC_FIFO/FIFO_memory/MEM_reg[2][5]/Q (DFFRQX2M)      0.38       0.38 r
  U_ASYC_FIFO/FIFO_memory/U31/Y (OAI2BB2X1M)              0.15       0.53 r
  U_ASYC_FIFO/FIFO_memory/MEM_reg[2][5]/D (DFFRQX2M)      0.00       0.53 r
  data arrival time                                                  0.53

  clock REF_CLK (rise edge)                               0.00       0.00
  clock network delay (ideal)                             0.00       0.00
  clock uncertainty                                       0.10       0.10
  U_ASYC_FIFO/FIFO_memory/MEM_reg[2][5]/CK (DFFRQX2M)     0.00       0.10 r
  library hold time                                      -0.17      -0.07
  data required time                                                -0.07
  --------------------------------------------------------------------------
  data required time                                                -0.07
  data arrival time                                                 -0.53
  --------------------------------------------------------------------------
  slack (MET)                                                        0.60


  Startpoint: U_ASYC_FIFO/FIFO_memory/MEM_reg[2][4]
              (rising edge-triggered flip-flop clocked by REF_CLK)
  Endpoint: U_ASYC_FIFO/FIFO_memory/MEM_reg[2][4]
            (rising edge-triggered flip-flop clocked by REF_CLK)
  Path Group: REF_CLK
  Path Type: min

  Point                                                   Incr       Path
  --------------------------------------------------------------------------
  clock REF_CLK (rise edge)                               0.00       0.00
  clock network delay (ideal)                             0.00       0.00
  U_ASYC_FIFO/FIFO_memory/MEM_reg[2][4]/CK (DFFRQX2M)     0.00       0.00 r
  U_ASYC_FIFO/FIFO_memory/MEM_reg[2][4]/Q (DFFRQX2M)      0.38       0.38 r
  U_ASYC_FIFO/FIFO_memory/U30/Y (OAI2BB2X1M)              0.15       0.53 r
  U_ASYC_FIFO/FIFO_memory/MEM_reg[2][4]/D (DFFRQX2M)      0.00       0.53 r
  data arrival time                                                  0.53

  clock REF_CLK (rise edge)                               0.00       0.00
  clock network delay (ideal)                             0.00       0.00
  clock uncertainty                                       0.10       0.10
  U_ASYC_FIFO/FIFO_memory/MEM_reg[2][4]/CK (DFFRQX2M)     0.00       0.10 r
  library hold time                                      -0.17      -0.07
  data required time                                                -0.07
  --------------------------------------------------------------------------
  data required time                                                -0.07
  data arrival time                                                 -0.53
  --------------------------------------------------------------------------
  slack (MET)                                                        0.60


  Startpoint: U_ASYC_FIFO/FIFO_memory/MEM_reg[2][3]
              (rising edge-triggered flip-flop clocked by REF_CLK)
  Endpoint: U_ASYC_FIFO/FIFO_memory/MEM_reg[2][3]
            (rising edge-triggered flip-flop clocked by REF_CLK)
  Path Group: REF_CLK
  Path Type: min

  Point                                                   Incr       Path
  --------------------------------------------------------------------------
  clock REF_CLK (rise edge)                               0.00       0.00
  clock network delay (ideal)                             0.00       0.00
  U_ASYC_FIFO/FIFO_memory/MEM_reg[2][3]/CK (DFFRQX2M)     0.00       0.00 r
  U_ASYC_FIFO/FIFO_memory/MEM_reg[2][3]/Q (DFFRQX2M)      0.38       0.38 r
  U_ASYC_FIFO/FIFO_memory/U29/Y (OAI2BB2X1M)              0.15       0.53 r
  U_ASYC_FIFO/FIFO_memory/MEM_reg[2][3]/D (DFFRQX2M)      0.00       0.53 r
  data arrival time                                                  0.53

  clock REF_CLK (rise edge)                               0.00       0.00
  clock network delay (ideal)                             0.00       0.00
  clock uncertainty                                       0.10       0.10
  U_ASYC_FIFO/FIFO_memory/MEM_reg[2][3]/CK (DFFRQX2M)     0.00       0.10 r
  library hold time                                      -0.17      -0.07
  data required time                                                -0.07
  --------------------------------------------------------------------------
  data required time                                                -0.07
  data arrival time                                                 -0.53
  --------------------------------------------------------------------------
  slack (MET)                                                        0.60


  Startpoint: U_ASYC_FIFO/FIFO_memory/MEM_reg[2][2]
              (rising edge-triggered flip-flop clocked by REF_CLK)
  Endpoint: U_ASYC_FIFO/FIFO_memory/MEM_reg[2][2]
            (rising edge-triggered flip-flop clocked by REF_CLK)
  Path Group: REF_CLK
  Path Type: min

  Point                                                   Incr       Path
  --------------------------------------------------------------------------
  clock REF_CLK (rise edge)                               0.00       0.00
  clock network delay (ideal)                             0.00       0.00
  U_ASYC_FIFO/FIFO_memory/MEM_reg[2][2]/CK (DFFRQX2M)     0.00       0.00 r
  U_ASYC_FIFO/FIFO_memory/MEM_reg[2][2]/Q (DFFRQX2M)      0.38       0.38 r
  U_ASYC_FIFO/FIFO_memory/U28/Y (OAI2BB2X1M)              0.15       0.53 r
  U_ASYC_FIFO/FIFO_memory/MEM_reg[2][2]/D (DFFRQX2M)      0.00       0.53 r
  data arrival time                                                  0.53

  clock REF_CLK (rise edge)                               0.00       0.00
  clock network delay (ideal)                             0.00       0.00
  clock uncertainty                                       0.10       0.10
  U_ASYC_FIFO/FIFO_memory/MEM_reg[2][2]/CK (DFFRQX2M)     0.00       0.10 r
  library hold time                                      -0.17      -0.07
  data required time                                                -0.07
  --------------------------------------------------------------------------
  data required time                                                -0.07
  data arrival time                                                 -0.53
  --------------------------------------------------------------------------
  slack (MET)                                                        0.60


  Startpoint: U_ASYC_FIFO/FIFO_memory/MEM_reg[2][1]
              (rising edge-triggered flip-flop clocked by REF_CLK)
  Endpoint: U_ASYC_FIFO/FIFO_memory/MEM_reg[2][1]
            (rising edge-triggered flip-flop clocked by REF_CLK)
  Path Group: REF_CLK
  Path Type: min

  Point                                                   Incr       Path
  --------------------------------------------------------------------------
  clock REF_CLK (rise edge)                               0.00       0.00
  clock network delay (ideal)                             0.00       0.00
  U_ASYC_FIFO/FIFO_memory/MEM_reg[2][1]/CK (DFFRQX2M)     0.00       0.00 r
  U_ASYC_FIFO/FIFO_memory/MEM_reg[2][1]/Q (DFFRQX2M)      0.38       0.38 r
  U_ASYC_FIFO/FIFO_memory/U27/Y (OAI2BB2X1M)              0.15       0.53 r
  U_ASYC_FIFO/FIFO_memory/MEM_reg[2][1]/D (DFFRQX2M)      0.00       0.53 r
  data arrival time                                                  0.53

  clock REF_CLK (rise edge)                               0.00       0.00
  clock network delay (ideal)                             0.00       0.00
  clock uncertainty                                       0.10       0.10
  U_ASYC_FIFO/FIFO_memory/MEM_reg[2][1]/CK (DFFRQX2M)     0.00       0.10 r
  library hold time                                      -0.17      -0.07
  data required time                                                -0.07
  --------------------------------------------------------------------------
  data required time                                                -0.07
  data arrival time                                                 -0.53
  --------------------------------------------------------------------------
  slack (MET)                                                        0.60


  Startpoint: U_ASYC_FIFO/FIFO_memory/MEM_reg[2][0]
              (rising edge-triggered flip-flop clocked by REF_CLK)
  Endpoint: U_ASYC_FIFO/FIFO_memory/MEM_reg[2][0]
            (rising edge-triggered flip-flop clocked by REF_CLK)
  Path Group: REF_CLK
  Path Type: min

  Point                                                   Incr       Path
  --------------------------------------------------------------------------
  clock REF_CLK (rise edge)                               0.00       0.00
  clock network delay (ideal)                             0.00       0.00
  U_ASYC_FIFO/FIFO_memory/MEM_reg[2][0]/CK (DFFRQX2M)     0.00       0.00 r
  U_ASYC_FIFO/FIFO_memory/MEM_reg[2][0]/Q (DFFRQX2M)      0.38       0.38 r
  U_ASYC_FIFO/FIFO_memory/U26/Y (OAI2BB2X1M)              0.15       0.53 r
  U_ASYC_FIFO/FIFO_memory/MEM_reg[2][0]/D (DFFRQX2M)      0.00       0.53 r
  data arrival time                                                  0.53

  clock REF_CLK (rise edge)                               0.00       0.00
  clock network delay (ideal)                             0.00       0.00
  clock uncertainty                                       0.10       0.10
  U_ASYC_FIFO/FIFO_memory/MEM_reg[2][0]/CK (DFFRQX2M)     0.00       0.10 r
  library hold time                                      -0.17      -0.07
  data required time                                                -0.07
  --------------------------------------------------------------------------
  data required time                                                -0.07
  data arrival time                                                 -0.53
  --------------------------------------------------------------------------
  slack (MET)                                                        0.60


  Startpoint: U_Reg_File/mem_reg[14][7]
              (rising edge-triggered flip-flop clocked by REF_CLK)
  Endpoint: U_Reg_File/mem_reg[14][7]
            (rising edge-triggered flip-flop clocked by REF_CLK)
  Path Group: REF_CLK
  Path Type: min

  Point                                                   Incr       Path
  --------------------------------------------------------------------------
  clock REF_CLK (rise edge)                               0.00       0.00
  clock network delay (ideal)                             0.00       0.00
  U_Reg_File/mem_reg[14][7]/CK (DFFRQX2M)                 0.00       0.00 r
  U_Reg_File/mem_reg[14][7]/Q (DFFRQX2M)                  0.38       0.38 r
  U_Reg_File/U178/Y (OAI2BB2X1M)                          0.15       0.53 r
  U_Reg_File/mem_reg[14][7]/D (DFFRQX2M)                  0.00       0.53 r
  data arrival time                                                  0.53

  clock REF_CLK (rise edge)                               0.00       0.00
  clock network delay (ideal)                             0.00       0.00
  clock uncertainty                                       0.10       0.10
  U_Reg_File/mem_reg[14][7]/CK (DFFRQX2M)                 0.00       0.10 r
  library hold time                                      -0.17      -0.07
  data required time                                                -0.07
  --------------------------------------------------------------------------
  data required time                                                -0.07
  data arrival time                                                 -0.53
  --------------------------------------------------------------------------
  slack (MET)                                                        0.60


  Startpoint: U_Reg_File/mem_reg[14][6]
              (rising edge-triggered flip-flop clocked by REF_CLK)
  Endpoint: U_Reg_File/mem_reg[14][6]
            (rising edge-triggered flip-flop clocked by REF_CLK)
  Path Group: REF_CLK
  Path Type: min

  Point                                                   Incr       Path
  --------------------------------------------------------------------------
  clock REF_CLK (rise edge)                               0.00       0.00
  clock network delay (ideal)                             0.00       0.00
  U_Reg_File/mem_reg[14][6]/CK (DFFRQX2M)                 0.00       0.00 r
  U_Reg_File/mem_reg[14][6]/Q (DFFRQX2M)                  0.38       0.38 r
  U_Reg_File/U177/Y (OAI2BB2X1M)                          0.15       0.53 r
  U_Reg_File/mem_reg[14][6]/D (DFFRQX2M)                  0.00       0.53 r
  data arrival time                                                  0.53

  clock REF_CLK (rise edge)                               0.00       0.00
  clock network delay (ideal)                             0.00       0.00
  clock uncertainty                                       0.10       0.10
  U_Reg_File/mem_reg[14][6]/CK (DFFRQX2M)                 0.00       0.10 r
  library hold time                                      -0.17      -0.07
  data required time                                                -0.07
  --------------------------------------------------------------------------
  data required time                                                -0.07
  data arrival time                                                 -0.53
  --------------------------------------------------------------------------
  slack (MET)                                                        0.60


  Startpoint: U_Reg_File/mem_reg[14][5]
              (rising edge-triggered flip-flop clocked by REF_CLK)
  Endpoint: U_Reg_File/mem_reg[14][5]
            (rising edge-triggered flip-flop clocked by REF_CLK)
  Path Group: REF_CLK
  Path Type: min

  Point                                                   Incr       Path
  --------------------------------------------------------------------------
  clock REF_CLK (rise edge)                               0.00       0.00
  clock network delay (ideal)                             0.00       0.00
  U_Reg_File/mem_reg[14][5]/CK (DFFRQX2M)                 0.00       0.00 r
  U_Reg_File/mem_reg[14][5]/Q (DFFRQX2M)                  0.38       0.38 r
  U_Reg_File/U176/Y (OAI2BB2X1M)                          0.15       0.53 r
  U_Reg_File/mem_reg[14][5]/D (DFFRQX2M)                  0.00       0.53 r
  data arrival time                                                  0.53

  clock REF_CLK (rise edge)                               0.00       0.00
  clock network delay (ideal)                             0.00       0.00
  clock uncertainty                                       0.10       0.10
  U_Reg_File/mem_reg[14][5]/CK (DFFRQX2M)                 0.00       0.10 r
  library hold time                                      -0.17      -0.07
  data required time                                                -0.07
  --------------------------------------------------------------------------
  data required time                                                -0.07
  data arrival time                                                 -0.53
  --------------------------------------------------------------------------
  slack (MET)                                                        0.60


  Startpoint: U_Reg_File/mem_reg[14][4]
              (rising edge-triggered flip-flop clocked by REF_CLK)
  Endpoint: U_Reg_File/mem_reg[14][4]
            (rising edge-triggered flip-flop clocked by REF_CLK)
  Path Group: REF_CLK
  Path Type: min

  Point                                                   Incr       Path
  --------------------------------------------------------------------------
  clock REF_CLK (rise edge)                               0.00       0.00
  clock network delay (ideal)                             0.00       0.00
  U_Reg_File/mem_reg[14][4]/CK (DFFRQX2M)                 0.00       0.00 r
  U_Reg_File/mem_reg[14][4]/Q (DFFRQX2M)                  0.38       0.38 r
  U_Reg_File/U175/Y (OAI2BB2X1M)                          0.15       0.53 r
  U_Reg_File/mem_reg[14][4]/D (DFFRQX2M)                  0.00       0.53 r
  data arrival time                                                  0.53

  clock REF_CLK (rise edge)                               0.00       0.00
  clock network delay (ideal)                             0.00       0.00
  clock uncertainty                                       0.10       0.10
  U_Reg_File/mem_reg[14][4]/CK (DFFRQX2M)                 0.00       0.10 r
  library hold time                                      -0.17      -0.07
  data required time                                                -0.07
  --------------------------------------------------------------------------
  data required time                                                -0.07
  data arrival time                                                 -0.53
  --------------------------------------------------------------------------
  slack (MET)                                                        0.60


  Startpoint: U_Reg_File/mem_reg[14][3]
              (rising edge-triggered flip-flop clocked by REF_CLK)
  Endpoint: U_Reg_File/mem_reg[14][3]
            (rising edge-triggered flip-flop clocked by REF_CLK)
  Path Group: REF_CLK
  Path Type: min

  Point                                                   Incr       Path
  --------------------------------------------------------------------------
  clock REF_CLK (rise edge)                               0.00       0.00
  clock network delay (ideal)                             0.00       0.00
  U_Reg_File/mem_reg[14][3]/CK (DFFRQX2M)                 0.00       0.00 r
  U_Reg_File/mem_reg[14][3]/Q (DFFRQX2M)                  0.38       0.38 r
  U_Reg_File/U174/Y (OAI2BB2X1M)                          0.15       0.53 r
  U_Reg_File/mem_reg[14][3]/D (DFFRQX2M)                  0.00       0.53 r
  data arrival time                                                  0.53

  clock REF_CLK (rise edge)                               0.00       0.00
  clock network delay (ideal)                             0.00       0.00
  clock uncertainty                                       0.10       0.10
  U_Reg_File/mem_reg[14][3]/CK (DFFRQX2M)                 0.00       0.10 r
  library hold time                                      -0.17      -0.07
  data required time                                                -0.07
  --------------------------------------------------------------------------
  data required time                                                -0.07
  data arrival time                                                 -0.53
  --------------------------------------------------------------------------
  slack (MET)                                                        0.60


  Startpoint: U_Reg_File/mem_reg[14][2]
              (rising edge-triggered flip-flop clocked by REF_CLK)
  Endpoint: U_Reg_File/mem_reg[14][2]
            (rising edge-triggered flip-flop clocked by REF_CLK)
  Path Group: REF_CLK
  Path Type: min

  Point                                                   Incr       Path
  --------------------------------------------------------------------------
  clock REF_CLK (rise edge)                               0.00       0.00
  clock network delay (ideal)                             0.00       0.00
  U_Reg_File/mem_reg[14][2]/CK (DFFRQX2M)                 0.00       0.00 r
  U_Reg_File/mem_reg[14][2]/Q (DFFRQX2M)                  0.38       0.38 r
  U_Reg_File/U173/Y (OAI2BB2X1M)                          0.15       0.53 r
  U_Reg_File/mem_reg[14][2]/D (DFFRQX2M)                  0.00       0.53 r
  data arrival time                                                  0.53

  clock REF_CLK (rise edge)                               0.00       0.00
  clock network delay (ideal)                             0.00       0.00
  clock uncertainty                                       0.10       0.10
  U_Reg_File/mem_reg[14][2]/CK (DFFRQX2M)                 0.00       0.10 r
  library hold time                                      -0.17      -0.07
  data required time                                                -0.07
  --------------------------------------------------------------------------
  data required time                                                -0.07
  data arrival time                                                 -0.53
  --------------------------------------------------------------------------
  slack (MET)                                                        0.60


  Startpoint: U_Reg_File/mem_reg[14][1]
              (rising edge-triggered flip-flop clocked by REF_CLK)
  Endpoint: U_Reg_File/mem_reg[14][1]
            (rising edge-triggered flip-flop clocked by REF_CLK)
  Path Group: REF_CLK
  Path Type: min

  Point                                                   Incr       Path
  --------------------------------------------------------------------------
  clock REF_CLK (rise edge)                               0.00       0.00
  clock network delay (ideal)                             0.00       0.00
  U_Reg_File/mem_reg[14][1]/CK (DFFRQX2M)                 0.00       0.00 r
  U_Reg_File/mem_reg[14][1]/Q (DFFRQX2M)                  0.38       0.38 r
  U_Reg_File/U172/Y (OAI2BB2X1M)                          0.15       0.53 r
  U_Reg_File/mem_reg[14][1]/D (DFFRQX2M)                  0.00       0.53 r
  data arrival time                                                  0.53

  clock REF_CLK (rise edge)                               0.00       0.00
  clock network delay (ideal)                             0.00       0.00
  clock uncertainty                                       0.10       0.10
  U_Reg_File/mem_reg[14][1]/CK (DFFRQX2M)                 0.00       0.10 r
  library hold time                                      -0.17      -0.07
  data required time                                                -0.07
  --------------------------------------------------------------------------
  data required time                                                -0.07
  data arrival time                                                 -0.53
  --------------------------------------------------------------------------
  slack (MET)                                                        0.60


  Startpoint: U_Reg_File/mem_reg[14][0]
              (rising edge-triggered flip-flop clocked by REF_CLK)
  Endpoint: U_Reg_File/mem_reg[14][0]
            (rising edge-triggered flip-flop clocked by REF_CLK)
  Path Group: REF_CLK
  Path Type: min

  Point                                                   Incr       Path
  --------------------------------------------------------------------------
  clock REF_CLK (rise edge)                               0.00       0.00
  clock network delay (ideal)                             0.00       0.00
  U_Reg_File/mem_reg[14][0]/CK (DFFRQX2M)                 0.00       0.00 r
  U_Reg_File/mem_reg[14][0]/Q (DFFRQX2M)                  0.38       0.38 r
  U_Reg_File/U171/Y (OAI2BB2X1M)                          0.15       0.53 r
  U_Reg_File/mem_reg[14][0]/D (DFFRQX2M)                  0.00       0.53 r
  data arrival time                                                  0.53

  clock REF_CLK (rise edge)                               0.00       0.00
  clock network delay (ideal)                             0.00       0.00
  clock uncertainty                                       0.10       0.10
  U_Reg_File/mem_reg[14][0]/CK (DFFRQX2M)                 0.00       0.10 r
  library hold time                                      -0.17      -0.07
  data required time                                                -0.07
  --------------------------------------------------------------------------
  data required time                                                -0.07
  data arrival time                                                 -0.53
  --------------------------------------------------------------------------
  slack (MET)                                                        0.60


  Startpoint: U_Reg_File/mem_reg[10][7]
              (rising edge-triggered flip-flop clocked by REF_CLK)
  Endpoint: U_Reg_File/mem_reg[10][7]
            (rising edge-triggered flip-flop clocked by REF_CLK)
  Path Group: REF_CLK
  Path Type: min

  Point                                                   Incr       Path
  --------------------------------------------------------------------------
  clock REF_CLK (rise edge)                               0.00       0.00
  clock network delay (ideal)                             0.00       0.00
  U_Reg_File/mem_reg[10][7]/CK (DFFRQX2M)                 0.00       0.00 r
  U_Reg_File/mem_reg[10][7]/Q (DFFRQX2M)                  0.38       0.38 r
  U_Reg_File/U146/Y (OAI2BB2X1M)                          0.15       0.53 r
  U_Reg_File/mem_reg[10][7]/D (DFFRQX2M)                  0.00       0.53 r
  data arrival time                                                  0.53

  clock REF_CLK (rise edge)                               0.00       0.00
  clock network delay (ideal)                             0.00       0.00
  clock uncertainty                                       0.10       0.10
  U_Reg_File/mem_reg[10][7]/CK (DFFRQX2M)                 0.00       0.10 r
  library hold time                                      -0.17      -0.07
  data required time                                                -0.07
  --------------------------------------------------------------------------
  data required time                                                -0.07
  data arrival time                                                 -0.53
  --------------------------------------------------------------------------
  slack (MET)                                                        0.60


  Startpoint: U_Reg_File/mem_reg[10][6]
              (rising edge-triggered flip-flop clocked by REF_CLK)
  Endpoint: U_Reg_File/mem_reg[10][6]
            (rising edge-triggered flip-flop clocked by REF_CLK)
  Path Group: REF_CLK
  Path Type: min

  Point                                                   Incr       Path
  --------------------------------------------------------------------------
  clock REF_CLK (rise edge)                               0.00       0.00
  clock network delay (ideal)                             0.00       0.00
  U_Reg_File/mem_reg[10][6]/CK (DFFRQX2M)                 0.00       0.00 r
  U_Reg_File/mem_reg[10][6]/Q (DFFRQX2M)                  0.38       0.38 r
  U_Reg_File/U145/Y (OAI2BB2X1M)                          0.15       0.53 r
  U_Reg_File/mem_reg[10][6]/D (DFFRQX2M)                  0.00       0.53 r
  data arrival time                                                  0.53

  clock REF_CLK (rise edge)                               0.00       0.00
  clock network delay (ideal)                             0.00       0.00
  clock uncertainty                                       0.10       0.10
  U_Reg_File/mem_reg[10][6]/CK (DFFRQX2M)                 0.00       0.10 r
  library hold time                                      -0.17      -0.07
  data required time                                                -0.07
  --------------------------------------------------------------------------
  data required time                                                -0.07
  data arrival time                                                 -0.53
  --------------------------------------------------------------------------
  slack (MET)                                                        0.60


  Startpoint: U_Reg_File/mem_reg[10][5]
              (rising edge-triggered flip-flop clocked by REF_CLK)
  Endpoint: U_Reg_File/mem_reg[10][5]
            (rising edge-triggered flip-flop clocked by REF_CLK)
  Path Group: REF_CLK
  Path Type: min

  Point                                                   Incr       Path
  --------------------------------------------------------------------------
  clock REF_CLK (rise edge)                               0.00       0.00
  clock network delay (ideal)                             0.00       0.00
  U_Reg_File/mem_reg[10][5]/CK (DFFRQX2M)                 0.00       0.00 r
  U_Reg_File/mem_reg[10][5]/Q (DFFRQX2M)                  0.38       0.38 r
  U_Reg_File/U144/Y (OAI2BB2X1M)                          0.15       0.53 r
  U_Reg_File/mem_reg[10][5]/D (DFFRQX2M)                  0.00       0.53 r
  data arrival time                                                  0.53

  clock REF_CLK (rise edge)                               0.00       0.00
  clock network delay (ideal)                             0.00       0.00
  clock uncertainty                                       0.10       0.10
  U_Reg_File/mem_reg[10][5]/CK (DFFRQX2M)                 0.00       0.10 r
  library hold time                                      -0.17      -0.07
  data required time                                                -0.07
  --------------------------------------------------------------------------
  data required time                                                -0.07
  data arrival time                                                 -0.53
  --------------------------------------------------------------------------
  slack (MET)                                                        0.60


  Startpoint: U_Reg_File/mem_reg[10][4]
              (rising edge-triggered flip-flop clocked by REF_CLK)
  Endpoint: U_Reg_File/mem_reg[10][4]
            (rising edge-triggered flip-flop clocked by REF_CLK)
  Path Group: REF_CLK
  Path Type: min

  Point                                                   Incr       Path
  --------------------------------------------------------------------------
  clock REF_CLK (rise edge)                               0.00       0.00
  clock network delay (ideal)                             0.00       0.00
  U_Reg_File/mem_reg[10][4]/CK (DFFRQX2M)                 0.00       0.00 r
  U_Reg_File/mem_reg[10][4]/Q (DFFRQX2M)                  0.38       0.38 r
  U_Reg_File/U143/Y (OAI2BB2X1M)                          0.15       0.53 r
  U_Reg_File/mem_reg[10][4]/D (DFFRQX2M)                  0.00       0.53 r
  data arrival time                                                  0.53

  clock REF_CLK (rise edge)                               0.00       0.00
  clock network delay (ideal)                             0.00       0.00
  clock uncertainty                                       0.10       0.10
  U_Reg_File/mem_reg[10][4]/CK (DFFRQX2M)                 0.00       0.10 r
  library hold time                                      -0.17      -0.07
  data required time                                                -0.07
  --------------------------------------------------------------------------
  data required time                                                -0.07
  data arrival time                                                 -0.53
  --------------------------------------------------------------------------
  slack (MET)                                                        0.60


  Startpoint: U_Reg_File/mem_reg[10][3]
              (rising edge-triggered flip-flop clocked by REF_CLK)
  Endpoint: U_Reg_File/mem_reg[10][3]
            (rising edge-triggered flip-flop clocked by REF_CLK)
  Path Group: REF_CLK
  Path Type: min

  Point                                                   Incr       Path
  --------------------------------------------------------------------------
  clock REF_CLK (rise edge)                               0.00       0.00
  clock network delay (ideal)                             0.00       0.00
  U_Reg_File/mem_reg[10][3]/CK (DFFRQX2M)                 0.00       0.00 r
  U_Reg_File/mem_reg[10][3]/Q (DFFRQX2M)                  0.38       0.38 r
  U_Reg_File/U142/Y (OAI2BB2X1M)                          0.15       0.53 r
  U_Reg_File/mem_reg[10][3]/D (DFFRQX2M)                  0.00       0.53 r
  data arrival time                                                  0.53

  clock REF_CLK (rise edge)                               0.00       0.00
  clock network delay (ideal)                             0.00       0.00
  clock uncertainty                                       0.10       0.10
  U_Reg_File/mem_reg[10][3]/CK (DFFRQX2M)                 0.00       0.10 r
  library hold time                                      -0.17      -0.07
  data required time                                                -0.07
  --------------------------------------------------------------------------
  data required time                                                -0.07
  data arrival time                                                 -0.53
  --------------------------------------------------------------------------
  slack (MET)                                                        0.60


  Startpoint: U_Reg_File/mem_reg[10][2]
              (rising edge-triggered flip-flop clocked by REF_CLK)
  Endpoint: U_Reg_File/mem_reg[10][2]
            (rising edge-triggered flip-flop clocked by REF_CLK)
  Path Group: REF_CLK
  Path Type: min

  Point                                                   Incr       Path
  --------------------------------------------------------------------------
  clock REF_CLK (rise edge)                               0.00       0.00
  clock network delay (ideal)                             0.00       0.00
  U_Reg_File/mem_reg[10][2]/CK (DFFRQX2M)                 0.00       0.00 r
  U_Reg_File/mem_reg[10][2]/Q (DFFRQX2M)                  0.38       0.38 r
  U_Reg_File/U141/Y (OAI2BB2X1M)                          0.15       0.53 r
  U_Reg_File/mem_reg[10][2]/D (DFFRQX2M)                  0.00       0.53 r
  data arrival time                                                  0.53

  clock REF_CLK (rise edge)                               0.00       0.00
  clock network delay (ideal)                             0.00       0.00
  clock uncertainty                                       0.10       0.10
  U_Reg_File/mem_reg[10][2]/CK (DFFRQX2M)                 0.00       0.10 r
  library hold time                                      -0.17      -0.07
  data required time                                                -0.07
  --------------------------------------------------------------------------
  data required time                                                -0.07
  data arrival time                                                 -0.53
  --------------------------------------------------------------------------
  slack (MET)                                                        0.60


  Startpoint: U_Reg_File/mem_reg[10][1]
              (rising edge-triggered flip-flop clocked by REF_CLK)
  Endpoint: U_Reg_File/mem_reg[10][1]
            (rising edge-triggered flip-flop clocked by REF_CLK)
  Path Group: REF_CLK
  Path Type: min

  Point                                                   Incr       Path
  --------------------------------------------------------------------------
  clock REF_CLK (rise edge)                               0.00       0.00
  clock network delay (ideal)                             0.00       0.00
  U_Reg_File/mem_reg[10][1]/CK (DFFRQX2M)                 0.00       0.00 r
  U_Reg_File/mem_reg[10][1]/Q (DFFRQX2M)                  0.38       0.38 r
  U_Reg_File/U140/Y (OAI2BB2X1M)                          0.15       0.53 r
  U_Reg_File/mem_reg[10][1]/D (DFFRQX2M)                  0.00       0.53 r
  data arrival time                                                  0.53

  clock REF_CLK (rise edge)                               0.00       0.00
  clock network delay (ideal)                             0.00       0.00
  clock uncertainty                                       0.10       0.10
  U_Reg_File/mem_reg[10][1]/CK (DFFRQX2M)                 0.00       0.10 r
  library hold time                                      -0.17      -0.07
  data required time                                                -0.07
  --------------------------------------------------------------------------
  data required time                                                -0.07
  data arrival time                                                 -0.53
  --------------------------------------------------------------------------
  slack (MET)                                                        0.60


  Startpoint: U_Reg_File/mem_reg[10][0]
              (rising edge-triggered flip-flop clocked by REF_CLK)
  Endpoint: U_Reg_File/mem_reg[10][0]
            (rising edge-triggered flip-flop clocked by REF_CLK)
  Path Group: REF_CLK
  Path Type: min

  Point                                                   Incr       Path
  --------------------------------------------------------------------------
  clock REF_CLK (rise edge)                               0.00       0.00
  clock network delay (ideal)                             0.00       0.00
  U_Reg_File/mem_reg[10][0]/CK (DFFRQX2M)                 0.00       0.00 r
  U_Reg_File/mem_reg[10][0]/Q (DFFRQX2M)                  0.38       0.38 r
  U_Reg_File/U139/Y (OAI2BB2X1M)                          0.15       0.53 r
  U_Reg_File/mem_reg[10][0]/D (DFFRQX2M)                  0.00       0.53 r
  data arrival time                                                  0.53

  clock REF_CLK (rise edge)                               0.00       0.00
  clock network delay (ideal)                             0.00       0.00
  clock uncertainty                                       0.10       0.10
  U_Reg_File/mem_reg[10][0]/CK (DFFRQX2M)                 0.00       0.10 r
  library hold time                                      -0.17      -0.07
  data required time                                                -0.07
  --------------------------------------------------------------------------
  data required time                                                -0.07
  data arrival time                                                 -0.53
  --------------------------------------------------------------------------
  slack (MET)                                                        0.60


  Startpoint: U_Reg_File/mem_reg[6][7]
              (rising edge-triggered flip-flop clocked by REF_CLK)
  Endpoint: U_Reg_File/mem_reg[6][7]
            (rising edge-triggered flip-flop clocked by REF_CLK)
  Path Group: REF_CLK
  Path Type: min

  Point                                                   Incr       Path
  --------------------------------------------------------------------------
  clock REF_CLK (rise edge)                               0.00       0.00
  clock network delay (ideal)                             0.00       0.00
  U_Reg_File/mem_reg[6][7]/CK (DFFRQX2M)                  0.00       0.00 r
  U_Reg_File/mem_reg[6][7]/Q (DFFRQX2M)                   0.38       0.38 r
  U_Reg_File/U101/Y (OAI2BB2X1M)                          0.15       0.53 r
  U_Reg_File/mem_reg[6][7]/D (DFFRQX2M)                   0.00       0.53 r
  data arrival time                                                  0.53

  clock REF_CLK (rise edge)                               0.00       0.00
  clock network delay (ideal)                             0.00       0.00
  clock uncertainty                                       0.10       0.10
  U_Reg_File/mem_reg[6][7]/CK (DFFRQX2M)                  0.00       0.10 r
  library hold time                                      -0.17      -0.07
  data required time                                                -0.07
  --------------------------------------------------------------------------
  data required time                                                -0.07
  data arrival time                                                 -0.53
  --------------------------------------------------------------------------
  slack (MET)                                                        0.60


  Startpoint: U_Reg_File/mem_reg[6][6]
              (rising edge-triggered flip-flop clocked by REF_CLK)
  Endpoint: U_Reg_File/mem_reg[6][6]
            (rising edge-triggered flip-flop clocked by REF_CLK)
  Path Group: REF_CLK
  Path Type: min

  Point                                                   Incr       Path
  --------------------------------------------------------------------------
  clock REF_CLK (rise edge)                               0.00       0.00
  clock network delay (ideal)                             0.00       0.00
  U_Reg_File/mem_reg[6][6]/CK (DFFRQX2M)                  0.00       0.00 r
  U_Reg_File/mem_reg[6][6]/Q (DFFRQX2M)                   0.38       0.38 r
  U_Reg_File/U100/Y (OAI2BB2X1M)                          0.15       0.53 r
  U_Reg_File/mem_reg[6][6]/D (DFFRQX2M)                   0.00       0.53 r
  data arrival time                                                  0.53

  clock REF_CLK (rise edge)                               0.00       0.00
  clock network delay (ideal)                             0.00       0.00
  clock uncertainty                                       0.10       0.10
  U_Reg_File/mem_reg[6][6]/CK (DFFRQX2M)                  0.00       0.10 r
  library hold time                                      -0.17      -0.07
  data required time                                                -0.07
  --------------------------------------------------------------------------
  data required time                                                -0.07
  data arrival time                                                 -0.53
  --------------------------------------------------------------------------
  slack (MET)                                                        0.60


  Startpoint: U_Reg_File/mem_reg[6][5]
              (rising edge-triggered flip-flop clocked by REF_CLK)
  Endpoint: U_Reg_File/mem_reg[6][5]
            (rising edge-triggered flip-flop clocked by REF_CLK)
  Path Group: REF_CLK
  Path Type: min

  Point                                                   Incr       Path
  --------------------------------------------------------------------------
  clock REF_CLK (rise edge)                               0.00       0.00
  clock network delay (ideal)                             0.00       0.00
  U_Reg_File/mem_reg[6][5]/CK (DFFRQX2M)                  0.00       0.00 r
  U_Reg_File/mem_reg[6][5]/Q (DFFRQX2M)                   0.38       0.38 r
  U_Reg_File/U99/Y (OAI2BB2X1M)                           0.15       0.53 r
  U_Reg_File/mem_reg[6][5]/D (DFFRQX2M)                   0.00       0.53 r
  data arrival time                                                  0.53

  clock REF_CLK (rise edge)                               0.00       0.00
  clock network delay (ideal)                             0.00       0.00
  clock uncertainty                                       0.10       0.10
  U_Reg_File/mem_reg[6][5]/CK (DFFRQX2M)                  0.00       0.10 r
  library hold time                                      -0.17      -0.07
  data required time                                                -0.07
  --------------------------------------------------------------------------
  data required time                                                -0.07
  data arrival time                                                 -0.53
  --------------------------------------------------------------------------
  slack (MET)                                                        0.60


  Startpoint: U_Reg_File/mem_reg[6][4]
              (rising edge-triggered flip-flop clocked by REF_CLK)
  Endpoint: U_Reg_File/mem_reg[6][4]
            (rising edge-triggered flip-flop clocked by REF_CLK)
  Path Group: REF_CLK
  Path Type: min

  Point                                                   Incr       Path
  --------------------------------------------------------------------------
  clock REF_CLK (rise edge)                               0.00       0.00
  clock network delay (ideal)                             0.00       0.00
  U_Reg_File/mem_reg[6][4]/CK (DFFRQX2M)                  0.00       0.00 r
  U_Reg_File/mem_reg[6][4]/Q (DFFRQX2M)                   0.38       0.38 r
  U_Reg_File/U98/Y (OAI2BB2X1M)                           0.15       0.53 r
  U_Reg_File/mem_reg[6][4]/D (DFFRQX2M)                   0.00       0.53 r
  data arrival time                                                  0.53

  clock REF_CLK (rise edge)                               0.00       0.00
  clock network delay (ideal)                             0.00       0.00
  clock uncertainty                                       0.10       0.10
  U_Reg_File/mem_reg[6][4]/CK (DFFRQX2M)                  0.00       0.10 r
  library hold time                                      -0.17      -0.07
  data required time                                                -0.07
  --------------------------------------------------------------------------
  data required time                                                -0.07
  data arrival time                                                 -0.53
  --------------------------------------------------------------------------
  slack (MET)                                                        0.60


  Startpoint: U_Reg_File/mem_reg[6][3]
              (rising edge-triggered flip-flop clocked by REF_CLK)
  Endpoint: U_Reg_File/mem_reg[6][3]
            (rising edge-triggered flip-flop clocked by REF_CLK)
  Path Group: REF_CLK
  Path Type: min

  Point                                                   Incr       Path
  --------------------------------------------------------------------------
  clock REF_CLK (rise edge)                               0.00       0.00
  clock network delay (ideal)                             0.00       0.00
  U_Reg_File/mem_reg[6][3]/CK (DFFRQX2M)                  0.00       0.00 r
  U_Reg_File/mem_reg[6][3]/Q (DFFRQX2M)                   0.38       0.38 r
  U_Reg_File/U97/Y (OAI2BB2X1M)                           0.15       0.53 r
  U_Reg_File/mem_reg[6][3]/D (DFFRQX2M)                   0.00       0.53 r
  data arrival time                                                  0.53

  clock REF_CLK (rise edge)                               0.00       0.00
  clock network delay (ideal)                             0.00       0.00
  clock uncertainty                                       0.10       0.10
  U_Reg_File/mem_reg[6][3]/CK (DFFRQX2M)                  0.00       0.10 r
  library hold time                                      -0.17      -0.07
  data required time                                                -0.07
  --------------------------------------------------------------------------
  data required time                                                -0.07
  data arrival time                                                 -0.53
  --------------------------------------------------------------------------
  slack (MET)                                                        0.60


  Startpoint: U_Reg_File/mem_reg[6][2]
              (rising edge-triggered flip-flop clocked by REF_CLK)
  Endpoint: U_Reg_File/mem_reg[6][2]
            (rising edge-triggered flip-flop clocked by REF_CLK)
  Path Group: REF_CLK
  Path Type: min

  Point                                                   Incr       Path
  --------------------------------------------------------------------------
  clock REF_CLK (rise edge)                               0.00       0.00
  clock network delay (ideal)                             0.00       0.00
  U_Reg_File/mem_reg[6][2]/CK (DFFRQX2M)                  0.00       0.00 r
  U_Reg_File/mem_reg[6][2]/Q (DFFRQX2M)                   0.38       0.38 r
  U_Reg_File/U96/Y (OAI2BB2X1M)                           0.15       0.53 r
  U_Reg_File/mem_reg[6][2]/D (DFFRQX2M)                   0.00       0.53 r
  data arrival time                                                  0.53

  clock REF_CLK (rise edge)                               0.00       0.00
  clock network delay (ideal)                             0.00       0.00
  clock uncertainty                                       0.10       0.10
  U_Reg_File/mem_reg[6][2]/CK (DFFRQX2M)                  0.00       0.10 r
  library hold time                                      -0.17      -0.07
  data required time                                                -0.07
  --------------------------------------------------------------------------
  data required time                                                -0.07
  data arrival time                                                 -0.53
  --------------------------------------------------------------------------
  slack (MET)                                                        0.60


  Startpoint: U_Reg_File/mem_reg[6][1]
              (rising edge-triggered flip-flop clocked by REF_CLK)
  Endpoint: U_Reg_File/mem_reg[6][1]
            (rising edge-triggered flip-flop clocked by REF_CLK)
  Path Group: REF_CLK
  Path Type: min

  Point                                                   Incr       Path
  --------------------------------------------------------------------------
  clock REF_CLK (rise edge)                               0.00       0.00
  clock network delay (ideal)                             0.00       0.00
  U_Reg_File/mem_reg[6][1]/CK (DFFRQX2M)                  0.00       0.00 r
  U_Reg_File/mem_reg[6][1]/Q (DFFRQX2M)                   0.38       0.38 r
  U_Reg_File/U95/Y (OAI2BB2X1M)                           0.15       0.53 r
  U_Reg_File/mem_reg[6][1]/D (DFFRQX2M)                   0.00       0.53 r
  data arrival time                                                  0.53

  clock REF_CLK (rise edge)                               0.00       0.00
  clock network delay (ideal)                             0.00       0.00
  clock uncertainty                                       0.10       0.10
  U_Reg_File/mem_reg[6][1]/CK (DFFRQX2M)                  0.00       0.10 r
  library hold time                                      -0.17      -0.07
  data required time                                                -0.07
  --------------------------------------------------------------------------
  data required time                                                -0.07
  data arrival time                                                 -0.53
  --------------------------------------------------------------------------
  slack (MET)                                                        0.60


  Startpoint: U_Reg_File/mem_reg[6][0]
              (rising edge-triggered flip-flop clocked by REF_CLK)
  Endpoint: U_Reg_File/mem_reg[6][0]
            (rising edge-triggered flip-flop clocked by REF_CLK)
  Path Group: REF_CLK
  Path Type: min

  Point                                                   Incr       Path
  --------------------------------------------------------------------------
  clock REF_CLK (rise edge)                               0.00       0.00
  clock network delay (ideal)                             0.00       0.00
  U_Reg_File/mem_reg[6][0]/CK (DFFRQX2M)                  0.00       0.00 r
  U_Reg_File/mem_reg[6][0]/Q (DFFRQX2M)                   0.38       0.38 r
  U_Reg_File/U94/Y (OAI2BB2X1M)                           0.15       0.53 r
  U_Reg_File/mem_reg[6][0]/D (DFFRQX2M)                   0.00       0.53 r
  data arrival time                                                  0.53

  clock REF_CLK (rise edge)                               0.00       0.00
  clock network delay (ideal)                             0.00       0.00
  clock uncertainty                                       0.10       0.10
  U_Reg_File/mem_reg[6][0]/CK (DFFRQX2M)                  0.00       0.10 r
  library hold time                                      -0.17      -0.07
  data required time                                                -0.07
  --------------------------------------------------------------------------
  data required time                                                -0.07
  data arrival time                                                 -0.53
  --------------------------------------------------------------------------
  slack (MET)                                                        0.60


  Startpoint: U_ASYC_FIFO/FIFO_memory/MEM_reg[5][7]
              (rising edge-triggered flip-flop clocked by REF_CLK)
  Endpoint: U_ASYC_FIFO/FIFO_memory/MEM_reg[5][7]
            (rising edge-triggered flip-flop clocked by REF_CLK)
  Path Group: REF_CLK
  Path Type: min

  Point                                                   Incr       Path
  --------------------------------------------------------------------------
  clock REF_CLK (rise edge)                               0.00       0.00
  clock network delay (ideal)                             0.00       0.00
  U_ASYC_FIFO/FIFO_memory/MEM_reg[5][7]/CK (DFFRQX2M)     0.00       0.00 r
  U_ASYC_FIFO/FIFO_memory/MEM_reg[5][7]/Q (DFFRQX2M)      0.38       0.38 r
  U_ASYC_FIFO/FIFO_memory/U73/Y (OAI2BB2X1M)              0.15       0.53 r
  U_ASYC_FIFO/FIFO_memory/MEM_reg[5][7]/D (DFFRQX2M)      0.00       0.53 r
  data arrival time                                                  0.53

  clock REF_CLK (rise edge)                               0.00       0.00
  clock network delay (ideal)                             0.00       0.00
  clock uncertainty                                       0.10       0.10
  U_ASYC_FIFO/FIFO_memory/MEM_reg[5][7]/CK (DFFRQX2M)     0.00       0.10 r
  library hold time                                      -0.17      -0.07
  data required time                                                -0.07
  --------------------------------------------------------------------------
  data required time                                                -0.07
  data arrival time                                                 -0.53
  --------------------------------------------------------------------------
  slack (MET)                                                        0.60


  Startpoint: U_ASYC_FIFO/FIFO_memory/MEM_reg[5][6]
              (rising edge-triggered flip-flop clocked by REF_CLK)
  Endpoint: U_ASYC_FIFO/FIFO_memory/MEM_reg[5][6]
            (rising edge-triggered flip-flop clocked by REF_CLK)
  Path Group: REF_CLK
  Path Type: min

  Point                                                   Incr       Path
  --------------------------------------------------------------------------
  clock REF_CLK (rise edge)                               0.00       0.00
  clock network delay (ideal)                             0.00       0.00
  U_ASYC_FIFO/FIFO_memory/MEM_reg[5][6]/CK (DFFRQX2M)     0.00       0.00 r
  U_ASYC_FIFO/FIFO_memory/MEM_reg[5][6]/Q (DFFRQX2M)      0.38       0.38 r
  U_ASYC_FIFO/FIFO_memory/U72/Y (OAI2BB2X1M)              0.15       0.53 r
  U_ASYC_FIFO/FIFO_memory/MEM_reg[5][6]/D (DFFRQX2M)      0.00       0.53 r
  data arrival time                                                  0.53

  clock REF_CLK (rise edge)                               0.00       0.00
  clock network delay (ideal)                             0.00       0.00
  clock uncertainty                                       0.10       0.10
  U_ASYC_FIFO/FIFO_memory/MEM_reg[5][6]/CK (DFFRQX2M)     0.00       0.10 r
  library hold time                                      -0.17      -0.07
  data required time                                                -0.07
  --------------------------------------------------------------------------
  data required time                                                -0.07
  data arrival time                                                 -0.53
  --------------------------------------------------------------------------
  slack (MET)                                                        0.60


  Startpoint: U_ASYC_FIFO/FIFO_memory/MEM_reg[5][5]
              (rising edge-triggered flip-flop clocked by REF_CLK)
  Endpoint: U_ASYC_FIFO/FIFO_memory/MEM_reg[5][5]
            (rising edge-triggered flip-flop clocked by REF_CLK)
  Path Group: REF_CLK
  Path Type: min

  Point                                                   Incr       Path
  --------------------------------------------------------------------------
  clock REF_CLK (rise edge)                               0.00       0.00
  clock network delay (ideal)                             0.00       0.00
  U_ASYC_FIFO/FIFO_memory/MEM_reg[5][5]/CK (DFFRQX2M)     0.00       0.00 r
  U_ASYC_FIFO/FIFO_memory/MEM_reg[5][5]/Q (DFFRQX2M)      0.38       0.38 r
  U_ASYC_FIFO/FIFO_memory/U71/Y (OAI2BB2X1M)              0.15       0.53 r
  U_ASYC_FIFO/FIFO_memory/MEM_reg[5][5]/D (DFFRQX2M)      0.00       0.53 r
  data arrival time                                                  0.53

  clock REF_CLK (rise edge)                               0.00       0.00
  clock network delay (ideal)                             0.00       0.00
  clock uncertainty                                       0.10       0.10
  U_ASYC_FIFO/FIFO_memory/MEM_reg[5][5]/CK (DFFRQX2M)     0.00       0.10 r
  library hold time                                      -0.17      -0.07
  data required time                                                -0.07
  --------------------------------------------------------------------------
  data required time                                                -0.07
  data arrival time                                                 -0.53
  --------------------------------------------------------------------------
  slack (MET)                                                        0.60


  Startpoint: U_ASYC_FIFO/FIFO_memory/MEM_reg[5][4]
              (rising edge-triggered flip-flop clocked by REF_CLK)
  Endpoint: U_ASYC_FIFO/FIFO_memory/MEM_reg[5][4]
            (rising edge-triggered flip-flop clocked by REF_CLK)
  Path Group: REF_CLK
  Path Type: min

  Point                                                   Incr       Path
  --------------------------------------------------------------------------
  clock REF_CLK (rise edge)                               0.00       0.00
  clock network delay (ideal)                             0.00       0.00
  U_ASYC_FIFO/FIFO_memory/MEM_reg[5][4]/CK (DFFRQX2M)     0.00       0.00 r
  U_ASYC_FIFO/FIFO_memory/MEM_reg[5][4]/Q (DFFRQX2M)      0.38       0.38 r
  U_ASYC_FIFO/FIFO_memory/U70/Y (OAI2BB2X1M)              0.15       0.53 r
  U_ASYC_FIFO/FIFO_memory/MEM_reg[5][4]/D (DFFRQX2M)      0.00       0.53 r
  data arrival time                                                  0.53

  clock REF_CLK (rise edge)                               0.00       0.00
  clock network delay (ideal)                             0.00       0.00
  clock uncertainty                                       0.10       0.10
  U_ASYC_FIFO/FIFO_memory/MEM_reg[5][4]/CK (DFFRQX2M)     0.00       0.10 r
  library hold time                                      -0.17      -0.07
  data required time                                                -0.07
  --------------------------------------------------------------------------
  data required time                                                -0.07
  data arrival time                                                 -0.53
  --------------------------------------------------------------------------
  slack (MET)                                                        0.60


  Startpoint: U_ASYC_FIFO/FIFO_memory/MEM_reg[5][3]
              (rising edge-triggered flip-flop clocked by REF_CLK)
  Endpoint: U_ASYC_FIFO/FIFO_memory/MEM_reg[5][3]
            (rising edge-triggered flip-flop clocked by REF_CLK)
  Path Group: REF_CLK
  Path Type: min

  Point                                                   Incr       Path
  --------------------------------------------------------------------------
  clock REF_CLK (rise edge)                               0.00       0.00
  clock network delay (ideal)                             0.00       0.00
  U_ASYC_FIFO/FIFO_memory/MEM_reg[5][3]/CK (DFFRQX2M)     0.00       0.00 r
  U_ASYC_FIFO/FIFO_memory/MEM_reg[5][3]/Q (DFFRQX2M)      0.38       0.38 r
  U_ASYC_FIFO/FIFO_memory/U69/Y (OAI2BB2X1M)              0.15       0.53 r
  U_ASYC_FIFO/FIFO_memory/MEM_reg[5][3]/D (DFFRQX2M)      0.00       0.53 r
  data arrival time                                                  0.53

  clock REF_CLK (rise edge)                               0.00       0.00
  clock network delay (ideal)                             0.00       0.00
  clock uncertainty                                       0.10       0.10
  U_ASYC_FIFO/FIFO_memory/MEM_reg[5][3]/CK (DFFRQX2M)     0.00       0.10 r
  library hold time                                      -0.17      -0.07
  data required time                                                -0.07
  --------------------------------------------------------------------------
  data required time                                                -0.07
  data arrival time                                                 -0.53
  --------------------------------------------------------------------------
  slack (MET)                                                        0.60


  Startpoint: U_ASYC_FIFO/FIFO_memory/MEM_reg[5][2]
              (rising edge-triggered flip-flop clocked by REF_CLK)
  Endpoint: U_ASYC_FIFO/FIFO_memory/MEM_reg[5][2]
            (rising edge-triggered flip-flop clocked by REF_CLK)
  Path Group: REF_CLK
  Path Type: min

  Point                                                   Incr       Path
  --------------------------------------------------------------------------
  clock REF_CLK (rise edge)                               0.00       0.00
  clock network delay (ideal)                             0.00       0.00
  U_ASYC_FIFO/FIFO_memory/MEM_reg[5][2]/CK (DFFRQX2M)     0.00       0.00 r
  U_ASYC_FIFO/FIFO_memory/MEM_reg[5][2]/Q (DFFRQX2M)      0.38       0.38 r
  U_ASYC_FIFO/FIFO_memory/U68/Y (OAI2BB2X1M)              0.15       0.53 r
  U_ASYC_FIFO/FIFO_memory/MEM_reg[5][2]/D (DFFRQX2M)      0.00       0.53 r
  data arrival time                                                  0.53

  clock REF_CLK (rise edge)                               0.00       0.00
  clock network delay (ideal)                             0.00       0.00
  clock uncertainty                                       0.10       0.10
  U_ASYC_FIFO/FIFO_memory/MEM_reg[5][2]/CK (DFFRQX2M)     0.00       0.10 r
  library hold time                                      -0.17      -0.07
  data required time                                                -0.07
  --------------------------------------------------------------------------
  data required time                                                -0.07
  data arrival time                                                 -0.53
  --------------------------------------------------------------------------
  slack (MET)                                                        0.60


  Startpoint: U_ASYC_FIFO/FIFO_memory/MEM_reg[5][1]
              (rising edge-triggered flip-flop clocked by REF_CLK)
  Endpoint: U_ASYC_FIFO/FIFO_memory/MEM_reg[5][1]
            (rising edge-triggered flip-flop clocked by REF_CLK)
  Path Group: REF_CLK
  Path Type: min

  Point                                                   Incr       Path
  --------------------------------------------------------------------------
  clock REF_CLK (rise edge)                               0.00       0.00
  clock network delay (ideal)                             0.00       0.00
  U_ASYC_FIFO/FIFO_memory/MEM_reg[5][1]/CK (DFFRQX2M)     0.00       0.00 r
  U_ASYC_FIFO/FIFO_memory/MEM_reg[5][1]/Q (DFFRQX2M)      0.38       0.38 r
  U_ASYC_FIFO/FIFO_memory/U67/Y (OAI2BB2X1M)              0.15       0.53 r
  U_ASYC_FIFO/FIFO_memory/MEM_reg[5][1]/D (DFFRQX2M)      0.00       0.53 r
  data arrival time                                                  0.53

  clock REF_CLK (rise edge)                               0.00       0.00
  clock network delay (ideal)                             0.00       0.00
  clock uncertainty                                       0.10       0.10
  U_ASYC_FIFO/FIFO_memory/MEM_reg[5][1]/CK (DFFRQX2M)     0.00       0.10 r
  library hold time                                      -0.17      -0.07
  data required time                                                -0.07
  --------------------------------------------------------------------------
  data required time                                                -0.07
  data arrival time                                                 -0.53
  --------------------------------------------------------------------------
  slack (MET)                                                        0.60


  Startpoint: U_ASYC_FIFO/FIFO_memory/MEM_reg[5][0]
              (rising edge-triggered flip-flop clocked by REF_CLK)
  Endpoint: U_ASYC_FIFO/FIFO_memory/MEM_reg[5][0]
            (rising edge-triggered flip-flop clocked by REF_CLK)
  Path Group: REF_CLK
  Path Type: min

  Point                                                   Incr       Path
  --------------------------------------------------------------------------
  clock REF_CLK (rise edge)                               0.00       0.00
  clock network delay (ideal)                             0.00       0.00
  U_ASYC_FIFO/FIFO_memory/MEM_reg[5][0]/CK (DFFRQX2M)     0.00       0.00 r
  U_ASYC_FIFO/FIFO_memory/MEM_reg[5][0]/Q (DFFRQX2M)      0.38       0.38 r
  U_ASYC_FIFO/FIFO_memory/U66/Y (OAI2BB2X1M)              0.15       0.53 r
  U_ASYC_FIFO/FIFO_memory/MEM_reg[5][0]/D (DFFRQX2M)      0.00       0.53 r
  data arrival time                                                  0.53

  clock REF_CLK (rise edge)                               0.00       0.00
  clock network delay (ideal)                             0.00       0.00
  clock uncertainty                                       0.10       0.10
  U_ASYC_FIFO/FIFO_memory/MEM_reg[5][0]/CK (DFFRQX2M)     0.00       0.10 r
  library hold time                                      -0.17      -0.07
  data required time                                                -0.07
  --------------------------------------------------------------------------
  data required time                                                -0.07
  data arrival time                                                 -0.53
  --------------------------------------------------------------------------
  slack (MET)                                                        0.60


  Startpoint: U_ASYC_FIFO/FIFO_memory/MEM_reg[1][7]
              (rising edge-triggered flip-flop clocked by REF_CLK)
  Endpoint: U_ASYC_FIFO/FIFO_memory/MEM_reg[1][7]
            (rising edge-triggered flip-flop clocked by REF_CLK)
  Path Group: REF_CLK
  Path Type: min

  Point                                                   Incr       Path
  --------------------------------------------------------------------------
  clock REF_CLK (rise edge)                               0.00       0.00
  clock network delay (ideal)                             0.00       0.00
  U_ASYC_FIFO/FIFO_memory/MEM_reg[1][7]/CK (DFFRQX2M)     0.00       0.00 r
  U_ASYC_FIFO/FIFO_memory/MEM_reg[1][7]/Q (DFFRQX2M)      0.38       0.38 r
  U_ASYC_FIFO/FIFO_memory/U49/Y (OAI2BB2X1M)              0.15       0.53 r
  U_ASYC_FIFO/FIFO_memory/MEM_reg[1][7]/D (DFFRQX2M)      0.00       0.53 r
  data arrival time                                                  0.53

  clock REF_CLK (rise edge)                               0.00       0.00
  clock network delay (ideal)                             0.00       0.00
  clock uncertainty                                       0.10       0.10
  U_ASYC_FIFO/FIFO_memory/MEM_reg[1][7]/CK (DFFRQX2M)     0.00       0.10 r
  library hold time                                      -0.17      -0.07
  data required time                                                -0.07
  --------------------------------------------------------------------------
  data required time                                                -0.07
  data arrival time                                                 -0.53
  --------------------------------------------------------------------------
  slack (MET)                                                        0.60


  Startpoint: U_ASYC_FIFO/FIFO_memory/MEM_reg[1][6]
              (rising edge-triggered flip-flop clocked by REF_CLK)
  Endpoint: U_ASYC_FIFO/FIFO_memory/MEM_reg[1][6]
            (rising edge-triggered flip-flop clocked by REF_CLK)
  Path Group: REF_CLK
  Path Type: min

  Point                                                   Incr       Path
  --------------------------------------------------------------------------
  clock REF_CLK (rise edge)                               0.00       0.00
  clock network delay (ideal)                             0.00       0.00
  U_ASYC_FIFO/FIFO_memory/MEM_reg[1][6]/CK (DFFRQX2M)     0.00       0.00 r
  U_ASYC_FIFO/FIFO_memory/MEM_reg[1][6]/Q (DFFRQX2M)      0.38       0.38 r
  U_ASYC_FIFO/FIFO_memory/U48/Y (OAI2BB2X1M)              0.15       0.53 r
  U_ASYC_FIFO/FIFO_memory/MEM_reg[1][6]/D (DFFRQX2M)      0.00       0.53 r
  data arrival time                                                  0.53

  clock REF_CLK (rise edge)                               0.00       0.00
  clock network delay (ideal)                             0.00       0.00
  clock uncertainty                                       0.10       0.10
  U_ASYC_FIFO/FIFO_memory/MEM_reg[1][6]/CK (DFFRQX2M)     0.00       0.10 r
  library hold time                                      -0.17      -0.07
  data required time                                                -0.07
  --------------------------------------------------------------------------
  data required time                                                -0.07
  data arrival time                                                 -0.53
  --------------------------------------------------------------------------
  slack (MET)                                                        0.60


  Startpoint: U_ASYC_FIFO/FIFO_memory/MEM_reg[1][5]
              (rising edge-triggered flip-flop clocked by REF_CLK)
  Endpoint: U_ASYC_FIFO/FIFO_memory/MEM_reg[1][5]
            (rising edge-triggered flip-flop clocked by REF_CLK)
  Path Group: REF_CLK
  Path Type: min

  Point                                                   Incr       Path
  --------------------------------------------------------------------------
  clock REF_CLK (rise edge)                               0.00       0.00
  clock network delay (ideal)                             0.00       0.00
  U_ASYC_FIFO/FIFO_memory/MEM_reg[1][5]/CK (DFFRQX2M)     0.00       0.00 r
  U_ASYC_FIFO/FIFO_memory/MEM_reg[1][5]/Q (DFFRQX2M)      0.38       0.38 r
  U_ASYC_FIFO/FIFO_memory/U47/Y (OAI2BB2X1M)              0.15       0.53 r
  U_ASYC_FIFO/FIFO_memory/MEM_reg[1][5]/D (DFFRQX2M)      0.00       0.53 r
  data arrival time                                                  0.53

  clock REF_CLK (rise edge)                               0.00       0.00
  clock network delay (ideal)                             0.00       0.00
  clock uncertainty                                       0.10       0.10
  U_ASYC_FIFO/FIFO_memory/MEM_reg[1][5]/CK (DFFRQX2M)     0.00       0.10 r
  library hold time                                      -0.17      -0.07
  data required time                                                -0.07
  --------------------------------------------------------------------------
  data required time                                                -0.07
  data arrival time                                                 -0.53
  --------------------------------------------------------------------------
  slack (MET)                                                        0.60


  Startpoint: U_ASYC_FIFO/FIFO_memory/MEM_reg[1][4]
              (rising edge-triggered flip-flop clocked by REF_CLK)
  Endpoint: U_ASYC_FIFO/FIFO_memory/MEM_reg[1][4]
            (rising edge-triggered flip-flop clocked by REF_CLK)
  Path Group: REF_CLK
  Path Type: min

  Point                                                   Incr       Path
  --------------------------------------------------------------------------
  clock REF_CLK (rise edge)                               0.00       0.00
  clock network delay (ideal)                             0.00       0.00
  U_ASYC_FIFO/FIFO_memory/MEM_reg[1][4]/CK (DFFRQX2M)     0.00       0.00 r
  U_ASYC_FIFO/FIFO_memory/MEM_reg[1][4]/Q (DFFRQX2M)      0.38       0.38 r
  U_ASYC_FIFO/FIFO_memory/U46/Y (OAI2BB2X1M)              0.15       0.53 r
  U_ASYC_FIFO/FIFO_memory/MEM_reg[1][4]/D (DFFRQX2M)      0.00       0.53 r
  data arrival time                                                  0.53

  clock REF_CLK (rise edge)                               0.00       0.00
  clock network delay (ideal)                             0.00       0.00
  clock uncertainty                                       0.10       0.10
  U_ASYC_FIFO/FIFO_memory/MEM_reg[1][4]/CK (DFFRQX2M)     0.00       0.10 r
  library hold time                                      -0.17      -0.07
  data required time                                                -0.07
  --------------------------------------------------------------------------
  data required time                                                -0.07
  data arrival time                                                 -0.53
  --------------------------------------------------------------------------
  slack (MET)                                                        0.60


  Startpoint: U_ASYC_FIFO/FIFO_memory/MEM_reg[1][3]
              (rising edge-triggered flip-flop clocked by REF_CLK)
  Endpoint: U_ASYC_FIFO/FIFO_memory/MEM_reg[1][3]
            (rising edge-triggered flip-flop clocked by REF_CLK)
  Path Group: REF_CLK
  Path Type: min

  Point                                                   Incr       Path
  --------------------------------------------------------------------------
  clock REF_CLK (rise edge)                               0.00       0.00
  clock network delay (ideal)                             0.00       0.00
  U_ASYC_FIFO/FIFO_memory/MEM_reg[1][3]/CK (DFFRQX2M)     0.00       0.00 r
  U_ASYC_FIFO/FIFO_memory/MEM_reg[1][3]/Q (DFFRQX2M)      0.38       0.38 r
  U_ASYC_FIFO/FIFO_memory/U45/Y (OAI2BB2X1M)              0.15       0.53 r
  U_ASYC_FIFO/FIFO_memory/MEM_reg[1][3]/D (DFFRQX2M)      0.00       0.53 r
  data arrival time                                                  0.53

  clock REF_CLK (rise edge)                               0.00       0.00
  clock network delay (ideal)                             0.00       0.00
  clock uncertainty                                       0.10       0.10
  U_ASYC_FIFO/FIFO_memory/MEM_reg[1][3]/CK (DFFRQX2M)     0.00       0.10 r
  library hold time                                      -0.17      -0.07
  data required time                                                -0.07
  --------------------------------------------------------------------------
  data required time                                                -0.07
  data arrival time                                                 -0.53
  --------------------------------------------------------------------------
  slack (MET)                                                        0.60


  Startpoint: U_ASYC_FIFO/FIFO_memory/MEM_reg[1][2]
              (rising edge-triggered flip-flop clocked by REF_CLK)
  Endpoint: U_ASYC_FIFO/FIFO_memory/MEM_reg[1][2]
            (rising edge-triggered flip-flop clocked by REF_CLK)
  Path Group: REF_CLK
  Path Type: min

  Point                                                   Incr       Path
  --------------------------------------------------------------------------
  clock REF_CLK (rise edge)                               0.00       0.00
  clock network delay (ideal)                             0.00       0.00
  U_ASYC_FIFO/FIFO_memory/MEM_reg[1][2]/CK (DFFRQX2M)     0.00       0.00 r
  U_ASYC_FIFO/FIFO_memory/MEM_reg[1][2]/Q (DFFRQX2M)      0.38       0.38 r
  U_ASYC_FIFO/FIFO_memory/U44/Y (OAI2BB2X1M)              0.15       0.53 r
  U_ASYC_FIFO/FIFO_memory/MEM_reg[1][2]/D (DFFRQX2M)      0.00       0.53 r
  data arrival time                                                  0.53

  clock REF_CLK (rise edge)                               0.00       0.00
  clock network delay (ideal)                             0.00       0.00
  clock uncertainty                                       0.10       0.10
  U_ASYC_FIFO/FIFO_memory/MEM_reg[1][2]/CK (DFFRQX2M)     0.00       0.10 r
  library hold time                                      -0.17      -0.07
  data required time                                                -0.07
  --------------------------------------------------------------------------
  data required time                                                -0.07
  data arrival time                                                 -0.53
  --------------------------------------------------------------------------
  slack (MET)                                                        0.60


  Startpoint: U_ASYC_FIFO/FIFO_memory/MEM_reg[1][1]
              (rising edge-triggered flip-flop clocked by REF_CLK)
  Endpoint: U_ASYC_FIFO/FIFO_memory/MEM_reg[1][1]
            (rising edge-triggered flip-flop clocked by REF_CLK)
  Path Group: REF_CLK
  Path Type: min

  Point                                                   Incr       Path
  --------------------------------------------------------------------------
  clock REF_CLK (rise edge)                               0.00       0.00
  clock network delay (ideal)                             0.00       0.00
  U_ASYC_FIFO/FIFO_memory/MEM_reg[1][1]/CK (DFFRQX2M)     0.00       0.00 r
  U_ASYC_FIFO/FIFO_memory/MEM_reg[1][1]/Q (DFFRQX2M)      0.38       0.38 r
  U_ASYC_FIFO/FIFO_memory/U43/Y (OAI2BB2X1M)              0.15       0.53 r
  U_ASYC_FIFO/FIFO_memory/MEM_reg[1][1]/D (DFFRQX2M)      0.00       0.53 r
  data arrival time                                                  0.53

  clock REF_CLK (rise edge)                               0.00       0.00
  clock network delay (ideal)                             0.00       0.00
  clock uncertainty                                       0.10       0.10
  U_ASYC_FIFO/FIFO_memory/MEM_reg[1][1]/CK (DFFRQX2M)     0.00       0.10 r
  library hold time                                      -0.17      -0.07
  data required time                                                -0.07
  --------------------------------------------------------------------------
  data required time                                                -0.07
  data arrival time                                                 -0.53
  --------------------------------------------------------------------------
  slack (MET)                                                        0.60


  Startpoint: U_ASYC_FIFO/FIFO_memory/MEM_reg[1][0]
              (rising edge-triggered flip-flop clocked by REF_CLK)
  Endpoint: U_ASYC_FIFO/FIFO_memory/MEM_reg[1][0]
            (rising edge-triggered flip-flop clocked by REF_CLK)
  Path Group: REF_CLK
  Path Type: min

  Point                                                   Incr       Path
  --------------------------------------------------------------------------
  clock REF_CLK (rise edge)                               0.00       0.00
  clock network delay (ideal)                             0.00       0.00
  U_ASYC_FIFO/FIFO_memory/MEM_reg[1][0]/CK (DFFRQX2M)     0.00       0.00 r
  U_ASYC_FIFO/FIFO_memory/MEM_reg[1][0]/Q (DFFRQX2M)      0.38       0.38 r
  U_ASYC_FIFO/FIFO_memory/U42/Y (OAI2BB2X1M)              0.15       0.53 r
  U_ASYC_FIFO/FIFO_memory/MEM_reg[1][0]/D (DFFRQX2M)      0.00       0.53 r
  data arrival time                                                  0.53

  clock REF_CLK (rise edge)                               0.00       0.00
  clock network delay (ideal)                             0.00       0.00
  clock uncertainty                                       0.10       0.10
  U_ASYC_FIFO/FIFO_memory/MEM_reg[1][0]/CK (DFFRQX2M)     0.00       0.10 r
  library hold time                                      -0.17      -0.07
  data required time                                                -0.07
  --------------------------------------------------------------------------
  data required time                                                -0.07
  data arrival time                                                 -0.53
  --------------------------------------------------------------------------
  slack (MET)                                                        0.60


  Startpoint: U_Reg_File/mem_reg[13][3]
              (rising edge-triggered flip-flop clocked by REF_CLK)
  Endpoint: U_Reg_File/mem_reg[13][3]
            (rising edge-triggered flip-flop clocked by REF_CLK)
  Path Group: REF_CLK
  Path Type: min

  Point                                                   Incr       Path
  --------------------------------------------------------------------------
  clock REF_CLK (rise edge)                               0.00       0.00
  clock network delay (ideal)                             0.00       0.00
  U_Reg_File/mem_reg[13][3]/CK (DFFRQX2M)                 0.00       0.00 r
  U_Reg_File/mem_reg[13][3]/Q (DFFRQX2M)                  0.38       0.38 r
  U_Reg_File/U166/Y (OAI2BB2X1M)                          0.15       0.53 r
  U_Reg_File/mem_reg[13][3]/D (DFFRQX2M)                  0.00       0.53 r
  data arrival time                                                  0.53

  clock REF_CLK (rise edge)                               0.00       0.00
  clock network delay (ideal)                             0.00       0.00
  clock uncertainty                                       0.10       0.10
  U_Reg_File/mem_reg[13][3]/CK (DFFRQX2M)                 0.00       0.10 r
  library hold time                                      -0.17      -0.07
  data required time                                                -0.07
  --------------------------------------------------------------------------
  data required time                                                -0.07
  data arrival time                                                 -0.53
  --------------------------------------------------------------------------
  slack (MET)                                                        0.60


  Startpoint: U_Reg_File/mem_reg[13][2]
              (rising edge-triggered flip-flop clocked by REF_CLK)
  Endpoint: U_Reg_File/mem_reg[13][2]
            (rising edge-triggered flip-flop clocked by REF_CLK)
  Path Group: REF_CLK
  Path Type: min

  Point                                                   Incr       Path
  --------------------------------------------------------------------------
  clock REF_CLK (rise edge)                               0.00       0.00
  clock network delay (ideal)                             0.00       0.00
  U_Reg_File/mem_reg[13][2]/CK (DFFRQX2M)                 0.00       0.00 r
  U_Reg_File/mem_reg[13][2]/Q (DFFRQX2M)                  0.38       0.38 r
  U_Reg_File/U165/Y (OAI2BB2X1M)                          0.15       0.53 r
  U_Reg_File/mem_reg[13][2]/D (DFFRQX2M)                  0.00       0.53 r
  data arrival time                                                  0.53

  clock REF_CLK (rise edge)                               0.00       0.00
  clock network delay (ideal)                             0.00       0.00
  clock uncertainty                                       0.10       0.10
  U_Reg_File/mem_reg[13][2]/CK (DFFRQX2M)                 0.00       0.10 r
  library hold time                                      -0.17      -0.07
  data required time                                                -0.07
  --------------------------------------------------------------------------
  data required time                                                -0.07
  data arrival time                                                 -0.53
  --------------------------------------------------------------------------
  slack (MET)                                                        0.60


  Startpoint: U_Reg_File/mem_reg[13][1]
              (rising edge-triggered flip-flop clocked by REF_CLK)
  Endpoint: U_Reg_File/mem_reg[13][1]
            (rising edge-triggered flip-flop clocked by REF_CLK)
  Path Group: REF_CLK
  Path Type: min

  Point                                                   Incr       Path
  --------------------------------------------------------------------------
  clock REF_CLK (rise edge)                               0.00       0.00
  clock network delay (ideal)                             0.00       0.00
  U_Reg_File/mem_reg[13][1]/CK (DFFRQX2M)                 0.00       0.00 r
  U_Reg_File/mem_reg[13][1]/Q (DFFRQX2M)                  0.38       0.38 r
  U_Reg_File/U164/Y (OAI2BB2X1M)                          0.15       0.53 r
  U_Reg_File/mem_reg[13][1]/D (DFFRQX2M)                  0.00       0.53 r
  data arrival time                                                  0.53

  clock REF_CLK (rise edge)                               0.00       0.00
  clock network delay (ideal)                             0.00       0.00
  clock uncertainty                                       0.10       0.10
  U_Reg_File/mem_reg[13][1]/CK (DFFRQX2M)                 0.00       0.10 r
  library hold time                                      -0.17      -0.07
  data required time                                                -0.07
  --------------------------------------------------------------------------
  data required time                                                -0.07
  data arrival time                                                 -0.53
  --------------------------------------------------------------------------
  slack (MET)                                                        0.60


  Startpoint: U_Reg_File/mem_reg[13][0]
              (rising edge-triggered flip-flop clocked by REF_CLK)
  Endpoint: U_Reg_File/mem_reg[13][0]
            (rising edge-triggered flip-flop clocked by REF_CLK)
  Path Group: REF_CLK
  Path Type: min

  Point                                                   Incr       Path
  --------------------------------------------------------------------------
  clock REF_CLK (rise edge)                               0.00       0.00
  clock network delay (ideal)                             0.00       0.00
  U_Reg_File/mem_reg[13][0]/CK (DFFRQX2M)                 0.00       0.00 r
  U_Reg_File/mem_reg[13][0]/Q (DFFRQX2M)                  0.38       0.38 r
  U_Reg_File/U163/Y (OAI2BB2X1M)                          0.15       0.53 r
  U_Reg_File/mem_reg[13][0]/D (DFFRQX2M)                  0.00       0.53 r
  data arrival time                                                  0.53

  clock REF_CLK (rise edge)                               0.00       0.00
  clock network delay (ideal)                             0.00       0.00
  clock uncertainty                                       0.10       0.10
  U_Reg_File/mem_reg[13][0]/CK (DFFRQX2M)                 0.00       0.10 r
  library hold time                                      -0.17      -0.07
  data required time                                                -0.07
  --------------------------------------------------------------------------
  data required time                                                -0.07
  data arrival time                                                 -0.53
  --------------------------------------------------------------------------
  slack (MET)                                                        0.60


  Startpoint: U_Reg_File/mem_reg[9][7]
              (rising edge-triggered flip-flop clocked by REF_CLK)
  Endpoint: U_Reg_File/mem_reg[9][7]
            (rising edge-triggered flip-flop clocked by REF_CLK)
  Path Group: REF_CLK
  Path Type: min

  Point                                                   Incr       Path
  --------------------------------------------------------------------------
  clock REF_CLK (rise edge)                               0.00       0.00
  clock network delay (ideal)                             0.00       0.00
  U_Reg_File/mem_reg[9][7]/CK (DFFRQX2M)                  0.00       0.00 r
  U_Reg_File/mem_reg[9][7]/Q (DFFRQX2M)                   0.38       0.38 r
  U_Reg_File/U138/Y (OAI2BB2X1M)                          0.15       0.53 r
  U_Reg_File/mem_reg[9][7]/D (DFFRQX2M)                   0.00       0.53 r
  data arrival time                                                  0.53

  clock REF_CLK (rise edge)                               0.00       0.00
  clock network delay (ideal)                             0.00       0.00
  clock uncertainty                                       0.10       0.10
  U_Reg_File/mem_reg[9][7]/CK (DFFRQX2M)                  0.00       0.10 r
  library hold time                                      -0.17      -0.07
  data required time                                                -0.07
  --------------------------------------------------------------------------
  data required time                                                -0.07
  data arrival time                                                 -0.53
  --------------------------------------------------------------------------
  slack (MET)                                                        0.60


  Startpoint: U_Reg_File/mem_reg[9][6]
              (rising edge-triggered flip-flop clocked by REF_CLK)
  Endpoint: U_Reg_File/mem_reg[9][6]
            (rising edge-triggered flip-flop clocked by REF_CLK)
  Path Group: REF_CLK
  Path Type: min

  Point                                                   Incr       Path
  --------------------------------------------------------------------------
  clock REF_CLK (rise edge)                               0.00       0.00
  clock network delay (ideal)                             0.00       0.00
  U_Reg_File/mem_reg[9][6]/CK (DFFRQX2M)                  0.00       0.00 r
  U_Reg_File/mem_reg[9][6]/Q (DFFRQX2M)                   0.38       0.38 r
  U_Reg_File/U137/Y (OAI2BB2X1M)                          0.15       0.53 r
  U_Reg_File/mem_reg[9][6]/D (DFFRQX2M)                   0.00       0.53 r
  data arrival time                                                  0.53

  clock REF_CLK (rise edge)                               0.00       0.00
  clock network delay (ideal)                             0.00       0.00
  clock uncertainty                                       0.10       0.10
  U_Reg_File/mem_reg[9][6]/CK (DFFRQX2M)                  0.00       0.10 r
  library hold time                                      -0.17      -0.07
  data required time                                                -0.07
  --------------------------------------------------------------------------
  data required time                                                -0.07
  data arrival time                                                 -0.53
  --------------------------------------------------------------------------
  slack (MET)                                                        0.60


  Startpoint: U_Reg_File/mem_reg[9][5]
              (rising edge-triggered flip-flop clocked by REF_CLK)
  Endpoint: U_Reg_File/mem_reg[9][5]
            (rising edge-triggered flip-flop clocked by REF_CLK)
  Path Group: REF_CLK
  Path Type: min

  Point                                                   Incr       Path
  --------------------------------------------------------------------------
  clock REF_CLK (rise edge)                               0.00       0.00
  clock network delay (ideal)                             0.00       0.00
  U_Reg_File/mem_reg[9][5]/CK (DFFRQX2M)                  0.00       0.00 r
  U_Reg_File/mem_reg[9][5]/Q (DFFRQX2M)                   0.38       0.38 r
  U_Reg_File/U136/Y (OAI2BB2X1M)                          0.15       0.53 r
  U_Reg_File/mem_reg[9][5]/D (DFFRQX2M)                   0.00       0.53 r
  data arrival time                                                  0.53

  clock REF_CLK (rise edge)                               0.00       0.00
  clock network delay (ideal)                             0.00       0.00
  clock uncertainty                                       0.10       0.10
  U_Reg_File/mem_reg[9][5]/CK (DFFRQX2M)                  0.00       0.10 r
  library hold time                                      -0.17      -0.07
  data required time                                                -0.07
  --------------------------------------------------------------------------
  data required time                                                -0.07
  data arrival time                                                 -0.53
  --------------------------------------------------------------------------
  slack (MET)                                                        0.60


  Startpoint: U_Reg_File/mem_reg[9][4]
              (rising edge-triggered flip-flop clocked by REF_CLK)
  Endpoint: U_Reg_File/mem_reg[9][4]
            (rising edge-triggered flip-flop clocked by REF_CLK)
  Path Group: REF_CLK
  Path Type: min

  Point                                                   Incr       Path
  --------------------------------------------------------------------------
  clock REF_CLK (rise edge)                               0.00       0.00
  clock network delay (ideal)                             0.00       0.00
  U_Reg_File/mem_reg[9][4]/CK (DFFRQX2M)                  0.00       0.00 r
  U_Reg_File/mem_reg[9][4]/Q (DFFRQX2M)                   0.38       0.38 r
  U_Reg_File/U135/Y (OAI2BB2X1M)                          0.15       0.53 r
  U_Reg_File/mem_reg[9][4]/D (DFFRQX2M)                   0.00       0.53 r
  data arrival time                                                  0.53

  clock REF_CLK (rise edge)                               0.00       0.00
  clock network delay (ideal)                             0.00       0.00
  clock uncertainty                                       0.10       0.10
  U_Reg_File/mem_reg[9][4]/CK (DFFRQX2M)                  0.00       0.10 r
  library hold time                                      -0.17      -0.07
  data required time                                                -0.07
  --------------------------------------------------------------------------
  data required time                                                -0.07
  data arrival time                                                 -0.53
  --------------------------------------------------------------------------
  slack (MET)                                                        0.60


  Startpoint: U_Reg_File/mem_reg[9][3]
              (rising edge-triggered flip-flop clocked by REF_CLK)
  Endpoint: U_Reg_File/mem_reg[9][3]
            (rising edge-triggered flip-flop clocked by REF_CLK)
  Path Group: REF_CLK
  Path Type: min

  Point                                                   Incr       Path
  --------------------------------------------------------------------------
  clock REF_CLK (rise edge)                               0.00       0.00
  clock network delay (ideal)                             0.00       0.00
  U_Reg_File/mem_reg[9][3]/CK (DFFRQX2M)                  0.00       0.00 r
  U_Reg_File/mem_reg[9][3]/Q (DFFRQX2M)                   0.38       0.38 r
  U_Reg_File/U134/Y (OAI2BB2X1M)                          0.15       0.53 r
  U_Reg_File/mem_reg[9][3]/D (DFFRQX2M)                   0.00       0.53 r
  data arrival time                                                  0.53

  clock REF_CLK (rise edge)                               0.00       0.00
  clock network delay (ideal)                             0.00       0.00
  clock uncertainty                                       0.10       0.10
  U_Reg_File/mem_reg[9][3]/CK (DFFRQX2M)                  0.00       0.10 r
  library hold time                                      -0.17      -0.07
  data required time                                                -0.07
  --------------------------------------------------------------------------
  data required time                                                -0.07
  data arrival time                                                 -0.53
  --------------------------------------------------------------------------
  slack (MET)                                                        0.60


  Startpoint: U_Reg_File/mem_reg[9][2]
              (rising edge-triggered flip-flop clocked by REF_CLK)
  Endpoint: U_Reg_File/mem_reg[9][2]
            (rising edge-triggered flip-flop clocked by REF_CLK)
  Path Group: REF_CLK
  Path Type: min

  Point                                                   Incr       Path
  --------------------------------------------------------------------------
  clock REF_CLK (rise edge)                               0.00       0.00
  clock network delay (ideal)                             0.00       0.00
  U_Reg_File/mem_reg[9][2]/CK (DFFRQX2M)                  0.00       0.00 r
  U_Reg_File/mem_reg[9][2]/Q (DFFRQX2M)                   0.38       0.38 r
  U_Reg_File/U133/Y (OAI2BB2X1M)                          0.15       0.53 r
  U_Reg_File/mem_reg[9][2]/D (DFFRQX2M)                   0.00       0.53 r
  data arrival time                                                  0.53

  clock REF_CLK (rise edge)                               0.00       0.00
  clock network delay (ideal)                             0.00       0.00
  clock uncertainty                                       0.10       0.10
  U_Reg_File/mem_reg[9][2]/CK (DFFRQX2M)                  0.00       0.10 r
  library hold time                                      -0.17      -0.07
  data required time                                                -0.07
  --------------------------------------------------------------------------
  data required time                                                -0.07
  data arrival time                                                 -0.53
  --------------------------------------------------------------------------
  slack (MET)                                                        0.60


  Startpoint: U_Reg_File/mem_reg[9][1]
              (rising edge-triggered flip-flop clocked by REF_CLK)
  Endpoint: U_Reg_File/mem_reg[9][1]
            (rising edge-triggered flip-flop clocked by REF_CLK)
  Path Group: REF_CLK
  Path Type: min

  Point                                                   Incr       Path
  --------------------------------------------------------------------------
  clock REF_CLK (rise edge)                               0.00       0.00
  clock network delay (ideal)                             0.00       0.00
  U_Reg_File/mem_reg[9][1]/CK (DFFRQX2M)                  0.00       0.00 r
  U_Reg_File/mem_reg[9][1]/Q (DFFRQX2M)                   0.38       0.38 r
  U_Reg_File/U132/Y (OAI2BB2X1M)                          0.15       0.53 r
  U_Reg_File/mem_reg[9][1]/D (DFFRQX2M)                   0.00       0.53 r
  data arrival time                                                  0.53

  clock REF_CLK (rise edge)                               0.00       0.00
  clock network delay (ideal)                             0.00       0.00
  clock uncertainty                                       0.10       0.10
  U_Reg_File/mem_reg[9][1]/CK (DFFRQX2M)                  0.00       0.10 r
  library hold time                                      -0.17      -0.07
  data required time                                                -0.07
  --------------------------------------------------------------------------
  data required time                                                -0.07
  data arrival time                                                 -0.53
  --------------------------------------------------------------------------
  slack (MET)                                                        0.60


  Startpoint: U_Reg_File/mem_reg[9][0]
              (rising edge-triggered flip-flop clocked by REF_CLK)
  Endpoint: U_Reg_File/mem_reg[9][0]
            (rising edge-triggered flip-flop clocked by REF_CLK)
  Path Group: REF_CLK
  Path Type: min

  Point                                                   Incr       Path
  --------------------------------------------------------------------------
  clock REF_CLK (rise edge)                               0.00       0.00
  clock network delay (ideal)                             0.00       0.00
  U_Reg_File/mem_reg[9][0]/CK (DFFRQX2M)                  0.00       0.00 r
  U_Reg_File/mem_reg[9][0]/Q (DFFRQX2M)                   0.38       0.38 r
  U_Reg_File/U131/Y (OAI2BB2X1M)                          0.15       0.53 r
  U_Reg_File/mem_reg[9][0]/D (DFFRQX2M)                   0.00       0.53 r
  data arrival time                                                  0.53

  clock REF_CLK (rise edge)                               0.00       0.00
  clock network delay (ideal)                             0.00       0.00
  clock uncertainty                                       0.10       0.10
  U_Reg_File/mem_reg[9][0]/CK (DFFRQX2M)                  0.00       0.10 r
  library hold time                                      -0.17      -0.07
  data required time                                                -0.07
  --------------------------------------------------------------------------
  data required time                                                -0.07
  data arrival time                                                 -0.53
  --------------------------------------------------------------------------
  slack (MET)                                                        0.60


  Startpoint: U_Reg_File/mem_reg[5][7]
              (rising edge-triggered flip-flop clocked by REF_CLK)
  Endpoint: U_Reg_File/mem_reg[5][7]
            (rising edge-triggered flip-flop clocked by REF_CLK)
  Path Group: REF_CLK
  Path Type: min

  Point                                                   Incr       Path
  --------------------------------------------------------------------------
  clock REF_CLK (rise edge)                               0.00       0.00
  clock network delay (ideal)                             0.00       0.00
  U_Reg_File/mem_reg[5][7]/CK (DFFRQX2M)                  0.00       0.00 r
  U_Reg_File/mem_reg[5][7]/Q (DFFRQX2M)                   0.38       0.38 r
  U_Reg_File/U93/Y (OAI2BB2X1M)                           0.15       0.53 r
  U_Reg_File/mem_reg[5][7]/D (DFFRQX2M)                   0.00       0.53 r
  data arrival time                                                  0.53

  clock REF_CLK (rise edge)                               0.00       0.00
  clock network delay (ideal)                             0.00       0.00
  clock uncertainty                                       0.10       0.10
  U_Reg_File/mem_reg[5][7]/CK (DFFRQX2M)                  0.00       0.10 r
  library hold time                                      -0.17      -0.07
  data required time                                                -0.07
  --------------------------------------------------------------------------
  data required time                                                -0.07
  data arrival time                                                 -0.53
  --------------------------------------------------------------------------
  slack (MET)                                                        0.60


  Startpoint: U_Reg_File/mem_reg[5][6]
              (rising edge-triggered flip-flop clocked by REF_CLK)
  Endpoint: U_Reg_File/mem_reg[5][6]
            (rising edge-triggered flip-flop clocked by REF_CLK)
  Path Group: REF_CLK
  Path Type: min

  Point                                                   Incr       Path
  --------------------------------------------------------------------------
  clock REF_CLK (rise edge)                               0.00       0.00
  clock network delay (ideal)                             0.00       0.00
  U_Reg_File/mem_reg[5][6]/CK (DFFRQX2M)                  0.00       0.00 r
  U_Reg_File/mem_reg[5][6]/Q (DFFRQX2M)                   0.38       0.38 r
  U_Reg_File/U92/Y (OAI2BB2X1M)                           0.15       0.53 r
  U_Reg_File/mem_reg[5][6]/D (DFFRQX2M)                   0.00       0.53 r
  data arrival time                                                  0.53

  clock REF_CLK (rise edge)                               0.00       0.00
  clock network delay (ideal)                             0.00       0.00
  clock uncertainty                                       0.10       0.10
  U_Reg_File/mem_reg[5][6]/CK (DFFRQX2M)                  0.00       0.10 r
  library hold time                                      -0.17      -0.07
  data required time                                                -0.07
  --------------------------------------------------------------------------
  data required time                                                -0.07
  data arrival time                                                 -0.53
  --------------------------------------------------------------------------
  slack (MET)                                                        0.60


  Startpoint: U_Reg_File/mem_reg[5][5]
              (rising edge-triggered flip-flop clocked by REF_CLK)
  Endpoint: U_Reg_File/mem_reg[5][5]
            (rising edge-triggered flip-flop clocked by REF_CLK)
  Path Group: REF_CLK
  Path Type: min

  Point                                                   Incr       Path
  --------------------------------------------------------------------------
  clock REF_CLK (rise edge)                               0.00       0.00
  clock network delay (ideal)                             0.00       0.00
  U_Reg_File/mem_reg[5][5]/CK (DFFRQX2M)                  0.00       0.00 r
  U_Reg_File/mem_reg[5][5]/Q (DFFRQX2M)                   0.38       0.38 r
  U_Reg_File/U91/Y (OAI2BB2X1M)                           0.15       0.53 r
  U_Reg_File/mem_reg[5][5]/D (DFFRQX2M)                   0.00       0.53 r
  data arrival time                                                  0.53

  clock REF_CLK (rise edge)                               0.00       0.00
  clock network delay (ideal)                             0.00       0.00
  clock uncertainty                                       0.10       0.10
  U_Reg_File/mem_reg[5][5]/CK (DFFRQX2M)                  0.00       0.10 r
  library hold time                                      -0.17      -0.07
  data required time                                                -0.07
  --------------------------------------------------------------------------
  data required time                                                -0.07
  data arrival time                                                 -0.53
  --------------------------------------------------------------------------
  slack (MET)                                                        0.60


  Startpoint: U_Reg_File/mem_reg[5][4]
              (rising edge-triggered flip-flop clocked by REF_CLK)
  Endpoint: U_Reg_File/mem_reg[5][4]
            (rising edge-triggered flip-flop clocked by REF_CLK)
  Path Group: REF_CLK
  Path Type: min

  Point                                                   Incr       Path
  --------------------------------------------------------------------------
  clock REF_CLK (rise edge)                               0.00       0.00
  clock network delay (ideal)                             0.00       0.00
  U_Reg_File/mem_reg[5][4]/CK (DFFRQX2M)                  0.00       0.00 r
  U_Reg_File/mem_reg[5][4]/Q (DFFRQX2M)                   0.38       0.38 r
  U_Reg_File/U90/Y (OAI2BB2X1M)                           0.15       0.53 r
  U_Reg_File/mem_reg[5][4]/D (DFFRQX2M)                   0.00       0.53 r
  data arrival time                                                  0.53

  clock REF_CLK (rise edge)                               0.00       0.00
  clock network delay (ideal)                             0.00       0.00
  clock uncertainty                                       0.10       0.10
  U_Reg_File/mem_reg[5][4]/CK (DFFRQX2M)                  0.00       0.10 r
  library hold time                                      -0.17      -0.07
  data required time                                                -0.07
  --------------------------------------------------------------------------
  data required time                                                -0.07
  data arrival time                                                 -0.53
  --------------------------------------------------------------------------
  slack (MET)                                                        0.60


  Startpoint: U_Reg_File/mem_reg[5][3]
              (rising edge-triggered flip-flop clocked by REF_CLK)
  Endpoint: U_Reg_File/mem_reg[5][3]
            (rising edge-triggered flip-flop clocked by REF_CLK)
  Path Group: REF_CLK
  Path Type: min

  Point                                                   Incr       Path
  --------------------------------------------------------------------------
  clock REF_CLK (rise edge)                               0.00       0.00
  clock network delay (ideal)                             0.00       0.00
  U_Reg_File/mem_reg[5][3]/CK (DFFRQX2M)                  0.00       0.00 r
  U_Reg_File/mem_reg[5][3]/Q (DFFRQX2M)                   0.38       0.38 r
  U_Reg_File/U89/Y (OAI2BB2X1M)                           0.15       0.53 r
  U_Reg_File/mem_reg[5][3]/D (DFFRQX2M)                   0.00       0.53 r
  data arrival time                                                  0.53

  clock REF_CLK (rise edge)                               0.00       0.00
  clock network delay (ideal)                             0.00       0.00
  clock uncertainty                                       0.10       0.10
  U_Reg_File/mem_reg[5][3]/CK (DFFRQX2M)                  0.00       0.10 r
  library hold time                                      -0.17      -0.07
  data required time                                                -0.07
  --------------------------------------------------------------------------
  data required time                                                -0.07
  data arrival time                                                 -0.53
  --------------------------------------------------------------------------
  slack (MET)                                                        0.60


  Startpoint: U_Reg_File/mem_reg[5][2]
              (rising edge-triggered flip-flop clocked by REF_CLK)
  Endpoint: U_Reg_File/mem_reg[5][2]
            (rising edge-triggered flip-flop clocked by REF_CLK)
  Path Group: REF_CLK
  Path Type: min

  Point                                                   Incr       Path
  --------------------------------------------------------------------------
  clock REF_CLK (rise edge)                               0.00       0.00
  clock network delay (ideal)                             0.00       0.00
  U_Reg_File/mem_reg[5][2]/CK (DFFRQX2M)                  0.00       0.00 r
  U_Reg_File/mem_reg[5][2]/Q (DFFRQX2M)                   0.38       0.38 r
  U_Reg_File/U88/Y (OAI2BB2X1M)                           0.15       0.53 r
  U_Reg_File/mem_reg[5][2]/D (DFFRQX2M)                   0.00       0.53 r
  data arrival time                                                  0.53

  clock REF_CLK (rise edge)                               0.00       0.00
  clock network delay (ideal)                             0.00       0.00
  clock uncertainty                                       0.10       0.10
  U_Reg_File/mem_reg[5][2]/CK (DFFRQX2M)                  0.00       0.10 r
  library hold time                                      -0.17      -0.07
  data required time                                                -0.07
  --------------------------------------------------------------------------
  data required time                                                -0.07
  data arrival time                                                 -0.53
  --------------------------------------------------------------------------
  slack (MET)                                                        0.60


  Startpoint: U_Reg_File/mem_reg[5][1]
              (rising edge-triggered flip-flop clocked by REF_CLK)
  Endpoint: U_Reg_File/mem_reg[5][1]
            (rising edge-triggered flip-flop clocked by REF_CLK)
  Path Group: REF_CLK
  Path Type: min

  Point                                                   Incr       Path
  --------------------------------------------------------------------------
  clock REF_CLK (rise edge)                               0.00       0.00
  clock network delay (ideal)                             0.00       0.00
  U_Reg_File/mem_reg[5][1]/CK (DFFRQX2M)                  0.00       0.00 r
  U_Reg_File/mem_reg[5][1]/Q (DFFRQX2M)                   0.38       0.38 r
  U_Reg_File/U87/Y (OAI2BB2X1M)                           0.15       0.53 r
  U_Reg_File/mem_reg[5][1]/D (DFFRQX2M)                   0.00       0.53 r
  data arrival time                                                  0.53

  clock REF_CLK (rise edge)                               0.00       0.00
  clock network delay (ideal)                             0.00       0.00
  clock uncertainty                                       0.10       0.10
  U_Reg_File/mem_reg[5][1]/CK (DFFRQX2M)                  0.00       0.10 r
  library hold time                                      -0.17      -0.07
  data required time                                                -0.07
  --------------------------------------------------------------------------
  data required time                                                -0.07
  data arrival time                                                 -0.53
  --------------------------------------------------------------------------
  slack (MET)                                                        0.60


  Startpoint: U_Reg_File/mem_reg[5][0]
              (rising edge-triggered flip-flop clocked by REF_CLK)
  Endpoint: U_Reg_File/mem_reg[5][0]
            (rising edge-triggered flip-flop clocked by REF_CLK)
  Path Group: REF_CLK
  Path Type: min

  Point                                                   Incr       Path
  --------------------------------------------------------------------------
  clock REF_CLK (rise edge)                               0.00       0.00
  clock network delay (ideal)                             0.00       0.00
  U_Reg_File/mem_reg[5][0]/CK (DFFRQX2M)                  0.00       0.00 r
  U_Reg_File/mem_reg[5][0]/Q (DFFRQX2M)                   0.38       0.38 r
  U_Reg_File/U86/Y (OAI2BB2X1M)                           0.15       0.53 r
  U_Reg_File/mem_reg[5][0]/D (DFFRQX2M)                   0.00       0.53 r
  data arrival time                                                  0.53

  clock REF_CLK (rise edge)                               0.00       0.00
  clock network delay (ideal)                             0.00       0.00
  clock uncertainty                                       0.10       0.10
  U_Reg_File/mem_reg[5][0]/CK (DFFRQX2M)                  0.00       0.10 r
  library hold time                                      -0.17      -0.07
  data required time                                                -0.07
  --------------------------------------------------------------------------
  data required time                                                -0.07
  data arrival time                                                 -0.53
  --------------------------------------------------------------------------
  slack (MET)                                                        0.60


  Startpoint: U_UART_RX/U0_stop_check/Stp_err_reg
              (rising edge-triggered flip-flop clocked by RX_CLK)
  Endpoint: framing_error
            (output port clocked by RX_CLK)
  Path Group: REGOUT
  Path Type: min

  Point                                                   Incr       Path
  --------------------------------------------------------------------------
  clock RX_CLK (rise edge)                                0.00       0.00
  clock network delay (ideal)                             0.00       0.00
  U_UART_RX/U0_stop_check/Stp_err_reg/CK (DFFRQX2M)       0.00       0.00 r
  U_UART_RX/U0_stop_check/Stp_err_reg/Q (DFFRQX2M)        0.76       0.76 f
  U_UART_RX/U0_stop_check/Stp_err (Stop_Check)            0.00       0.76 f
  U_UART_RX/Stop_Error (UART_RX)                          0.00       0.76 f
  framing_error (out)                                     0.00       0.76 f
  data arrival time                                                  0.76

  clock RX_CLK (rise edge)                                0.00       0.00
  clock network delay (ideal)                             0.00       0.00
  clock uncertainty                                       0.10       0.10
  output external delay                                 -54.25     -54.15
  data required time                                               -54.15
  --------------------------------------------------------------------------
  data required time                                               -54.15
  data arrival time                                                 -0.76
  --------------------------------------------------------------------------
  slack (MET)                                                       54.91


  Startpoint: U_UART_RX/U0_parity_check/Par_err_reg
              (rising edge-triggered flip-flop clocked by RX_CLK)
  Endpoint: parity_error
            (output port clocked by RX_CLK)
  Path Group: REGOUT
  Path Type: min

  Point                                                   Incr       Path
  --------------------------------------------------------------------------
  clock RX_CLK (rise edge)                                0.00       0.00
  clock network delay (ideal)                             0.00       0.00
  U_UART_RX/U0_parity_check/Par_err_reg/CK (DFFRQX2M)     0.00       0.00 r
  U_UART_RX/U0_parity_check/Par_err_reg/Q (DFFRQX2M)      0.77       0.77 f
  U_UART_RX/U0_parity_check/Par_err (Parity_Check)        0.00       0.77 f
  U_UART_RX/Parity_Error (UART_RX)                        0.00       0.77 f
  parity_error (out)                                      0.00       0.77 f
  data arrival time                                                  0.77

  clock RX_CLK (rise edge)                                0.00       0.00
  clock network delay (ideal)                             0.00       0.00
  clock uncertainty                                       0.10       0.10
  output external delay                                 -54.25     -54.15
  data required time                                               -54.15
  --------------------------------------------------------------------------
  data required time                                               -54.15
  data arrival time                                                 -0.77
  --------------------------------------------------------------------------
  slack (MET)                                                       54.92


  Startpoint: U_UART_TX/parit_calc/par_bit_reg
              (rising edge-triggered flip-flop clocked by TX_CLK)
  Endpoint: UART_TX_O (output port clocked by TX_CLK)
  Path Group: REGOUT
  Path Type: min

  Point                                                   Incr       Path
  --------------------------------------------------------------------------
  clock TX_CLK (rise edge)                                0.00       0.00
  clock network delay (ideal)                             0.00       0.00
  U_UART_TX/parit_calc/par_bit_reg/CK (DFFRQX2M)          0.00       0.00 r
  U_UART_TX/parit_calc/par_bit_reg/Q (DFFRQX2M)           0.47       0.47 f
  U_UART_TX/parit_calc/par_bit (Parity_Calc)              0.00       0.47 f
  U_UART_TX/mux/par_bit (MUX)                             0.00       0.47 f
  U_UART_TX/mux/U4/Y (NAND3X2M)                           0.11       0.57 r
  U_UART_TX/mux/U3/Y (OAI21X4M)                           0.21       0.79 f
  U_UART_TX/mux/TX_OUT (MUX)                              0.00       0.79 f
  U_UART_TX/TX_OUT (UART_TX)                              0.00       0.79 f
  UART_TX_O (out)                                         0.00       0.79 f
  data arrival time                                                  0.79

  clock TX_CLK (rise edge)                                0.00       0.00
  clock network delay (ideal)                             0.00       0.00
  clock uncertainty                                       0.10       0.10
  output external delay                               -1736.06   -1735.96
  data required time                                             -1735.96
  --------------------------------------------------------------------------
  data required time                                             -1735.96
  data arrival time                                                 -0.79
  --------------------------------------------------------------------------
  slack (MET)                                                     1736.75


  Startpoint: U_UART_RX/U0_data_sampling/Sample_reg[2]
              (rising edge-triggered flip-flop clocked by RX_CLK)
  Endpoint: U_UART_RX/U0_data_sampling/Sample_reg[1]
            (rising edge-triggered flip-flop clocked by RX_CLK)
  Path Group: RX_CLK
  Path Type: min

  Point                                                   Incr       Path
  --------------------------------------------------------------------------
  clock RX_CLK (rise edge)                                0.00       0.00
  clock network delay (ideal)                             0.00       0.00
  U_UART_RX/U0_data_sampling/Sample_reg[2]/CK (DFFRX1M)
                                                          0.00       0.00 r
  U_UART_RX/U0_data_sampling/Sample_reg[2]/QN (DFFRX1M)
                                                          0.37       0.37 r
  U_UART_RX/U0_data_sampling/U12/Y (OAI22X1M)             0.07       0.44 f
  U_UART_RX/U0_data_sampling/Sample_reg[1]/D (DFFRQX2M)
                                                          0.00       0.44 f
  data arrival time                                                  0.44

  clock RX_CLK (rise edge)                                0.00       0.00
  clock network delay (ideal)                             0.00       0.00
  clock uncertainty                                       0.10       0.10
  U_UART_RX/U0_data_sampling/Sample_reg[1]/CK (DFFRQX2M)
                                                          0.00       0.10 r
  library hold time                                      -0.02       0.08
  data required time                                                 0.08
  --------------------------------------------------------------------------
  data required time                                                 0.08
  data arrival time                                                 -0.44
  --------------------------------------------------------------------------
  slack (MET)                                                        0.36


  Startpoint: U_UART_RX/U0_data_sampling/Sample_reg[2]
              (rising edge-triggered flip-flop clocked by RX_CLK)
  Endpoint: U_UART_RX/U0_data_sampling/Sample_reg[2]
            (rising edge-triggered flip-flop clocked by RX_CLK)
  Path Group: RX_CLK
  Path Type: min

  Point                                                   Incr       Path
  --------------------------------------------------------------------------
  clock RX_CLK (rise edge)                                0.00       0.00
  clock network delay (ideal)                             0.00       0.00
  U_UART_RX/U0_data_sampling/Sample_reg[2]/CK (DFFRX1M)
                                                          0.00       0.00 r
  U_UART_RX/U0_data_sampling/Sample_reg[2]/QN (DFFRX1M)
                                                          0.37       0.37 r
  U_UART_RX/U0_data_sampling/U4/Y (OAI2BB2X1M)            0.11       0.48 f
  U_UART_RX/U0_data_sampling/Sample_reg[2]/D (DFFRX1M)
                                                          0.00       0.48 f
  data arrival time                                                  0.48

  clock RX_CLK (rise edge)                                0.00       0.00
  clock network delay (ideal)                             0.00       0.00
  clock uncertainty                                       0.10       0.10
  U_UART_RX/U0_data_sampling/Sample_reg[2]/CK (DFFRX1M)
                                                          0.00       0.10 r
  library hold time                                      -0.02       0.08
  data required time                                                 0.08
  --------------------------------------------------------------------------
  data required time                                                 0.08
  data arrival time                                                 -0.48
  --------------------------------------------------------------------------
  slack (MET)                                                        0.40


  Startpoint: U_UART_RX/U0_data_sampling/Sampled_bit_reg
              (rising edge-triggered flip-flop clocked by RX_CLK)
  Endpoint: U_UART_RX/U0_stop_check/Stp_err_reg
            (rising edge-triggered flip-flop clocked by RX_CLK)
  Path Group: RX_CLK
  Path Type: min

  Point                                                   Incr       Path
  --------------------------------------------------------------------------
  clock RX_CLK (rise edge)                                0.00       0.00
  clock network delay (ideal)                             0.00       0.00
  U_UART_RX/U0_data_sampling/Sampled_bit_reg/CK (DFFRQX2M)
                                                          0.00       0.00 r
  U_UART_RX/U0_data_sampling/Sampled_bit_reg/Q (DFFRQX2M)
                                                          0.41       0.41 r
  U_UART_RX/U0_data_sampling/Sampled_bit (Data_sampling)
                                                          0.00       0.41 r
  U_UART_RX/U0_stop_check/Sampled_bit (Stop_Check)        0.00       0.41 r
  U_UART_RX/U0_stop_check/U2/Y (OAI2BB2X1M)               0.09       0.50 f
  U_UART_RX/U0_stop_check/Stp_err_reg/D (DFFRQX2M)        0.00       0.50 f
  data arrival time                                                  0.50

  clock RX_CLK (rise edge)                                0.00       0.00
  clock network delay (ideal)                             0.00       0.00
  clock uncertainty                                       0.10       0.10
  U_UART_RX/U0_stop_check/Stp_err_reg/CK (DFFRQX2M)       0.00       0.10 r
  library hold time                                      -0.03       0.07
  data required time                                                 0.07
  --------------------------------------------------------------------------
  data required time                                                 0.07
  data arrival time                                                 -0.50
  --------------------------------------------------------------------------
  slack (MET)                                                        0.43


  Startpoint: U_UART_RX/U0_edge_bit_counter/Bit_cnt_reg[2]
              (rising edge-triggered flip-flop clocked by RX_CLK)
  Endpoint: U_UART_RX/U0_edge_bit_counter/Bit_cnt_reg[2]
            (rising edge-triggered flip-flop clocked by RX_CLK)
  Path Group: RX_CLK
  Path Type: min

  Point                                                   Incr       Path
  --------------------------------------------------------------------------
  clock RX_CLK (rise edge)                                0.00       0.00
  clock network delay (ideal)                             0.00       0.00
  U_UART_RX/U0_edge_bit_counter/Bit_cnt_reg[2]/CK (DFFRQX2M)
                                                          0.00       0.00 r
  U_UART_RX/U0_edge_bit_counter/Bit_cnt_reg[2]/Q (DFFRQX2M)
                                                          0.41       0.41 r
  U_UART_RX/U0_edge_bit_counter/U28/Y (OAI32X1M)          0.10       0.50 f
  U_UART_RX/U0_edge_bit_counter/Bit_cnt_reg[2]/D (DFFRQX2M)
                                                          0.00       0.50 f
  data arrival time                                                  0.50

  clock RX_CLK (rise edge)                                0.00       0.00
  clock network delay (ideal)                             0.00       0.00
  clock uncertainty                                       0.10       0.10
  U_UART_RX/U0_edge_bit_counter/Bit_cnt_reg[2]/CK (DFFRQX2M)
                                                          0.00       0.10 r
  library hold time                                      -0.02       0.08
  data required time                                                 0.08
  --------------------------------------------------------------------------
  data required time                                                 0.08
  data arrival time                                                 -0.50
  --------------------------------------------------------------------------
  slack (MET)                                                        0.43


  Startpoint: U_UART_RX/U0_edge_bit_counter/Bit_cnt_reg[1]
              (rising edge-triggered flip-flop clocked by RX_CLK)
  Endpoint: U_UART_RX/U0_edge_bit_counter/Bit_cnt_reg[1]
            (rising edge-triggered flip-flop clocked by RX_CLK)
  Path Group: RX_CLK
  Path Type: min

  Point                                                   Incr       Path
  --------------------------------------------------------------------------
  clock RX_CLK (rise edge)                                0.00       0.00
  clock network delay (ideal)                             0.00       0.00
  U_UART_RX/U0_edge_bit_counter/Bit_cnt_reg[1]/CK (DFFRQX2M)
                                                          0.00       0.00 r
  U_UART_RX/U0_edge_bit_counter/Bit_cnt_reg[1]/Q (DFFRQX2M)
                                                          0.41       0.41 r
  U_UART_RX/U0_edge_bit_counter/U26/Y (OAI32X1M)          0.10       0.51 f
  U_UART_RX/U0_edge_bit_counter/Bit_cnt_reg[1]/D (DFFRQX2M)
                                                          0.00       0.51 f
  data arrival time                                                  0.51

  clock RX_CLK (rise edge)                                0.00       0.00
  clock network delay (ideal)                             0.00       0.00
  clock uncertainty                                       0.10       0.10
  U_UART_RX/U0_edge_bit_counter/Bit_cnt_reg[1]/CK (DFFRQX2M)
                                                          0.00       0.10 r
  library hold time                                      -0.02       0.08
  data required time                                                 0.08
  --------------------------------------------------------------------------
  data required time                                                 0.08
  data arrival time                                                 -0.51
  --------------------------------------------------------------------------
  slack (MET)                                                        0.43


  Startpoint: U_UART_RX/U0_edge_bit_counter/Bit_cnt_reg[0]
              (rising edge-triggered flip-flop clocked by RX_CLK)
  Endpoint: U_UART_RX/U0_edge_bit_counter/Bit_cnt_reg[0]
            (rising edge-triggered flip-flop clocked by RX_CLK)
  Path Group: RX_CLK
  Path Type: min

  Point                                                   Incr       Path
  --------------------------------------------------------------------------
  clock RX_CLK (rise edge)                                0.00       0.00
  clock network delay (ideal)                             0.00       0.00
  U_UART_RX/U0_edge_bit_counter/Bit_cnt_reg[0]/CK (DFFRQX2M)
                                                          0.00       0.00 r
  U_UART_RX/U0_edge_bit_counter/Bit_cnt_reg[0]/Q (DFFRQX2M)
                                                          0.43       0.43 r
  U_UART_RX/U0_edge_bit_counter/U34/Y (OAI22X1M)          0.09       0.52 f
  U_UART_RX/U0_edge_bit_counter/Bit_cnt_reg[0]/D (DFFRQX2M)
                                                          0.00       0.52 f
  data arrival time                                                  0.52

  clock RX_CLK (rise edge)                                0.00       0.00
  clock network delay (ideal)                             0.00       0.00
  clock uncertainty                                       0.10       0.10
  U_UART_RX/U0_edge_bit_counter/Bit_cnt_reg[0]/CK (DFFRQX2M)
                                                          0.00       0.10 r
  library hold time                                      -0.02       0.08
  data required time                                                 0.08
  --------------------------------------------------------------------------
  data required time                                                 0.08
  data arrival time                                                 -0.52
  --------------------------------------------------------------------------
  slack (MET)                                                        0.45


  Startpoint: U_UART_RX/U0_data_sampling/Sample_reg[2]
              (rising edge-triggered flip-flop clocked by RX_CLK)
  Endpoint: U_UART_RX/U0_data_sampling/Sampled_bit_reg
            (rising edge-triggered flip-flop clocked by RX_CLK)
  Path Group: RX_CLK
  Path Type: min

  Point                                                   Incr       Path
  --------------------------------------------------------------------------
  clock RX_CLK (rise edge)                                0.00       0.00
  clock network delay (ideal)                             0.00       0.00
  U_UART_RX/U0_data_sampling/Sample_reg[2]/CK (DFFRX1M)
                                                          0.00       0.00 r
  U_UART_RX/U0_data_sampling/Sample_reg[2]/QN (DFFRX1M)
                                                          0.37       0.37 r
  U_UART_RX/U0_data_sampling/U25/Y (AOI21X2M)             0.06       0.43 f
  U_UART_RX/U0_data_sampling/U23/Y (AOI21X2M)             0.07       0.50 r
  U_UART_RX/U0_data_sampling/U22/Y (OAI2BB2X1M)           0.08       0.58 f
  U_UART_RX/U0_data_sampling/Sampled_bit_reg/D (DFFRQX2M)
                                                          0.00       0.58 f
  data arrival time                                                  0.58

  clock RX_CLK (rise edge)                                0.00       0.00
  clock network delay (ideal)                             0.00       0.00
  clock uncertainty                                       0.10       0.10
  U_UART_RX/U0_data_sampling/Sampled_bit_reg/CK (DFFRQX2M)
                                                          0.00       0.10 r
  library hold time                                      -0.03       0.07
  data required time                                                 0.07
  --------------------------------------------------------------------------
  data required time                                                 0.07
  data arrival time                                                 -0.58
  --------------------------------------------------------------------------
  slack (MET)                                                        0.50


  Startpoint: U_UART_RX/U0_edge_bit_counter/Bit_cnt_reg[3]
              (rising edge-triggered flip-flop clocked by RX_CLK)
  Endpoint: U_UART_RX/U0_edge_bit_counter/Bit_cnt_reg[3]
            (rising edge-triggered flip-flop clocked by RX_CLK)
  Path Group: RX_CLK
  Path Type: min

  Point                                                   Incr       Path
  --------------------------------------------------------------------------
  clock RX_CLK (rise edge)                                0.00       0.00
  clock network delay (ideal)                             0.00       0.00
  U_UART_RX/U0_edge_bit_counter/Bit_cnt_reg[3]/CK (DFFRQX2M)
                                                          0.00       0.00 r
  U_UART_RX/U0_edge_bit_counter/Bit_cnt_reg[3]/Q (DFFRQX2M)
                                                          0.40       0.40 r
  U_UART_RX/U0_edge_bit_counter/U32/Y (XNOR2X2M)          0.11       0.51 r
  U_UART_RX/U0_edge_bit_counter/U31/Y (OAI22X1M)          0.08       0.59 f
  U_UART_RX/U0_edge_bit_counter/Bit_cnt_reg[3]/D (DFFRQX2M)
                                                          0.00       0.59 f
  data arrival time                                                  0.59

  clock RX_CLK (rise edge)                                0.00       0.00
  clock network delay (ideal)                             0.00       0.00
  clock uncertainty                                       0.10       0.10
  U_UART_RX/U0_edge_bit_counter/Bit_cnt_reg[3]/CK (DFFRQX2M)
                                                          0.00       0.10 r
  library hold time                                      -0.02       0.08
  data required time                                                 0.08
  --------------------------------------------------------------------------
  data required time                                                 0.08
  data arrival time                                                 -0.59
  --------------------------------------------------------------------------
  slack (MET)                                                        0.51


  Startpoint: U_UART_RX/U0_strt_check/Strt_glitch_reg
              (rising edge-triggered flip-flop clocked by RX_CLK)
  Endpoint: U_UART_RX/U0_FSM/Current_State_reg[0]
            (rising edge-triggered flip-flop clocked by RX_CLK)
  Path Group: RX_CLK
  Path Type: min

  Point                                                   Incr       Path
  --------------------------------------------------------------------------
  clock RX_CLK (rise edge)                                0.00       0.00
  clock network delay (ideal)                             0.00       0.00
  U_UART_RX/U0_strt_check/Strt_glitch_reg/CK (DFFRQX2M)
                                                          0.00       0.00 r
  U_UART_RX/U0_strt_check/Strt_glitch_reg/Q (DFFRQX2M)
                                                          0.39       0.39 r
  U_UART_RX/U0_strt_check/Strt_glitch (Strt_Check)        0.00       0.39 r
  U_UART_RX/U0_FSM/Strt_glitch (RX_FSM)                   0.00       0.39 r
  U_UART_RX/U0_FSM/U25/Y (AOI21X2M)                       0.08       0.46 f
  U_UART_RX/U0_FSM/U13/Y (AOI31X2M)                       0.06       0.53 r
  U_UART_RX/U0_FSM/U10/Y (OAI221X1M)                      0.07       0.59 f
  U_UART_RX/U0_FSM/Current_State_reg[0]/D (DFFRX1M)       0.00       0.59 f
  data arrival time                                                  0.59

  clock RX_CLK (rise edge)                                0.00       0.00
  clock network delay (ideal)                             0.00       0.00
  clock uncertainty                                       0.10       0.10
  U_UART_RX/U0_FSM/Current_State_reg[0]/CK (DFFRX1M)      0.00       0.10 r
  library hold time                                      -0.03       0.07
  data required time                                                 0.07
  --------------------------------------------------------------------------
  data required time                                                 0.07
  data arrival time                                                 -0.59
  --------------------------------------------------------------------------
  slack (MET)                                                        0.52


  Startpoint: U_UART_RX/U0_deserializer/P_DATA_reg[1]
              (rising edge-triggered flip-flop clocked by RX_CLK)
  Endpoint: U_UART_RX/U0_deserializer/P_DATA_reg[1]
            (rising edge-triggered flip-flop clocked by RX_CLK)
  Path Group: RX_CLK
  Path Type: min

  Point                                                   Incr       Path
  --------------------------------------------------------------------------
  clock RX_CLK (rise edge)                                0.00       0.00
  clock network delay (ideal)                             0.00       0.00
  U_UART_RX/U0_deserializer/P_DATA_reg[1]/CK (DFFRQX2M)
                                                          0.00       0.00 r
  U_UART_RX/U0_deserializer/P_DATA_reg[1]/Q (DFFRQX2M)
                                                          0.48       0.48 f
  U_UART_RX/U0_deserializer/U17/Y (INVX2M)                0.07       0.55 r
  U_UART_RX/U0_deserializer/U3/Y (OAI22X1M)               0.06       0.61 f
  U_UART_RX/U0_deserializer/P_DATA_reg[1]/D (DFFRQX2M)
                                                          0.00       0.61 f
  data arrival time                                                  0.61

  clock RX_CLK (rise edge)                                0.00       0.00
  clock network delay (ideal)                             0.00       0.00
  clock uncertainty                                       0.10       0.10
  U_UART_RX/U0_deserializer/P_DATA_reg[1]/CK (DFFRQX2M)
                                                          0.00       0.10 r
  library hold time                                      -0.03       0.07
  data required time                                                 0.07
  --------------------------------------------------------------------------
  data required time                                                 0.07
  data arrival time                                                 -0.61
  --------------------------------------------------------------------------
  slack (MET)                                                        0.53


  Startpoint: U_UART_RX/U0_deserializer/P_DATA_reg[5]
              (rising edge-triggered flip-flop clocked by RX_CLK)
  Endpoint: U_UART_RX/U0_deserializer/P_DATA_reg[5]
            (rising edge-triggered flip-flop clocked by RX_CLK)
  Path Group: RX_CLK
  Path Type: min

  Point                                                   Incr       Path
  --------------------------------------------------------------------------
  clock RX_CLK (rise edge)                                0.00       0.00
  clock network delay (ideal)                             0.00       0.00
  U_UART_RX/U0_deserializer/P_DATA_reg[5]/CK (DFFRQX2M)
                                                          0.00       0.00 r
  U_UART_RX/U0_deserializer/P_DATA_reg[5]/Q (DFFRQX2M)
                                                          0.48       0.48 f
  U_UART_RX/U0_deserializer/U19/Y (INVX2M)                0.07       0.55 r
  U_UART_RX/U0_deserializer/U7/Y (OAI22X1M)               0.06       0.61 f
  U_UART_RX/U0_deserializer/P_DATA_reg[5]/D (DFFRQX2M)
                                                          0.00       0.61 f
  data arrival time                                                  0.61

  clock RX_CLK (rise edge)                                0.00       0.00
  clock network delay (ideal)                             0.00       0.00
  clock uncertainty                                       0.10       0.10
  U_UART_RX/U0_deserializer/P_DATA_reg[5]/CK (DFFRQX2M)
                                                          0.00       0.10 r
  library hold time                                      -0.03       0.07
  data required time                                                 0.07
  --------------------------------------------------------------------------
  data required time                                                 0.07
  data arrival time                                                 -0.61
  --------------------------------------------------------------------------
  slack (MET)                                                        0.53


  Startpoint: U_UART_RX/U0_deserializer/P_DATA_reg[4]
              (rising edge-triggered flip-flop clocked by RX_CLK)
  Endpoint: U_UART_RX/U0_deserializer/P_DATA_reg[4]
            (rising edge-triggered flip-flop clocked by RX_CLK)
  Path Group: RX_CLK
  Path Type: min

  Point                                                   Incr       Path
  --------------------------------------------------------------------------
  clock RX_CLK (rise edge)                                0.00       0.00
  clock network delay (ideal)                             0.00       0.00
  U_UART_RX/U0_deserializer/P_DATA_reg[4]/CK (DFFRQX2M)
                                                          0.00       0.00 r
  U_UART_RX/U0_deserializer/P_DATA_reg[4]/Q (DFFRQX2M)
                                                          0.48       0.48 f
  U_UART_RX/U0_deserializer/U18/Y (INVX2M)                0.07       0.55 r
  U_UART_RX/U0_deserializer/U6/Y (OAI22X1M)               0.06       0.61 f
  U_UART_RX/U0_deserializer/P_DATA_reg[4]/D (DFFRQX2M)
                                                          0.00       0.61 f
  data arrival time                                                  0.61

  clock RX_CLK (rise edge)                                0.00       0.00
  clock network delay (ideal)                             0.00       0.00
  clock uncertainty                                       0.10       0.10
  U_UART_RX/U0_deserializer/P_DATA_reg[4]/CK (DFFRQX2M)
                                                          0.00       0.10 r
  library hold time                                      -0.03       0.07
  data required time                                                 0.07
  --------------------------------------------------------------------------
  data required time                                                 0.07
  data arrival time                                                 -0.61
  --------------------------------------------------------------------------
  slack (MET)                                                        0.53


  Startpoint: U_UART_RX/U0_deserializer/P_DATA_reg[3]
              (rising edge-triggered flip-flop clocked by RX_CLK)
  Endpoint: U_UART_RX/U0_deserializer/P_DATA_reg[3]
            (rising edge-triggered flip-flop clocked by RX_CLK)
  Path Group: RX_CLK
  Path Type: min

  Point                                                   Incr       Path
  --------------------------------------------------------------------------
  clock RX_CLK (rise edge)                                0.00       0.00
  clock network delay (ideal)                             0.00       0.00
  U_UART_RX/U0_deserializer/P_DATA_reg[3]/CK (DFFRQX2M)
                                                          0.00       0.00 r
  U_UART_RX/U0_deserializer/P_DATA_reg[3]/Q (DFFRQX2M)
                                                          0.48       0.48 f
  U_UART_RX/U0_deserializer/U16/Y (INVX2M)                0.07       0.55 r
  U_UART_RX/U0_deserializer/U5/Y (OAI22X1M)               0.06       0.61 f
  U_UART_RX/U0_deserializer/P_DATA_reg[3]/D (DFFRQX2M)
                                                          0.00       0.61 f
  data arrival time                                                  0.61

  clock RX_CLK (rise edge)                                0.00       0.00
  clock network delay (ideal)                             0.00       0.00
  clock uncertainty                                       0.10       0.10
  U_UART_RX/U0_deserializer/P_DATA_reg[3]/CK (DFFRQX2M)
                                                          0.00       0.10 r
  library hold time                                      -0.03       0.07
  data required time                                                 0.07
  --------------------------------------------------------------------------
  data required time                                                 0.07
  data arrival time                                                 -0.61
  --------------------------------------------------------------------------
  slack (MET)                                                        0.53


  Startpoint: U_UART_RX/U0_deserializer/P_DATA_reg[6]
              (rising edge-triggered flip-flop clocked by RX_CLK)
  Endpoint: U_UART_RX/U0_deserializer/P_DATA_reg[6]
            (rising edge-triggered flip-flop clocked by RX_CLK)
  Path Group: RX_CLK
  Path Type: min

  Point                                                   Incr       Path
  --------------------------------------------------------------------------
  clock RX_CLK (rise edge)                                0.00       0.00
  clock network delay (ideal)                             0.00       0.00
  U_UART_RX/U0_deserializer/P_DATA_reg[6]/CK (DFFRQX2M)
                                                          0.00       0.00 r
  U_UART_RX/U0_deserializer/P_DATA_reg[6]/Q (DFFRQX2M)
                                                          0.48       0.48 f
  U_UART_RX/U0_deserializer/U14/Y (INVX2M)                0.07       0.55 r
  U_UART_RX/U0_deserializer/U8/Y (OAI22X1M)               0.06       0.61 f
  U_UART_RX/U0_deserializer/P_DATA_reg[6]/D (DFFRQX2M)
                                                          0.00       0.61 f
  data arrival time                                                  0.61

  clock RX_CLK (rise edge)                                0.00       0.00
  clock network delay (ideal)                             0.00       0.00
  clock uncertainty                                       0.10       0.10
  U_UART_RX/U0_deserializer/P_DATA_reg[6]/CK (DFFRQX2M)
                                                          0.00       0.10 r
  library hold time                                      -0.03       0.07
  data required time                                                 0.07
  --------------------------------------------------------------------------
  data required time                                                 0.07
  data arrival time                                                 -0.61
  --------------------------------------------------------------------------
  slack (MET)                                                        0.54


  Startpoint: U_UART_RX/U0_deserializer/P_DATA_reg[2]
              (rising edge-triggered flip-flop clocked by RX_CLK)
  Endpoint: U_UART_RX/U0_deserializer/P_DATA_reg[2]
            (rising edge-triggered flip-flop clocked by RX_CLK)
  Path Group: RX_CLK
  Path Type: min

  Point                                                   Incr       Path
  --------------------------------------------------------------------------
  clock RX_CLK (rise edge)                                0.00       0.00
  clock network delay (ideal)                             0.00       0.00
  U_UART_RX/U0_deserializer/P_DATA_reg[2]/CK (DFFRQX2M)
                                                          0.00       0.00 r
  U_UART_RX/U0_deserializer/P_DATA_reg[2]/Q (DFFRQX2M)
                                                          0.48       0.48 f
  U_UART_RX/U0_deserializer/U13/Y (INVX2M)                0.07       0.55 r
  U_UART_RX/U0_deserializer/U4/Y (OAI22X1M)               0.06       0.61 f
  U_UART_RX/U0_deserializer/P_DATA_reg[2]/D (DFFRQX2M)
                                                          0.00       0.61 f
  data arrival time                                                  0.61

  clock RX_CLK (rise edge)                                0.00       0.00
  clock network delay (ideal)                             0.00       0.00
  clock uncertainty                                       0.10       0.10
  U_UART_RX/U0_deserializer/P_DATA_reg[2]/CK (DFFRQX2M)
                                                          0.00       0.10 r
  library hold time                                      -0.03       0.07
  data required time                                                 0.07
  --------------------------------------------------------------------------
  data required time                                                 0.07
  data arrival time                                                 -0.61
  --------------------------------------------------------------------------
  slack (MET)                                                        0.54


  Startpoint: U_UART_RX/U0_data_sampling/Sample_reg[1]
              (rising edge-triggered flip-flop clocked by RX_CLK)
  Endpoint: U_UART_RX/U0_data_sampling/Sample_reg[0]
            (rising edge-triggered flip-flop clocked by RX_CLK)
  Path Group: RX_CLK
  Path Type: min

  Point                                                   Incr       Path
  --------------------------------------------------------------------------
  clock RX_CLK (rise edge)                                0.00       0.00
  clock network delay (ideal)                             0.00       0.00
  U_UART_RX/U0_data_sampling/Sample_reg[1]/CK (DFFRQX2M)
                                                          0.00       0.00 r
  U_UART_RX/U0_data_sampling/Sample_reg[1]/Q (DFFRQX2M)
                                                          0.47       0.47 f
  U_UART_RX/U0_data_sampling/U27/Y (INVX2M)               0.09       0.56 r
  U_UART_RX/U0_data_sampling/U2/Y (OAI22X1M)              0.06       0.62 f
  U_UART_RX/U0_data_sampling/Sample_reg[0]/D (DFFRQX2M)
                                                          0.00       0.62 f
  data arrival time                                                  0.62

  clock RX_CLK (rise edge)                                0.00       0.00
  clock network delay (ideal)                             0.00       0.00
  clock uncertainty                                       0.10       0.10
  U_UART_RX/U0_data_sampling/Sample_reg[0]/CK (DFFRQX2M)
                                                          0.00       0.10 r
  library hold time                                      -0.02       0.08
  data required time                                                 0.08
  --------------------------------------------------------------------------
  data required time                                                 0.08
  data arrival time                                                 -0.62
  --------------------------------------------------------------------------
  slack (MET)                                                        0.54


  Startpoint: U_UART_RX/U0_strt_check/Strt_glitch_reg
              (rising edge-triggered flip-flop clocked by RX_CLK)
  Endpoint: U_UART_RX/U0_FSM/Current_State_reg[1]
            (rising edge-triggered flip-flop clocked by RX_CLK)
  Path Group: RX_CLK
  Path Type: min

  Point                                                   Incr       Path
  --------------------------------------------------------------------------
  clock RX_CLK (rise edge)                                0.00       0.00
  clock network delay (ideal)                             0.00       0.00
  U_UART_RX/U0_strt_check/Strt_glitch_reg/CK (DFFRQX2M)
                                                          0.00       0.00 r
  U_UART_RX/U0_strt_check/Strt_glitch_reg/Q (DFFRQX2M)
                                                          0.39       0.39 r
  U_UART_RX/U0_strt_check/Strt_glitch (Strt_Check)        0.00       0.39 r
  U_UART_RX/U0_FSM/Strt_glitch (RX_FSM)                   0.00       0.39 r
  U_UART_RX/U0_FSM/U17/Y (OAI31X1M)                       0.11       0.50 f
  U_UART_RX/U0_FSM/U16/Y (INVX2M)                         0.06       0.55 r
  U_UART_RX/U0_FSM/U14/Y (OAI211X2M)                      0.06       0.62 f
  U_UART_RX/U0_FSM/Current_State_reg[1]/D (DFFRQX2M)      0.00       0.62 f
  data arrival time                                                  0.62

  clock RX_CLK (rise edge)                                0.00       0.00
  clock network delay (ideal)                             0.00       0.00
  clock uncertainty                                       0.10       0.10
  U_UART_RX/U0_FSM/Current_State_reg[1]/CK (DFFRQX2M)     0.00       0.10 r
  library hold time                                      -0.03       0.07
  data required time                                                 0.07
  --------------------------------------------------------------------------
  data required time                                                 0.07
  data arrival time                                                 -0.62
  --------------------------------------------------------------------------
  slack (MET)                                                        0.55


  Startpoint: U_UART_RX/U0_deserializer/P_DATA_reg[1]
              (rising edge-triggered flip-flop clocked by RX_CLK)
  Endpoint: U_UART_RX/U0_deserializer/P_DATA_reg[0]
            (rising edge-triggered flip-flop clocked by RX_CLK)
  Path Group: RX_CLK
  Path Type: min

  Point                                                   Incr       Path
  --------------------------------------------------------------------------
  clock RX_CLK (rise edge)                                0.00       0.00
  clock network delay (ideal)                             0.00       0.00
  U_UART_RX/U0_deserializer/P_DATA_reg[1]/CK (DFFRQX2M)
                                                          0.00       0.00 r
  U_UART_RX/U0_deserializer/P_DATA_reg[1]/Q (DFFRQX2M)
                                                          0.48       0.48 f
  U_UART_RX/U0_deserializer/U17/Y (INVX2M)                0.07       0.55 r
  U_UART_RX/U0_deserializer/U11/Y (OAI2BB2X1M)            0.09       0.64 f
  U_UART_RX/U0_deserializer/P_DATA_reg[0]/D (DFFRQX2M)
                                                          0.00       0.64 f
  data arrival time                                                  0.64

  clock RX_CLK (rise edge)                                0.00       0.00
  clock network delay (ideal)                             0.00       0.00
  clock uncertainty                                       0.10       0.10
  U_UART_RX/U0_deserializer/P_DATA_reg[0]/CK (DFFRQX2M)
                                                          0.00       0.10 r
  library hold time                                      -0.03       0.07
  data required time                                                 0.07
  --------------------------------------------------------------------------
  data required time                                                 0.07
  data arrival time                                                 -0.64
  --------------------------------------------------------------------------
  slack (MET)                                                        0.57


  Startpoint: U_UART_RX/U0_deserializer/P_DATA_reg[7]
              (rising edge-triggered flip-flop clocked by RX_CLK)
  Endpoint: U_UART_RX/U0_deserializer/P_DATA_reg[7]
            (rising edge-triggered flip-flop clocked by RX_CLK)
  Path Group: RX_CLK
  Path Type: min

  Point                                                   Incr       Path
  --------------------------------------------------------------------------
  clock RX_CLK (rise edge)                                0.00       0.00
  clock network delay (ideal)                             0.00       0.00
  U_UART_RX/U0_deserializer/P_DATA_reg[7]/CK (DFFRQX2M)
                                                          0.00       0.00 r
  U_UART_RX/U0_deserializer/P_DATA_reg[7]/Q (DFFRQX2M)
                                                          0.48       0.48 f
  U_UART_RX/U0_deserializer/U15/Y (INVX2M)                0.07       0.55 r
  U_UART_RX/U0_deserializer/U12/Y (OAI2BB2X1M)            0.09       0.64 f
  U_UART_RX/U0_deserializer/P_DATA_reg[7]/D (DFFRQX2M)
                                                          0.00       0.64 f
  data arrival time                                                  0.64

  clock RX_CLK (rise edge)                                0.00       0.00
  clock network delay (ideal)                             0.00       0.00
  clock uncertainty                                       0.10       0.10
  U_UART_RX/U0_deserializer/P_DATA_reg[7]/CK (DFFRQX2M)
                                                          0.00       0.10 r
  library hold time                                      -0.03       0.07
  data required time                                                 0.07
  --------------------------------------------------------------------------
  data required time                                                 0.07
  data arrival time                                                 -0.64
  --------------------------------------------------------------------------
  slack (MET)                                                        0.57


  Startpoint: U_UART_RX/U0_strt_check/Strt_glitch_reg
              (rising edge-triggered flip-flop clocked by RX_CLK)
  Endpoint: U_UART_RX/U0_strt_check/Strt_glitch_reg
            (rising edge-triggered flip-flop clocked by RX_CLK)
  Path Group: RX_CLK
  Path Type: min

  Point                                                   Incr       Path
  --------------------------------------------------------------------------
  clock RX_CLK (rise edge)                                0.00       0.00
  clock network delay (ideal)                             0.00       0.00
  U_UART_RX/U0_strt_check/Strt_glitch_reg/CK (DFFRQX2M)
                                                          0.00       0.00 r
  U_UART_RX/U0_strt_check/Strt_glitch_reg/Q (DFFRQX2M)
                                                          0.48       0.48 f
  U_UART_RX/U0_strt_check/U2/Y (AO2B2X2M)                 0.19       0.66 f
  U_UART_RX/U0_strt_check/Strt_glitch_reg/D (DFFRQX2M)
                                                          0.00       0.66 f
  data arrival time                                                  0.66

  clock RX_CLK (rise edge)                                0.00       0.00
  clock network delay (ideal)                             0.00       0.00
  clock uncertainty                                       0.10       0.10
  U_UART_RX/U0_strt_check/Strt_glitch_reg/CK (DFFRQX2M)
                                                          0.00       0.10 r
  library hold time                                      -0.03       0.07
  data required time                                                 0.07
  --------------------------------------------------------------------------
  data required time                                                 0.07
  data arrival time                                                 -0.66
  --------------------------------------------------------------------------
  slack (MET)                                                        0.59


  Startpoint: U_UART_RX/U0_FSM/Current_State_reg[2]
              (rising edge-triggered flip-flop clocked by RX_CLK)
  Endpoint: U_UART_RX/U0_parity_check/Par_err_reg
            (rising edge-triggered flip-flop clocked by RX_CLK)
  Path Group: RX_CLK
  Path Type: min

  Point                                                   Incr       Path
  --------------------------------------------------------------------------
  clock RX_CLK (rise edge)                                0.00       0.00
  clock network delay (ideal)                             0.00       0.00
  U_UART_RX/U0_FSM/Current_State_reg[2]/CK (DFFRQX2M)     0.00       0.00 r
  U_UART_RX/U0_FSM/Current_State_reg[2]/Q (DFFRQX2M)      0.42       0.42 r
  U_UART_RX/U0_FSM/U19/Y (NOR3X2M)                        0.10       0.52 f
  U_UART_RX/U0_FSM/Par_chk_en (RX_FSM)                    0.00       0.52 f
  U_UART_RX/U0_parity_check/Par_chk_en (Parity_Check)     0.00       0.52 f
  U_UART_RX/U0_parity_check/U4/Y (AOI22X1M)               0.11       0.63 r
  U_UART_RX/U0_parity_check/U3/Y (NOR2BX2M)               0.05       0.68 f
  U_UART_RX/U0_parity_check/Par_err_reg/D (DFFRQX2M)      0.00       0.68 f
  data arrival time                                                  0.68

  clock RX_CLK (rise edge)                                0.00       0.00
  clock network delay (ideal)                             0.00       0.00
  clock uncertainty                                       0.10       0.10
  U_UART_RX/U0_parity_check/Par_err_reg/CK (DFFRQX2M)     0.00       0.10 r
  library hold time                                      -0.02       0.08
  data required time                                                 0.08
  --------------------------------------------------------------------------
  data required time                                                 0.08
  data arrival time                                                 -0.68
  --------------------------------------------------------------------------
  slack (MET)                                                        0.61


  Startpoint: U_UART_RX/U0_edge_bit_counter/Edge_cnt_reg[0]
              (rising edge-triggered flip-flop clocked by RX_CLK)
  Endpoint: U_UART_RX/U0_edge_bit_counter/Edge_cnt_reg[0]
            (rising edge-triggered flip-flop clocked by RX_CLK)
  Path Group: RX_CLK
  Path Type: min

  Point                                                   Incr       Path
  --------------------------------------------------------------------------
  clock RX_CLK (rise edge)                                0.00       0.00
  clock network delay (ideal)                             0.00       0.00
  U_UART_RX/U0_edge_bit_counter/Edge_cnt_reg[0]/CK (DFFRX1M)
                                                          0.00       0.00 r
  U_UART_RX/U0_edge_bit_counter/Edge_cnt_reg[0]/Q (DFFRX1M)
                                                          0.64       0.64 r
  U_UART_RX/U0_edge_bit_counter/U46/Y (NOR2X2M)           0.06       0.70 f
  U_UART_RX/U0_edge_bit_counter/Edge_cnt_reg[0]/D (DFFRX1M)
                                                          0.00       0.70 f
  data arrival time                                                  0.70

  clock RX_CLK (rise edge)                                0.00       0.00
  clock network delay (ideal)                             0.00       0.00
  clock uncertainty                                       0.10       0.10
  U_UART_RX/U0_edge_bit_counter/Edge_cnt_reg[0]/CK (DFFRX1M)
                                                          0.00       0.10 r
  library hold time                                      -0.02       0.08
  data required time                                                 0.08
  --------------------------------------------------------------------------
  data required time                                                 0.08
  data arrival time                                                 -0.70
  --------------------------------------------------------------------------
  slack (MET)                                                        0.63


  Startpoint: U_UART_RX/U0_edge_bit_counter/Edge_cnt_reg[4]
              (rising edge-triggered flip-flop clocked by RX_CLK)
  Endpoint: U_UART_RX/U0_edge_bit_counter/Edge_cnt_reg[4]
            (rising edge-triggered flip-flop clocked by RX_CLK)
  Path Group: RX_CLK
  Path Type: min

  Point                                                   Incr       Path
  --------------------------------------------------------------------------
  clock RX_CLK (rise edge)                                0.00       0.00
  clock network delay (ideal)                             0.00       0.00
  U_UART_RX/U0_edge_bit_counter/Edge_cnt_reg[4]/CK (DFFRQX2M)
                                                          0.00       0.00 r
  U_UART_RX/U0_edge_bit_counter/Edge_cnt_reg[4]/Q (DFFRQX2M)
                                                          0.47       0.47 r
  U_UART_RX/U0_edge_bit_counter/U45/Y (XNOR2X2M)          0.21       0.68 r
  U_UART_RX/U0_edge_bit_counter/U44/Y (NOR2X2M)           0.05       0.73 f
  U_UART_RX/U0_edge_bit_counter/Edge_cnt_reg[4]/D (DFFRQX2M)
                                                          0.00       0.73 f
  data arrival time                                                  0.73

  clock RX_CLK (rise edge)                                0.00       0.00
  clock network delay (ideal)                             0.00       0.00
  clock uncertainty                                       0.10       0.10
  U_UART_RX/U0_edge_bit_counter/Edge_cnt_reg[4]/CK (DFFRQX2M)
                                                          0.00       0.10 r
  library hold time                                      -0.02       0.08
  data required time                                                 0.08
  --------------------------------------------------------------------------
  data required time                                                 0.08
  data arrival time                                                 -0.73
  --------------------------------------------------------------------------
  slack (MET)                                                        0.65


  Startpoint: U_UART_RX/U0_edge_bit_counter/Edge_cnt_reg[2]
              (rising edge-triggered flip-flop clocked by RX_CLK)
  Endpoint: U_UART_RX/U0_edge_bit_counter/Edge_cnt_reg[2]
            (rising edge-triggered flip-flop clocked by RX_CLK)
  Path Group: RX_CLK
  Path Type: min

  Point                                                   Incr       Path
  --------------------------------------------------------------------------
  clock RX_CLK (rise edge)                                0.00       0.00
  clock network delay (ideal)                             0.00       0.00
  U_UART_RX/U0_edge_bit_counter/Edge_cnt_reg[2]/CK (DFFRQX2M)
                                                          0.00       0.00 r
  U_UART_RX/U0_edge_bit_counter/Edge_cnt_reg[2]/Q (DFFRQX2M)
                                                          0.48       0.48 r
  U_UART_RX/U0_edge_bit_counter/U48/S (ADDHX1M)           0.12       0.61 f
  U_UART_RX/U0_edge_bit_counter/U20/Y (NOR2BX2M)          0.12       0.73 f
  U_UART_RX/U0_edge_bit_counter/Edge_cnt_reg[2]/D (DFFRQX2M)
                                                          0.00       0.73 f
  data arrival time                                                  0.73

  clock RX_CLK (rise edge)                                0.00       0.00
  clock network delay (ideal)                             0.00       0.00
  clock uncertainty                                       0.10       0.10
  U_UART_RX/U0_edge_bit_counter/Edge_cnt_reg[2]/CK (DFFRQX2M)
                                                          0.00       0.10 r
  library hold time                                      -0.02       0.08
  data required time                                                 0.08
  --------------------------------------------------------------------------
  data required time                                                 0.08
  data arrival time                                                 -0.73
  --------------------------------------------------------------------------
  slack (MET)                                                        0.66


  Startpoint: U_UART_RX/U0_edge_bit_counter/Edge_cnt_reg[3]
              (rising edge-triggered flip-flop clocked by RX_CLK)
  Endpoint: U_UART_RX/U0_edge_bit_counter/Edge_cnt_reg[3]
            (rising edge-triggered flip-flop clocked by RX_CLK)
  Path Group: RX_CLK
  Path Type: min

  Point                                                   Incr       Path
  --------------------------------------------------------------------------
  clock RX_CLK (rise edge)                                0.00       0.00
  clock network delay (ideal)                             0.00       0.00
  U_UART_RX/U0_edge_bit_counter/Edge_cnt_reg[3]/CK (DFFRQX2M)
                                                          0.00       0.00 r
  U_UART_RX/U0_edge_bit_counter/Edge_cnt_reg[3]/Q (DFFRQX2M)
                                                          0.49       0.49 r
  U_UART_RX/U0_edge_bit_counter/U49/S (ADDHX1M)           0.13       0.61 f
  U_UART_RX/U0_edge_bit_counter/U19/Y (NOR2BX2M)          0.12       0.74 f
  U_UART_RX/U0_edge_bit_counter/Edge_cnt_reg[3]/D (DFFRQX2M)
                                                          0.00       0.74 f
  data arrival time                                                  0.74

  clock RX_CLK (rise edge)                                0.00       0.00
  clock network delay (ideal)                             0.00       0.00
  clock uncertainty                                       0.10       0.10
  U_UART_RX/U0_edge_bit_counter/Edge_cnt_reg[3]/CK (DFFRQX2M)
                                                          0.00       0.10 r
  library hold time                                      -0.02       0.08
  data required time                                                 0.08
  --------------------------------------------------------------------------
  data required time                                                 0.08
  data arrival time                                                 -0.74
  --------------------------------------------------------------------------
  slack (MET)                                                        0.66


  Startpoint: U_UART_RX/U0_FSM/Current_State_reg[0]
              (rising edge-triggered flip-flop clocked by RX_CLK)
  Endpoint: U_UART_RX/U0_FSM/Current_State_reg[2]
            (rising edge-triggered flip-flop clocked by RX_CLK)
  Path Group: RX_CLK
  Path Type: min

  Point                                                   Incr       Path
  --------------------------------------------------------------------------
  clock RX_CLK (rise edge)                                0.00       0.00
  clock network delay (ideal)                             0.00       0.00
  U_UART_RX/U0_FSM/Current_State_reg[0]/CK (DFFRX1M)      0.00       0.00 r
  U_UART_RX/U0_FSM/Current_State_reg[0]/Q (DFFRX1M)       0.52       0.52 r
  U_UART_RX/U0_FSM/U20/Y (NOR3X2M)                        0.09       0.61 f
  U_UART_RX/U0_FSM/U5/Y (INVX2M)                          0.09       0.69 r
  U_UART_RX/U0_FSM/U23/Y (OAI21BX1M)                      0.10       0.79 f
  U_UART_RX/U0_FSM/Current_State_reg[2]/D (DFFRQX2M)      0.00       0.79 f
  data arrival time                                                  0.79

  clock RX_CLK (rise edge)                                0.00       0.00
  clock network delay (ideal)                             0.00       0.00
  clock uncertainty                                       0.10       0.10
  U_UART_RX/U0_FSM/Current_State_reg[2]/CK (DFFRQX2M)     0.00       0.10 r
  library hold time                                      -0.03       0.07
  data required time                                                 0.07
  --------------------------------------------------------------------------
  data required time                                                 0.07
  data arrival time                                                 -0.79
  --------------------------------------------------------------------------
  slack (MET)                                                        0.72


  Startpoint: U_UART_RX/U0_edge_bit_counter/Edge_cnt_reg[0]
              (rising edge-triggered flip-flop clocked by RX_CLK)
  Endpoint: U_UART_RX/U0_edge_bit_counter/Edge_cnt_reg[1]
            (rising edge-triggered flip-flop clocked by RX_CLK)
  Path Group: RX_CLK
  Path Type: min

  Point                                                   Incr       Path
  --------------------------------------------------------------------------
  clock RX_CLK (rise edge)                                0.00       0.00
  clock network delay (ideal)                             0.00       0.00
  U_UART_RX/U0_edge_bit_counter/Edge_cnt_reg[0]/CK (DFFRX1M)
                                                          0.00       0.00 r
  U_UART_RX/U0_edge_bit_counter/Edge_cnt_reg[0]/Q (DFFRX1M)
                                                          0.64       0.64 r
  U_UART_RX/U0_edge_bit_counter/U47/S (ADDHX1M)           0.08       0.73 f
  U_UART_RX/U0_edge_bit_counter/U21/Y (NOR2BX2M)          0.13       0.86 f
  U_UART_RX/U0_edge_bit_counter/Edge_cnt_reg[1]/D (DFFRX1M)
                                                          0.00       0.86 f
  data arrival time                                                  0.86

  clock RX_CLK (rise edge)                                0.00       0.00
  clock network delay (ideal)                             0.00       0.00
  clock uncertainty                                       0.10       0.10
  U_UART_RX/U0_edge_bit_counter/Edge_cnt_reg[1]/CK (DFFRX1M)
                                                          0.00       0.10 r
  library hold time                                      -0.02       0.08
  data required time                                                 0.08
  --------------------------------------------------------------------------
  data required time                                                 0.08
  data arrival time                                                 -0.86
  --------------------------------------------------------------------------
  slack (MET)                                                        0.78


  Startpoint: U_UART_TX/serializer/serializer_reg[0]
              (rising edge-triggered flip-flop clocked by TX_CLK)
  Endpoint: U_UART_TX/serializer/serializer_reg[0]
            (rising edge-triggered flip-flop clocked by TX_CLK)
  Path Group: TX_CLK
  Path Type: min

  Point                                                   Incr       Path
  --------------------------------------------------------------------------
  clock TX_CLK (rise edge)                                0.00       0.00
  clock network delay (ideal)                             0.00       0.00
  U_UART_TX/serializer/serializer_reg[0]/CK (DFFRX1M)     0.00       0.00 r
  U_UART_TX/serializer/serializer_reg[0]/QN (DFFRX1M)     0.35       0.35 r
  U_UART_TX/serializer/U27/Y (OAI21X2M)                   0.07       0.42 f
  U_UART_TX/serializer/serializer_reg[0]/D (DFFRX1M)      0.00       0.42 f
  data arrival time                                                  0.42

  clock TX_CLK (rise edge)                                0.00       0.00
  clock network delay (ideal)                             0.00       0.00
  clock uncertainty                                       0.10       0.10
  U_UART_TX/serializer/serializer_reg[0]/CK (DFFRX1M)     0.00       0.10 r
  library hold time                                      -0.02       0.08
  data required time                                                 0.08
  --------------------------------------------------------------------------
  data required time                                                 0.08
  data arrival time                                                 -0.42
  --------------------------------------------------------------------------
  slack (MET)                                                        0.34


  Startpoint: U_ASYC_FIFO/SYNC_w2r/SYNC_reg[3][0]
              (rising edge-triggered flip-flop clocked by TX_CLK)
  Endpoint: U_ASYC_FIFO/SYNC_w2r/SYNC_reg[3][1]
            (rising edge-triggered flip-flop clocked by TX_CLK)
  Path Group: TX_CLK
  Path Type: min

  Point                                                   Incr       Path
  --------------------------------------------------------------------------
  clock TX_CLK (rise edge)                                0.00       0.00
  clock network delay (ideal)                             0.00       0.00
  U_ASYC_FIFO/SYNC_w2r/SYNC_reg[3][0]/CK (DFFRQX2M)       0.00       0.00 r
  U_ASYC_FIFO/SYNC_w2r/SYNC_reg[3][0]/Q (DFFRQX2M)        0.45       0.45 f
  U_ASYC_FIFO/SYNC_w2r/SYNC_reg[3][1]/D (DFFRQX2M)        0.00       0.45 f
  data arrival time                                                  0.45

  clock TX_CLK (rise edge)                                0.00       0.00
  clock network delay (ideal)                             0.00       0.00
  clock uncertainty                                       0.10       0.10
  U_ASYC_FIFO/SYNC_w2r/SYNC_reg[3][1]/CK (DFFRQX2M)       0.00       0.10 r
  library hold time                                      -0.03       0.07
  data required time                                                 0.07
  --------------------------------------------------------------------------
  data required time                                                 0.07
  data arrival time                                                 -0.45
  --------------------------------------------------------------------------
  slack (MET)                                                        0.37


  Startpoint: U_ASYC_FIFO/SYNC_w2r/SYNC_reg[2][0]
              (rising edge-triggered flip-flop clocked by TX_CLK)
  Endpoint: U_ASYC_FIFO/SYNC_w2r/SYNC_reg[2][1]
            (rising edge-triggered flip-flop clocked by TX_CLK)
  Path Group: TX_CLK
  Path Type: min

  Point                                                   Incr       Path
  --------------------------------------------------------------------------
  clock TX_CLK (rise edge)                                0.00       0.00
  clock network delay (ideal)                             0.00       0.00
  U_ASYC_FIFO/SYNC_w2r/SYNC_reg[2][0]/CK (DFFRQX2M)       0.00       0.00 r
  U_ASYC_FIFO/SYNC_w2r/SYNC_reg[2][0]/Q (DFFRQX2M)        0.45       0.45 f
  U_ASYC_FIFO/SYNC_w2r/SYNC_reg[2][1]/D (DFFRQX2M)        0.00       0.45 f
  data arrival time                                                  0.45

  clock TX_CLK (rise edge)                                0.00       0.00
  clock network delay (ideal)                             0.00       0.00
  clock uncertainty                                       0.10       0.10
  U_ASYC_FIFO/SYNC_w2r/SYNC_reg[2][1]/CK (DFFRQX2M)       0.00       0.10 r
  library hold time                                      -0.03       0.07
  data required time                                                 0.07
  --------------------------------------------------------------------------
  data required time                                                 0.07
  data arrival time                                                 -0.45
  --------------------------------------------------------------------------
  slack (MET)                                                        0.37


  Startpoint: U_ASYC_FIFO/SYNC_w2r/SYNC_reg[1][0]
              (rising edge-triggered flip-flop clocked by TX_CLK)
  Endpoint: U_ASYC_FIFO/SYNC_w2r/SYNC_reg[1][1]
            (rising edge-triggered flip-flop clocked by TX_CLK)
  Path Group: TX_CLK
  Path Type: min

  Point                                                   Incr       Path
  --------------------------------------------------------------------------
  clock TX_CLK (rise edge)                                0.00       0.00
  clock network delay (ideal)                             0.00       0.00
  U_ASYC_FIFO/SYNC_w2r/SYNC_reg[1][0]/CK (DFFRQX2M)       0.00       0.00 r
  U_ASYC_FIFO/SYNC_w2r/SYNC_reg[1][0]/Q (DFFRQX2M)        0.45       0.45 f
  U_ASYC_FIFO/SYNC_w2r/SYNC_reg[1][1]/D (DFFRQX2M)        0.00       0.45 f
  data arrival time                                                  0.45

  clock TX_CLK (rise edge)                                0.00       0.00
  clock network delay (ideal)                             0.00       0.00
  clock uncertainty                                       0.10       0.10
  U_ASYC_FIFO/SYNC_w2r/SYNC_reg[1][1]/CK (DFFRQX2M)       0.00       0.10 r
  library hold time                                      -0.03       0.07
  data required time                                                 0.07
  --------------------------------------------------------------------------
  data required time                                                 0.07
  data arrival time                                                 -0.45
  --------------------------------------------------------------------------
  slack (MET)                                                        0.37


  Startpoint: U_ASYC_FIFO/SYNC_w2r/SYNC_reg[0][0]
              (rising edge-triggered flip-flop clocked by TX_CLK)
  Endpoint: U_ASYC_FIFO/SYNC_w2r/SYNC_reg[0][1]
            (rising edge-triggered flip-flop clocked by TX_CLK)
  Path Group: TX_CLK
  Path Type: min

  Point                                                   Incr       Path
  --------------------------------------------------------------------------
  clock TX_CLK (rise edge)                                0.00       0.00
  clock network delay (ideal)                             0.00       0.00
  U_ASYC_FIFO/SYNC_w2r/SYNC_reg[0][0]/CK (DFFRQX2M)       0.00       0.00 r
  U_ASYC_FIFO/SYNC_w2r/SYNC_reg[0][0]/Q (DFFRQX2M)        0.45       0.45 f
  U_ASYC_FIFO/SYNC_w2r/SYNC_reg[0][1]/D (DFFRQX2M)        0.00       0.45 f
  data arrival time                                                  0.45

  clock TX_CLK (rise edge)                                0.00       0.00
  clock network delay (ideal)                             0.00       0.00
  clock uncertainty                                       0.10       0.10
  U_ASYC_FIFO/SYNC_w2r/SYNC_reg[0][1]/CK (DFFRQX2M)       0.00       0.10 r
  library hold time                                      -0.03       0.07
  data required time                                                 0.07
  --------------------------------------------------------------------------
  data required time                                                 0.07
  data arrival time                                                 -0.45
  --------------------------------------------------------------------------
  slack (MET)                                                        0.37


  Startpoint: U_UART_TX/serializer/serializer_reg[0]
              (rising edge-triggered flip-flop clocked by TX_CLK)
  Endpoint: U_UART_TX/serializer/ser_data_reg
            (rising edge-triggered flip-flop clocked by TX_CLK)
  Path Group: TX_CLK
  Path Type: min

  Point                                                   Incr       Path
  --------------------------------------------------------------------------
  clock TX_CLK (rise edge)                                0.00       0.00
  clock network delay (ideal)                             0.00       0.00
  U_UART_TX/serializer/serializer_reg[0]/CK (DFFRX1M)     0.00       0.00 r
  U_UART_TX/serializer/serializer_reg[0]/QN (DFFRX1M)     0.35       0.35 r
  U_UART_TX/serializer/U14/Y (OAI2BB2X1M)                 0.10       0.45 f
  U_UART_TX/serializer/ser_data_reg/D (DFFRQX2M)          0.00       0.45 f
  data arrival time                                                  0.45

  clock TX_CLK (rise edge)                                0.00       0.00
  clock network delay (ideal)                             0.00       0.00
  clock uncertainty                                       0.10       0.10
  U_UART_TX/serializer/ser_data_reg/CK (DFFRQX2M)         0.00       0.10 r
  library hold time                                      -0.03       0.07
  data required time                                                 0.07
  --------------------------------------------------------------------------
  data required time                                                 0.07
  data arrival time                                                 -0.45
  --------------------------------------------------------------------------
  slack (MET)                                                        0.38


  Startpoint: U_Pulse_Gen/Pulse_reg_reg[0]
              (rising edge-triggered flip-flop clocked by TX_CLK)
  Endpoint: U_Pulse_Gen/Pulse_reg_reg[1]
            (rising edge-triggered flip-flop clocked by TX_CLK)
  Path Group: TX_CLK
  Path Type: min

  Point                                                   Incr       Path
  --------------------------------------------------------------------------
  clock TX_CLK (rise edge)                                0.00       0.00
  clock network delay (ideal)                             0.00       0.00
  U_Pulse_Gen/Pulse_reg_reg[0]/CK (DFFRQX2M)              0.00       0.00 r
  U_Pulse_Gen/Pulse_reg_reg[0]/Q (DFFRQX2M)               0.46       0.46 f
  U_Pulse_Gen/Pulse_reg_reg[1]/D (DFFRQX2M)               0.00       0.46 f
  data arrival time                                                  0.46

  clock TX_CLK (rise edge)                                0.00       0.00
  clock network delay (ideal)                             0.00       0.00
  clock uncertainty                                       0.10       0.10
  U_Pulse_Gen/Pulse_reg_reg[1]/CK (DFFRQX2M)              0.00       0.10 r
  library hold time                                      -0.03       0.07
  data required time                                                 0.07
  --------------------------------------------------------------------------
  data required time                                                 0.07
  data arrival time                                                 -0.46
  --------------------------------------------------------------------------
  slack (MET)                                                        0.38


  Startpoint: U_UART_TX/serializer/count_reg[3]
              (rising edge-triggered flip-flop clocked by TX_CLK)
  Endpoint: U_UART_TX/serializer/ser_done_reg
            (rising edge-triggered flip-flop clocked by TX_CLK)
  Path Group: TX_CLK
  Path Type: min

  Point                                                   Incr       Path
  --------------------------------------------------------------------------
  clock TX_CLK (rise edge)                                0.00       0.00
  clock network delay (ideal)                             0.00       0.00
  U_UART_TX/serializer/count_reg[3]/CK (DFFRQX2M)         0.00       0.00 r
  U_UART_TX/serializer/count_reg[3]/Q (DFFRQX2M)          0.39       0.39 r
  U_UART_TX/serializer/U35/Y (NOR4X1M)                    0.08       0.47 f
  U_UART_TX/serializer/ser_done_reg/D (DFFRQX2M)          0.00       0.47 f
  data arrival time                                                  0.47

  clock TX_CLK (rise edge)                                0.00       0.00
  clock network delay (ideal)                             0.00       0.00
  clock uncertainty                                       0.10       0.10
  U_UART_TX/serializer/ser_done_reg/CK (DFFRQX2M)         0.00       0.10 r
  library hold time                                      -0.03       0.07
  data required time                                                 0.07
  --------------------------------------------------------------------------
  data required time                                                 0.07
  data arrival time                                                 -0.47
  --------------------------------------------------------------------------
  slack (MET)                                                        0.40


  Startpoint: U_UART_TX/serializer/count_reg[0]
              (rising edge-triggered flip-flop clocked by TX_CLK)
  Endpoint: U_UART_TX/serializer/count_reg[0]
            (rising edge-triggered flip-flop clocked by TX_CLK)
  Path Group: TX_CLK
  Path Type: min

  Point                                                   Incr       Path
  --------------------------------------------------------------------------
  clock TX_CLK (rise edge)                                0.00       0.00
  clock network delay (ideal)                             0.00       0.00
  U_UART_TX/serializer/count_reg[0]/CK (DFFRQX2M)         0.00       0.00 r
  U_UART_TX/serializer/count_reg[0]/Q (DFFRQX2M)          0.40       0.40 r
  U_UART_TX/serializer/U13/Y (OAI22X1M)                   0.09       0.48 f
  U_UART_TX/serializer/count_reg[0]/D (DFFRQX2M)          0.00       0.48 f
  data arrival time                                                  0.48

  clock TX_CLK (rise edge)                                0.00       0.00
  clock network delay (ideal)                             0.00       0.00
  clock uncertainty                                       0.10       0.10
  U_UART_TX/serializer/count_reg[0]/CK (DFFRQX2M)         0.00       0.10 r
  library hold time                                      -0.03       0.07
  data required time                                                 0.07
  --------------------------------------------------------------------------
  data required time                                                 0.07
  data arrival time                                                 -0.48
  --------------------------------------------------------------------------
  slack (MET)                                                        0.41


  Startpoint: U_UART_TX/serializer/ser_done_reg
              (rising edge-triggered flip-flop clocked by TX_CLK)
  Endpoint: U_UART_TX/fsm/Current_State_reg[0]
            (rising edge-triggered flip-flop clocked by TX_CLK)
  Path Group: TX_CLK
  Path Type: min

  Point                                                   Incr       Path
  --------------------------------------------------------------------------
  clock TX_CLK (rise edge)                                0.00       0.00
  clock network delay (ideal)                             0.00       0.00
  U_UART_TX/serializer/ser_done_reg/CK (DFFRQX2M)         0.00       0.00 r
  U_UART_TX/serializer/ser_done_reg/Q (DFFRQX2M)          0.38       0.38 r
  U_UART_TX/serializer/ser_done (Serializer)              0.00       0.38 r
  U_UART_TX/fsm/ser_done (TX_FSM)                         0.00       0.38 r
  U_UART_TX/fsm/U16/Y (OAI221X1M)                         0.11       0.49 f
  U_UART_TX/fsm/Current_State_reg[0]/D (DFFRX1M)          0.00       0.49 f
  data arrival time                                                  0.49

  clock TX_CLK (rise edge)                                0.00       0.00
  clock network delay (ideal)                             0.00       0.00
  clock uncertainty                                       0.10       0.10
  U_UART_TX/fsm/Current_State_reg[0]/CK (DFFRX1M)         0.00       0.10 r
  library hold time                                      -0.03       0.07
  data required time                                                 0.07
  --------------------------------------------------------------------------
  data required time                                                 0.07
  data arrival time                                                 -0.49
  --------------------------------------------------------------------------
  slack (MET)                                                        0.41


  Startpoint: U_ASYC_FIFO/Rptr_empty/R_bin_reg[3]
              (rising edge-triggered flip-flop clocked by TX_CLK)
  Endpoint: U_ASYC_FIFO/Rptr_empty/R_bin_reg[3]
            (rising edge-triggered flip-flop clocked by TX_CLK)
  Path Group: TX_CLK
  Path Type: min

  Point                                                   Incr       Path
  --------------------------------------------------------------------------
  clock TX_CLK (rise edge)                                0.00       0.00
  clock network delay (ideal)                             0.00       0.00
  U_ASYC_FIFO/Rptr_empty/R_bin_reg[3]/CK (DFFRQX2M)       0.00       0.00 r
  U_ASYC_FIFO/Rptr_empty/R_bin_reg[3]/Q (DFFRQX2M)        0.36       0.36 r
  U_ASYC_FIFO/Rptr_empty/U6/Y (XNOR2X2M)                  0.12       0.49 f
  U_ASYC_FIFO/Rptr_empty/R_bin_reg[3]/D (DFFRQX2M)        0.00       0.49 f
  data arrival time                                                  0.49

  clock TX_CLK (rise edge)                                0.00       0.00
  clock network delay (ideal)                             0.00       0.00
  clock uncertainty                                       0.10       0.10
  U_ASYC_FIFO/Rptr_empty/R_bin_reg[3]/CK (DFFRQX2M)       0.00       0.10 r
  library hold time                                      -0.03       0.07
  data required time                                                 0.07
  --------------------------------------------------------------------------
  data required time                                                 0.07
  data arrival time                                                 -0.49
  --------------------------------------------------------------------------
  slack (MET)                                                        0.42


  Startpoint: U_ASYC_FIFO/Rptr_empty/R_bin_reg[3]
              (rising edge-triggered flip-flop clocked by TX_CLK)
  Endpoint: U_ASYC_FIFO/Rptr_empty/R_ptr_reg[3]
            (rising edge-triggered flip-flop clocked by TX_CLK)
  Path Group: TX_CLK
  Path Type: min

  Point                                                   Incr       Path
  --------------------------------------------------------------------------
  clock TX_CLK (rise edge)                                0.00       0.00
  clock network delay (ideal)                             0.00       0.00
  U_ASYC_FIFO/Rptr_empty/R_bin_reg[3]/CK (DFFRQX2M)       0.00       0.00 r
  U_ASYC_FIFO/Rptr_empty/R_bin_reg[3]/Q (DFFRQX2M)        0.36       0.36 r
  U_ASYC_FIFO/Rptr_empty/U6/Y (XNOR2X2M)                  0.12       0.49 f
  U_ASYC_FIFO/Rptr_empty/R_ptr_reg[3]/D (DFFRQX2M)        0.00       0.49 f
  data arrival time                                                  0.49

  clock TX_CLK (rise edge)                                0.00       0.00
  clock network delay (ideal)                             0.00       0.00
  clock uncertainty                                       0.10       0.10
  U_ASYC_FIFO/Rptr_empty/R_ptr_reg[3]/CK (DFFRQX2M)       0.00       0.10 r
  library hold time                                      -0.03       0.07
  data required time                                                 0.07
  --------------------------------------------------------------------------
  data required time                                                 0.07
  data arrival time                                                 -0.49
  --------------------------------------------------------------------------
  slack (MET)                                                        0.42


  Startpoint: U_UART_TX/serializer/count_reg[1]
              (rising edge-triggered flip-flop clocked by TX_CLK)
  Endpoint: U_UART_TX/serializer/count_reg[1]
            (rising edge-triggered flip-flop clocked by TX_CLK)
  Path Group: TX_CLK
  Path Type: min

  Point                                                   Incr       Path
  --------------------------------------------------------------------------
  clock TX_CLK (rise edge)                                0.00       0.00
  clock network delay (ideal)                             0.00       0.00
  U_UART_TX/serializer/count_reg[1]/CK (DFFRQX2M)         0.00       0.00 r
  U_UART_TX/serializer/count_reg[1]/Q (DFFRQX2M)          0.42       0.42 r
  U_UART_TX/serializer/U12/Y (OAI32X1M)                   0.10       0.52 f
  U_UART_TX/serializer/count_reg[1]/D (DFFRQX2M)          0.00       0.52 f
  data arrival time                                                  0.52

  clock TX_CLK (rise edge)                                0.00       0.00
  clock network delay (ideal)                             0.00       0.00
  clock uncertainty                                       0.10       0.10
  U_UART_TX/serializer/count_reg[1]/CK (DFFRQX2M)         0.00       0.10 r
  library hold time                                      -0.02       0.08
  data required time                                                 0.08
  --------------------------------------------------------------------------
  data required time                                                 0.08
  data arrival time                                                 -0.52
  --------------------------------------------------------------------------
  slack (MET)                                                        0.44


  Startpoint: U_UART_TX/serializer/count_reg[2]
              (rising edge-triggered flip-flop clocked by TX_CLK)
  Endpoint: U_UART_TX/serializer/count_reg[2]
            (rising edge-triggered flip-flop clocked by TX_CLK)
  Path Group: TX_CLK
  Path Type: min

  Point                                                   Incr       Path
  --------------------------------------------------------------------------
  clock TX_CLK (rise edge)                                0.00       0.00
  clock network delay (ideal)                             0.00       0.00
  U_UART_TX/serializer/count_reg[2]/CK (DFFRQX2M)         0.00       0.00 r
  U_UART_TX/serializer/count_reg[2]/Q (DFFRQX2M)          0.37       0.37 r
  U_UART_TX/serializer/U30/Y (INVX2M)                     0.07       0.44 f
  U_UART_TX/serializer/U33/Y (NAND4X2M)                   0.09       0.53 r
  U_UART_TX/serializer/U32/Y (OAI2BB1X2M)                 0.05       0.59 f
  U_UART_TX/serializer/count_reg[2]/D (DFFRQX2M)          0.00       0.59 f
  data arrival time                                                  0.59

  clock TX_CLK (rise edge)                                0.00       0.00
  clock network delay (ideal)                             0.00       0.00
  clock uncertainty                                       0.10       0.10
  U_UART_TX/serializer/count_reg[2]/CK (DFFRQX2M)         0.00       0.10 r
  library hold time                                      -0.02       0.08
  data required time                                                 0.08
  --------------------------------------------------------------------------
  data required time                                                 0.08
  data arrival time                                                 -0.59
  --------------------------------------------------------------------------
  slack (MET)                                                        0.51


  Startpoint: U_UART_TX/serializer/ser_done_reg
              (rising edge-triggered flip-flop clocked by TX_CLK)
  Endpoint: U_UART_TX/fsm/Current_State_reg[2]
            (rising edge-triggered flip-flop clocked by TX_CLK)
  Path Group: TX_CLK
  Path Type: min

  Point                                                   Incr       Path
  --------------------------------------------------------------------------
  clock TX_CLK (rise edge)                                0.00       0.00
  clock network delay (ideal)                             0.00       0.00
  U_UART_TX/serializer/ser_done_reg/CK (DFFRQX2M)         0.00       0.00 r
  U_UART_TX/serializer/ser_done_reg/Q (DFFRQX2M)          0.47       0.47 f
  U_UART_TX/serializer/ser_done (Serializer)              0.00       0.47 f
  U_UART_TX/fsm/ser_done (TX_FSM)                         0.00       0.47 f
  U_UART_TX/fsm/U19/Y (INVX2M)                            0.06       0.53 r
  U_UART_TX/fsm/U18/Y (OAI31X1M)                          0.07       0.59 f
  U_UART_TX/fsm/Current_State_reg[2]/D (DFFRQX2M)         0.00       0.59 f
  data arrival time                                                  0.59

  clock TX_CLK (rise edge)                                0.00       0.00
  clock network delay (ideal)                             0.00       0.00
  clock uncertainty                                       0.10       0.10
  U_UART_TX/fsm/Current_State_reg[2]/CK (DFFRQX2M)        0.00       0.10 r
  library hold time                                      -0.02       0.08
  data required time                                                 0.08
  --------------------------------------------------------------------------
  data required time                                                 0.08
  data arrival time                                                 -0.59
  --------------------------------------------------------------------------
  slack (MET)                                                        0.52


  Startpoint: U_UART_TX/serializer/serializer_reg[2]
              (rising edge-triggered flip-flop clocked by TX_CLK)
  Endpoint: U_UART_TX/serializer/serializer_reg[2]
            (rising edge-triggered flip-flop clocked by TX_CLK)
  Path Group: TX_CLK
  Path Type: min

  Point                                                   Incr       Path
  --------------------------------------------------------------------------
  clock TX_CLK (rise edge)                                0.00       0.00
  clock network delay (ideal)                             0.00       0.00
  U_UART_TX/serializer/serializer_reg[2]/CK (DFFRQX2M)
                                                          0.00       0.00 r
  U_UART_TX/serializer/serializer_reg[2]/Q (DFFRQX2M)     0.46       0.46 f
  U_UART_TX/serializer/U17/Y (OAI2B1X2M)                  0.17       0.63 f
  U_UART_TX/serializer/serializer_reg[2]/D (DFFRQX2M)     0.00       0.63 f
  data arrival time                                                  0.63

  clock TX_CLK (rise edge)                                0.00       0.00
  clock network delay (ideal)                             0.00       0.00
  clock uncertainty                                       0.10       0.10
  U_UART_TX/serializer/serializer_reg[2]/CK (DFFRQX2M)
                                                          0.00       0.10 r
  library hold time                                      -0.02       0.08
  data required time                                                 0.08
  --------------------------------------------------------------------------
  data required time                                                 0.08
  data arrival time                                                 -0.63
  --------------------------------------------------------------------------
  slack (MET)                                                        0.56


  Startpoint: U_UART_TX/serializer/serializer_reg[3]
              (rising edge-triggered flip-flop clocked by TX_CLK)
  Endpoint: U_UART_TX/serializer/serializer_reg[3]
            (rising edge-triggered flip-flop clocked by TX_CLK)
  Path Group: TX_CLK
  Path Type: min

  Point                                                   Incr       Path
  --------------------------------------------------------------------------
  clock TX_CLK (rise edge)                                0.00       0.00
  clock network delay (ideal)                             0.00       0.00
  U_UART_TX/serializer/serializer_reg[3]/CK (DFFRQX2M)
                                                          0.00       0.00 r
  U_UART_TX/serializer/serializer_reg[3]/Q (DFFRQX2M)     0.46       0.46 f
  U_UART_TX/serializer/U19/Y (OAI2B1X2M)                  0.17       0.63 f
  U_UART_TX/serializer/serializer_reg[3]/D (DFFRQX2M)     0.00       0.63 f
  data arrival time                                                  0.63

  clock TX_CLK (rise edge)                                0.00       0.00
  clock network delay (ideal)                             0.00       0.00
  clock uncertainty                                       0.10       0.10
  U_UART_TX/serializer/serializer_reg[3]/CK (DFFRQX2M)
                                                          0.00       0.10 r
  library hold time                                      -0.02       0.08
  data required time                                                 0.08
  --------------------------------------------------------------------------
  data required time                                                 0.08
  data arrival time                                                 -0.63
  --------------------------------------------------------------------------
  slack (MET)                                                        0.56


  Startpoint: U_UART_TX/serializer/serializer_reg[4]
              (rising edge-triggered flip-flop clocked by TX_CLK)
  Endpoint: U_UART_TX/serializer/serializer_reg[4]
            (rising edge-triggered flip-flop clocked by TX_CLK)
  Path Group: TX_CLK
  Path Type: min

  Point                                                   Incr       Path
  --------------------------------------------------------------------------
  clock TX_CLK (rise edge)                                0.00       0.00
  clock network delay (ideal)                             0.00       0.00
  U_UART_TX/serializer/serializer_reg[4]/CK (DFFRQX2M)
                                                          0.00       0.00 r
  U_UART_TX/serializer/serializer_reg[4]/Q (DFFRQX2M)     0.46       0.46 f
  U_UART_TX/serializer/U21/Y (OAI2B1X2M)                  0.17       0.63 f
  U_UART_TX/serializer/serializer_reg[4]/D (DFFRQX2M)     0.00       0.63 f
  data arrival time                                                  0.63

  clock TX_CLK (rise edge)                                0.00       0.00
  clock network delay (ideal)                             0.00       0.00
  clock uncertainty                                       0.10       0.10
  U_UART_TX/serializer/serializer_reg[4]/CK (DFFRQX2M)
                                                          0.00       0.10 r
  library hold time                                      -0.02       0.08
  data required time                                                 0.08
  --------------------------------------------------------------------------
  data required time                                                 0.08
  data arrival time                                                 -0.63
  --------------------------------------------------------------------------
  slack (MET)                                                        0.56


  Startpoint: U_UART_TX/serializer/serializer_reg[5]
              (rising edge-triggered flip-flop clocked by TX_CLK)
  Endpoint: U_UART_TX/serializer/serializer_reg[5]
            (rising edge-triggered flip-flop clocked by TX_CLK)
  Path Group: TX_CLK
  Path Type: min

  Point                                                   Incr       Path
  --------------------------------------------------------------------------
  clock TX_CLK (rise edge)                                0.00       0.00
  clock network delay (ideal)                             0.00       0.00
  U_UART_TX/serializer/serializer_reg[5]/CK (DFFRQX2M)
                                                          0.00       0.00 r
  U_UART_TX/serializer/serializer_reg[5]/Q (DFFRQX2M)     0.46       0.46 f
  U_UART_TX/serializer/U23/Y (OAI2B1X2M)                  0.17       0.63 f
  U_UART_TX/serializer/serializer_reg[5]/D (DFFRQX2M)     0.00       0.63 f
  data arrival time                                                  0.63

  clock TX_CLK (rise edge)                                0.00       0.00
  clock network delay (ideal)                             0.00       0.00
  clock uncertainty                                       0.10       0.10
  U_UART_TX/serializer/serializer_reg[5]/CK (DFFRQX2M)
                                                          0.00       0.10 r
  library hold time                                      -0.02       0.08
  data required time                                                 0.08
  --------------------------------------------------------------------------
  data required time                                                 0.08
  data arrival time                                                 -0.63
  --------------------------------------------------------------------------
  slack (MET)                                                        0.56


  Startpoint: U_UART_TX/serializer/serializer_reg[1]
              (rising edge-triggered flip-flop clocked by TX_CLK)
  Endpoint: U_UART_TX/serializer/serializer_reg[1]
            (rising edge-triggered flip-flop clocked by TX_CLK)
  Path Group: TX_CLK
  Path Type: min

  Point                                                   Incr       Path
  --------------------------------------------------------------------------
  clock TX_CLK (rise edge)                                0.00       0.00
  clock network delay (ideal)                             0.00       0.00
  U_UART_TX/serializer/serializer_reg[1]/CK (DFFRQX2M)
                                                          0.00       0.00 r
  U_UART_TX/serializer/serializer_reg[1]/Q (DFFRQX2M)     0.46       0.46 f
  U_UART_TX/serializer/U15/Y (OAI2B1X2M)                  0.17       0.63 f
  U_UART_TX/serializer/serializer_reg[1]/D (DFFRQX2M)     0.00       0.63 f
  data arrival time                                                  0.63

  clock TX_CLK (rise edge)                                0.00       0.00
  clock network delay (ideal)                             0.00       0.00
  clock uncertainty                                       0.10       0.10
  U_UART_TX/serializer/serializer_reg[1]/CK (DFFRQX2M)
                                                          0.00       0.10 r
  library hold time                                      -0.02       0.08
  data required time                                                 0.08
  --------------------------------------------------------------------------
  data required time                                                 0.08
  data arrival time                                                 -0.63
  --------------------------------------------------------------------------
  slack (MET)                                                        0.56


  Startpoint: U_UART_TX/serializer/serializer_reg[6]
              (rising edge-triggered flip-flop clocked by TX_CLK)
  Endpoint: U_UART_TX/serializer/serializer_reg[6]
            (rising edge-triggered flip-flop clocked by TX_CLK)
  Path Group: TX_CLK
  Path Type: min

  Point                                                   Incr       Path
  --------------------------------------------------------------------------
  clock TX_CLK (rise edge)                                0.00       0.00
  clock network delay (ideal)                             0.00       0.00
  U_UART_TX/serializer/serializer_reg[6]/CK (DFFRQX2M)
                                                          0.00       0.00 r
  U_UART_TX/serializer/serializer_reg[6]/Q (DFFRQX2M)     0.46       0.46 f
  U_UART_TX/serializer/U25/Y (OAI2B1X2M)                  0.17       0.63 f
  U_UART_TX/serializer/serializer_reg[6]/D (DFFRQX2M)     0.00       0.63 f
  data arrival time                                                  0.63

  clock TX_CLK (rise edge)                                0.00       0.00
  clock network delay (ideal)                             0.00       0.00
  clock uncertainty                                       0.10       0.10
  U_UART_TX/serializer/serializer_reg[6]/CK (DFFRQX2M)
                                                          0.00       0.10 r
  library hold time                                      -0.02       0.08
  data required time                                                 0.08
  --------------------------------------------------------------------------
  data required time                                                 0.08
  data arrival time                                                 -0.63
  --------------------------------------------------------------------------
  slack (MET)                                                        0.56


  Startpoint: U_UART_TX/serializer/serializer_reg[7]
              (rising edge-triggered flip-flop clocked by TX_CLK)
  Endpoint: U_UART_TX/serializer/serializer_reg[7]
            (rising edge-triggered flip-flop clocked by TX_CLK)
  Path Group: TX_CLK
  Path Type: min

  Point                                                   Incr       Path
  --------------------------------------------------------------------------
  clock TX_CLK (rise edge)                                0.00       0.00
  clock network delay (ideal)                             0.00       0.00
  U_UART_TX/serializer/serializer_reg[7]/CK (DFFRQX2M)
                                                          0.00       0.00 r
  U_UART_TX/serializer/serializer_reg[7]/Q (DFFRQX2M)     0.37       0.37 r
  U_UART_TX/serializer/U34/Y (AO2B2X2M)                   0.13       0.49 r
  U_UART_TX/serializer/serializer_reg[7]/D (DFFRQX2M)     0.00       0.49 r
  data arrival time                                                  0.49

  clock TX_CLK (rise edge)                                0.00       0.00
  clock network delay (ideal)                             0.00       0.00
  clock uncertainty                                       0.10       0.10
  U_UART_TX/serializer/serializer_reg[7]/CK (DFFRQX2M)
                                                          0.00       0.10 r
  library hold time                                      -0.17      -0.07
  data required time                                                -0.07
  --------------------------------------------------------------------------
  data required time                                                -0.07
  data arrival time                                                 -0.49
  --------------------------------------------------------------------------
  slack (MET)                                                        0.56


  Startpoint: U_UART_TX/fsm/Current_State_reg[0]
              (rising edge-triggered flip-flop clocked by TX_CLK)
  Endpoint: U_Pulse_Gen/Pulse_reg_reg[0]
            (rising edge-triggered flip-flop clocked by TX_CLK)
  Path Group: TX_CLK
  Path Type: min

  Point                                                   Incr       Path
  --------------------------------------------------------------------------
  clock TX_CLK (rise edge)                                0.00       0.00
  clock network delay (ideal)                             0.00       0.00
  U_UART_TX/fsm/Current_State_reg[0]/CK (DFFRX1M)         0.00       0.00 r
  U_UART_TX/fsm/Current_State_reg[0]/QN (DFFRX1M)         0.41       0.41 f
  U_UART_TX/fsm/U9/Y (NAND2X2M)                           0.16       0.57 r
  U_UART_TX/fsm/U5/Y (NAND2BX2M)                          0.07       0.64 f
  U_UART_TX/fsm/Busy (TX_FSM)                             0.00       0.64 f
  U_UART_TX/Busy (UART_TX)                                0.00       0.64 f
  U_Pulse_Gen/In_Sig (Pulse_Gen)                          0.00       0.64 f
  U_Pulse_Gen/Pulse_reg_reg[0]/D (DFFRQX2M)               0.00       0.64 f
  data arrival time                                                  0.64

  clock TX_CLK (rise edge)                                0.00       0.00
  clock network delay (ideal)                             0.00       0.00
  clock uncertainty                                       0.10       0.10
  U_Pulse_Gen/Pulse_reg_reg[0]/CK (DFFRQX2M)              0.00       0.10 r
  library hold time                                      -0.03       0.07
  data required time                                                 0.07
  --------------------------------------------------------------------------
  data required time                                                 0.07
  data arrival time                                                 -0.64
  --------------------------------------------------------------------------
  slack (MET)                                                        0.57


  Startpoint: U_ASYC_FIFO/SYNC_w2r/SYNC_reg[2][1]
              (rising edge-triggered flip-flop clocked by TX_CLK)
  Endpoint: U_ASYC_FIFO/Rptr_empty/R_empty_reg
            (rising edge-triggered flip-flop clocked by TX_CLK)
  Path Group: TX_CLK
  Path Type: min

  Point                                                   Incr       Path
  --------------------------------------------------------------------------
  clock TX_CLK (rise edge)                                0.00       0.00
  clock network delay (ideal)                             0.00       0.00
  U_ASYC_FIFO/SYNC_w2r/SYNC_reg[2][1]/CK (DFFRQX2M)       0.00       0.00 r
  U_ASYC_FIFO/SYNC_w2r/SYNC_reg[2][1]/Q (DFFRQX2M)        0.37       0.37 r
  U_ASYC_FIFO/SYNC_w2r/SYNC_addr[2] (SYNC_ADDR_WIDTH3_1)
                                                          0.00       0.37 r
  U_ASYC_FIFO/Rptr_empty/rq2_wptr[2] (Rptr_empty_ADDR_WIDTH3)
                                                          0.00       0.37 r
  U_ASYC_FIFO/Rptr_empty/U12/Y (CLKXOR2X2M)               0.15       0.52 r
  U_ASYC_FIFO/Rptr_empty/U10/Y (NOR4X1M)                  0.05       0.58 f
  U_ASYC_FIFO/Rptr_empty/R_empty_reg/D (DFFSQX2M)         0.00       0.58 f
  data arrival time                                                  0.58

  clock TX_CLK (rise edge)                                0.00       0.00
  clock network delay (ideal)                             0.00       0.00
  clock uncertainty                                       0.10       0.10
  U_ASYC_FIFO/Rptr_empty/R_empty_reg/CK (DFFSQX2M)        0.00       0.10 r
  library hold time                                      -0.10       0.00
  data required time                                                 0.00
  --------------------------------------------------------------------------
  data required time                                                 0.00
  data arrival time                                                 -0.58
  --------------------------------------------------------------------------
  slack (MET)                                                        0.57


  Startpoint: U_ASYC_FIFO/Rptr_empty/R_empty_reg
              (rising edge-triggered flip-flop clocked by TX_CLK)
  Endpoint: U_UART_TX/parit_calc/par_bit_reg
            (rising edge-triggered flip-flop clocked by TX_CLK)
  Path Group: TX_CLK
  Path Type: min

  Point                                                   Incr       Path
  --------------------------------------------------------------------------
  clock TX_CLK (rise edge)                                0.00       0.00
  clock network delay (ideal)                             0.00       0.00
  U_ASYC_FIFO/Rptr_empty/R_empty_reg/CK (DFFSQX2M)        0.00       0.00 r
  U_ASYC_FIFO/Rptr_empty/R_empty_reg/Q (DFFSQX2M)         0.42       0.42 r
  U_ASYC_FIFO/Rptr_empty/R_empty (Rptr_empty_ADDR_WIDTH3)
                                                          0.00       0.42 r
  U_ASYC_FIFO/EMPTY (ASYC_FIFO)                           0.00       0.42 r
  U6/Y (INVX2M)                                           0.06       0.49 f
  U_UART_TX/Data_Valid (UART_TX)                          0.00       0.49 f
  U_UART_TX/parit_calc/Data_Valid (Parity_Calc)           0.00       0.49 f
  U_UART_TX/parit_calc/U6/Y (NAND2BX2M)                   0.07       0.56 r
  U_UART_TX/parit_calc/U5/Y (OAI2BB2X1M)                  0.09       0.65 f
  U_UART_TX/parit_calc/par_bit_reg/D (DFFRQX2M)           0.00       0.65 f
  data arrival time                                                  0.65

  clock TX_CLK (rise edge)                                0.00       0.00
  clock network delay (ideal)                             0.00       0.00
  clock uncertainty                                       0.10       0.10
  U_UART_TX/parit_calc/par_bit_reg/CK (DFFRQX2M)          0.00       0.10 r
  library hold time                                      -0.03       0.07
  data required time                                                 0.07
  --------------------------------------------------------------------------
  data required time                                                 0.07
  data arrival time                                                 -0.65
  --------------------------------------------------------------------------
  slack (MET)                                                        0.57


  Startpoint: U_ASYC_FIFO/Rptr_empty/R_empty_reg
              (rising edge-triggered flip-flop clocked by TX_CLK)
  Endpoint: U_ASYC_FIFO/Rptr_empty/R_bin_reg[0]
            (rising edge-triggered flip-flop clocked by TX_CLK)
  Path Group: TX_CLK
  Path Type: min

  Point                                                   Incr       Path
  --------------------------------------------------------------------------
  clock TX_CLK (rise edge)                                0.00       0.00
  clock network delay (ideal)                             0.00       0.00
  U_ASYC_FIFO/Rptr_empty/R_empty_reg/CK (DFFSQX2M)        0.00       0.00 r
  U_ASYC_FIFO/Rptr_empty/R_empty_reg/Q (DFFSQX2M)         0.42       0.42 r
  U_ASYC_FIFO/Rptr_empty/U14/Y (NOR2BX2M)                 0.06       0.49 f
  U_ASYC_FIFO/Rptr_empty/U18/Y (CLKXOR2X2M)               0.17       0.65 f
  U_ASYC_FIFO/Rptr_empty/R_bin_reg[0]/D (DFFRQX2M)        0.00       0.65 f
  data arrival time                                                  0.65

  clock TX_CLK (rise edge)                                0.00       0.00
  clock network delay (ideal)                             0.00       0.00
  clock uncertainty                                       0.10       0.10
  U_ASYC_FIFO/Rptr_empty/R_bin_reg[0]/CK (DFFRQX2M)       0.00       0.10 r
  library hold time                                      -0.03       0.07
  data required time                                                 0.07
  --------------------------------------------------------------------------
  data required time                                                 0.07
  data arrival time                                                 -0.65
  --------------------------------------------------------------------------
  slack (MET)                                                        0.59


  Startpoint: U_ASYC_FIFO/Rptr_empty/R_bin_reg[3]
              (rising edge-triggered flip-flop clocked by TX_CLK)
  Endpoint: U_ASYC_FIFO/Rptr_empty/R_ptr_reg[2]
            (rising edge-triggered flip-flop clocked by TX_CLK)
  Path Group: TX_CLK
  Path Type: min

  Point                                                   Incr       Path
  --------------------------------------------------------------------------
  clock TX_CLK (rise edge)                                0.00       0.00
  clock network delay (ideal)                             0.00       0.00
  U_ASYC_FIFO/Rptr_empty/R_bin_reg[3]/CK (DFFRQX2M)       0.00       0.00 r
  U_ASYC_FIFO/Rptr_empty/R_bin_reg[3]/Q (DFFRQX2M)        0.36       0.36 r
  U_ASYC_FIFO/Rptr_empty/U6/Y (XNOR2X2M)                  0.12       0.49 f
  U_ASYC_FIFO/Rptr_empty/U3/Y (CLKXOR2X2M)                0.18       0.67 f
  U_ASYC_FIFO/Rptr_empty/R_ptr_reg[2]/D (DFFRQX2M)        0.00       0.67 f
  data arrival time                                                  0.67

  clock TX_CLK (rise edge)                                0.00       0.00
  clock network delay (ideal)                             0.00       0.00
  clock uncertainty                                       0.10       0.10
  U_ASYC_FIFO/Rptr_empty/R_ptr_reg[2]/CK (DFFRQX2M)       0.00       0.10 r
  library hold time                                      -0.03       0.07
  data required time                                                 0.07
  --------------------------------------------------------------------------
  data required time                                                 0.07
  data arrival time                                                 -0.67
  --------------------------------------------------------------------------
  slack (MET)                                                        0.60


  Startpoint: U_UART_TX/fsm/Current_State_reg[0]
              (rising edge-triggered flip-flop clocked by TX_CLK)
  Endpoint: U_UART_TX/fsm/Current_State_reg[1]
            (rising edge-triggered flip-flop clocked by TX_CLK)
  Path Group: TX_CLK
  Path Type: min

  Point                                                   Incr       Path
  --------------------------------------------------------------------------
  clock TX_CLK (rise edge)                                0.00       0.00
  clock network delay (ideal)                             0.00       0.00
  U_UART_TX/fsm/Current_State_reg[0]/CK (DFFRX1M)         0.00       0.00 r
  U_UART_TX/fsm/Current_State_reg[0]/QN (DFFRX1M)         0.43       0.43 r
  U_UART_TX/fsm/U10/Y (NOR2X2M)                           0.09       0.52 f
  U_UART_TX/fsm/U6/Y (OR2X2M)                             0.15       0.67 f
  U_UART_TX/fsm/Current_State_reg[1]/D (DFFRQX2M)         0.00       0.67 f
  data arrival time                                                  0.67

  clock TX_CLK (rise edge)                                0.00       0.00
  clock network delay (ideal)                             0.00       0.00
  clock uncertainty                                       0.10       0.10
  U_UART_TX/fsm/Current_State_reg[1]/CK (DFFRQX2M)        0.00       0.10 r
  library hold time                                      -0.03       0.07
  data required time                                                 0.07
  --------------------------------------------------------------------------
  data required time                                                 0.07
  data arrival time                                                 -0.67
  --------------------------------------------------------------------------
  slack (MET)                                                        0.60


  Startpoint: U_UART_TX/serializer/count_reg[3]
              (rising edge-triggered flip-flop clocked by TX_CLK)
  Endpoint: U_UART_TX/serializer/count_reg[3]
            (rising edge-triggered flip-flop clocked by TX_CLK)
  Path Group: TX_CLK
  Path Type: min

  Point                                                   Incr       Path
  --------------------------------------------------------------------------
  clock TX_CLK (rise edge)                                0.00       0.00
  clock network delay (ideal)                             0.00       0.00
  U_UART_TX/serializer/count_reg[3]/CK (DFFRQX2M)         0.00       0.00 r
  U_UART_TX/serializer/count_reg[3]/Q (DFFRQX2M)          0.39       0.39 r
  U_UART_TX/serializer/U10/Y (AO22X1M)                    0.16       0.55 r
  U_UART_TX/serializer/count_reg[3]/D (DFFRQX2M)          0.00       0.55 r
  data arrival time                                                  0.55

  clock TX_CLK (rise edge)                                0.00       0.00
  clock network delay (ideal)                             0.00       0.00
  clock uncertainty                                       0.10       0.10
  U_UART_TX/serializer/count_reg[3]/CK (DFFRQX2M)         0.00       0.10 r
  library hold time                                      -0.17      -0.07
  data required time                                                -0.07
  --------------------------------------------------------------------------
  data required time                                                -0.07
  data arrival time                                                 -0.55
  --------------------------------------------------------------------------
  slack (MET)                                                        0.62


  Startpoint: U_ASYC_FIFO/Rptr_empty/R_bin_reg[0]
              (rising edge-triggered flip-flop clocked by TX_CLK)
  Endpoint: U_ASYC_FIFO/Rptr_empty/R_bin_reg[2]
            (rising edge-triggered flip-flop clocked by TX_CLK)
  Path Group: TX_CLK
  Path Type: min

  Point                                                   Incr       Path
  --------------------------------------------------------------------------
  clock TX_CLK (rise edge)                                0.00       0.00
  clock network delay (ideal)                             0.00       0.00
  U_ASYC_FIFO/Rptr_empty/R_bin_reg[0]/CK (DFFRQX2M)       0.00       0.00 r
  U_ASYC_FIFO/Rptr_empty/R_bin_reg[0]/Q (DFFRQX2M)        0.39       0.39 r
  U_ASYC_FIFO/Rptr_empty/U15/Y (AND2X2M)                  0.18       0.57 r
  U_ASYC_FIFO/Rptr_empty/U9/Y (NAND2X2M)                  0.07       0.64 f
  U_ASYC_FIFO/Rptr_empty/U8/Y (XNOR2X2M)                  0.13       0.78 f
  U_ASYC_FIFO/Rptr_empty/R_bin_reg[2]/D (DFFRQX2M)        0.00       0.78 f
  data arrival time                                                  0.78

  clock TX_CLK (rise edge)                                0.00       0.00
  clock network delay (ideal)                             0.00       0.00
  clock uncertainty                                       0.10       0.10
  U_ASYC_FIFO/Rptr_empty/R_bin_reg[2]/CK (DFFRQX2M)       0.00       0.10 r
  library hold time                                      -0.03       0.07
  data required time                                                 0.07
  --------------------------------------------------------------------------
  data required time                                                 0.07
  data arrival time                                                 -0.78
  --------------------------------------------------------------------------
  slack (MET)                                                        0.71


  Startpoint: U_ASYC_FIFO/Rptr_empty/R_bin_reg[0]
              (rising edge-triggered flip-flop clocked by TX_CLK)
  Endpoint: U_ASYC_FIFO/Rptr_empty/R_bin_reg[1]
            (rising edge-triggered flip-flop clocked by TX_CLK)
  Path Group: TX_CLK
  Path Type: min

  Point                                                   Incr       Path
  --------------------------------------------------------------------------
  clock TX_CLK (rise edge)                                0.00       0.00
  clock network delay (ideal)                             0.00       0.00
  U_ASYC_FIFO/Rptr_empty/R_bin_reg[0]/CK (DFFRQX2M)       0.00       0.00 r
  U_ASYC_FIFO/Rptr_empty/R_bin_reg[0]/Q (DFFRQX2M)        0.39       0.39 r
  U_ASYC_FIFO/Rptr_empty/U15/Y (AND2X2M)                  0.18       0.57 r
  U_ASYC_FIFO/Rptr_empty/U17/Y (CLKXOR2X2M)               0.26       0.83 f
  U_ASYC_FIFO/Rptr_empty/R_bin_reg[1]/D (DFFRQX2M)        0.00       0.83 f
  data arrival time                                                  0.83

  clock TX_CLK (rise edge)                                0.00       0.00
  clock network delay (ideal)                             0.00       0.00
  clock uncertainty                                       0.10       0.10
  U_ASYC_FIFO/Rptr_empty/R_bin_reg[1]/CK (DFFRQX2M)       0.00       0.10 r
  library hold time                                      -0.04       0.06
  data required time                                                 0.06
  --------------------------------------------------------------------------
  data required time                                                 0.06
  data arrival time                                                 -0.83
  --------------------------------------------------------------------------
  slack (MET)                                                        0.77


  Startpoint: U_ASYC_FIFO/Rptr_empty/R_empty_reg
              (rising edge-triggered flip-flop clocked by TX_CLK)
  Endpoint: U_ASYC_FIFO/Rptr_empty/R_ptr_reg[0]
            (rising edge-triggered flip-flop clocked by TX_CLK)
  Path Group: TX_CLK
  Path Type: min

  Point                                                   Incr       Path
  --------------------------------------------------------------------------
  clock TX_CLK (rise edge)                                0.00       0.00
  clock network delay (ideal)                             0.00       0.00
  U_ASYC_FIFO/Rptr_empty/R_empty_reg/CK (DFFSQX2M)        0.00       0.00 r
  U_ASYC_FIFO/Rptr_empty/R_empty_reg/Q (DFFSQX2M)         0.42       0.42 r
  U_ASYC_FIFO/Rptr_empty/U14/Y (NOR2BX2M)                 0.06       0.49 f
  U_ASYC_FIFO/Rptr_empty/U18/Y (CLKXOR2X2M)               0.17       0.65 f
  U_ASYC_FIFO/Rptr_empty/U5/Y (CLKXOR2X2M)                0.23       0.89 f
  U_ASYC_FIFO/Rptr_empty/R_ptr_reg[0]/D (DFFRQX2M)        0.00       0.89 f
  data arrival time                                                  0.89

  clock TX_CLK (rise edge)                                0.00       0.00
  clock network delay (ideal)                             0.00       0.00
  clock uncertainty                                       0.10       0.10
  U_ASYC_FIFO/Rptr_empty/R_ptr_reg[0]/CK (DFFRQX2M)       0.00       0.10 r
  library hold time                                      -0.03       0.07
  data required time                                                 0.07
  --------------------------------------------------------------------------
  data required time                                                 0.07
  data arrival time                                                 -0.89
  --------------------------------------------------------------------------
  slack (MET)                                                        0.82


  Startpoint: U_ASYC_FIFO/Rptr_empty/R_bin_reg[0]
              (rising edge-triggered flip-flop clocked by TX_CLK)
  Endpoint: U_ASYC_FIFO/Rptr_empty/R_ptr_reg[1]
            (rising edge-triggered flip-flop clocked by TX_CLK)
  Path Group: TX_CLK
  Path Type: min

  Point                                                   Incr       Path
  --------------------------------------------------------------------------
  clock TX_CLK (rise edge)                                0.00       0.00
  clock network delay (ideal)                             0.00       0.00
  U_ASYC_FIFO/Rptr_empty/R_bin_reg[0]/CK (DFFRQX2M)       0.00       0.00 r
  U_ASYC_FIFO/Rptr_empty/R_bin_reg[0]/Q (DFFRQX2M)        0.39       0.39 r
  U_ASYC_FIFO/Rptr_empty/U15/Y (AND2X2M)                  0.18       0.57 r
  U_ASYC_FIFO/Rptr_empty/U9/Y (NAND2X2M)                  0.07       0.64 f
  U_ASYC_FIFO/Rptr_empty/U8/Y (XNOR2X2M)                  0.13       0.78 f
  U_ASYC_FIFO/Rptr_empty/U4/Y (CLKXOR2X2M)                0.18       0.96 f
  U_ASYC_FIFO/Rptr_empty/R_ptr_reg[1]/D (DFFRQX2M)        0.00       0.96 f
  data arrival time                                                  0.96

  clock TX_CLK (rise edge)                                0.00       0.00
  clock network delay (ideal)                             0.00       0.00
  clock uncertainty                                       0.10       0.10
  U_ASYC_FIFO/Rptr_empty/R_ptr_reg[1]/CK (DFFRQX2M)       0.00       0.10 r
  library hold time                                      -0.03       0.07
  data required time                                                 0.07
  --------------------------------------------------------------------------
  data required time                                                 0.07
  data arrival time                                                 -0.96
  --------------------------------------------------------------------------
  slack (MET)                                                        0.89


  Startpoint: RST_SYNC_2/Sync_reg[0]/CK
              (internal path startpoint clocked by UART_CLK)
  Endpoint: RST_SYNC_2/Sync_reg[1]
            (rising edge-triggered flip-flop clocked by UART_CLK)
  Path Group: UART_CLK
  Path Type: min

  Point                                                   Incr       Path
  --------------------------------------------------------------------------
  clock UART_CLK (rise edge)                              0.00       0.00
  clock network delay (ideal)                             0.00       0.00
  input external delay                                    0.00       0.00 r
  RST_SYNC_2/Sync_reg[0]/CK (DFFRQX2M)                    0.00       0.00 r
  RST_SYNC_2/Sync_reg[0]/Q (DFFRQX2M)                     0.46       0.46 f
  RST_SYNC_2/Sync_reg[1]/D (DFFRQX2M)                     0.00       0.46 f
  data arrival time                                                  0.46

  clock UART_CLK (rise edge)                              0.00       0.00
  clock network delay (ideal)                             0.00       0.00
  clock uncertainty                                       0.10       0.10
  RST_SYNC_2/Sync_reg[1]/CK (DFFRQX2M)                    0.00       0.10 r
  library hold time                                      -0.02       0.08
  data required time                                                 0.08
  --------------------------------------------------------------------------
  data required time                                                 0.08
  data arrival time                                                 -0.46
  --------------------------------------------------------------------------
  slack (MET)                                                        0.38


  Startpoint: RX_ClkDiv/Counter_reg[0]
              (rising edge-triggered flip-flop clocked by UART_CLK)
  Endpoint: RX_ClkDiv/Counter_reg[1]
            (rising edge-triggered flip-flop clocked by UART_CLK)
  Path Group: UART_CLK
  Path Type: min

  Point                                                   Incr       Path
  --------------------------------------------------------------------------
  clock UART_CLK (rise edge)                              0.00       0.00
  clock network delay (ideal)                             0.00       0.00
  RX_ClkDiv/Counter_reg[0]/CK (DFFRQX2M)                  0.00       0.00 r
  RX_ClkDiv/Counter_reg[0]/Q (DFFRQX2M)                   0.40       0.40 r
  RX_ClkDiv/add_65/A[0] (ClkDiv_0_DW01_inc_0)             0.00       0.40 r
  RX_ClkDiv/add_65/U1_1_1/S (ADDHX1M)                     0.06       0.45 f
  RX_ClkDiv/add_65/SUM[1] (ClkDiv_0_DW01_inc_0)           0.00       0.45 f
  RX_ClkDiv/U33/Y (NOR2BX1M)                              0.15       0.61 f
  RX_ClkDiv/Counter_reg[1]/D (DFFRQX2M)                   0.00       0.61 f
  data arrival time                                                  0.61

  clock UART_CLK (rise edge)                              0.00       0.00
  clock network delay (ideal)                             0.00       0.00
  clock uncertainty                                       0.10       0.10
  RX_ClkDiv/Counter_reg[1]/CK (DFFRQX2M)                  0.00       0.10 r
  library hold time                                      -0.02       0.08
  data required time                                                 0.08
  --------------------------------------------------------------------------
  data required time                                                 0.08
  data arrival time                                                 -0.61
  --------------------------------------------------------------------------
  slack (MET)                                                        0.52


  Startpoint: TX_ClkDiv/Counter_reg[0]
              (rising edge-triggered flip-flop clocked by UART_CLK)
  Endpoint: TX_ClkDiv/Counter_reg[1]
            (rising edge-triggered flip-flop clocked by UART_CLK)
  Path Group: UART_CLK
  Path Type: min

  Point                                                   Incr       Path
  --------------------------------------------------------------------------
  clock UART_CLK (rise edge)                              0.00       0.00
  clock network delay (ideal)                             0.00       0.00
  TX_ClkDiv/Counter_reg[0]/CK (DFFRQX2M)                  0.00       0.00 r
  TX_ClkDiv/Counter_reg[0]/Q (DFFRQX2M)                   0.40       0.40 r
  TX_ClkDiv/add_65/A[0] (ClkDiv_1_DW01_inc_0)             0.00       0.40 r
  TX_ClkDiv/add_65/U1_1_1/S (ADDHX1M)                     0.06       0.45 f
  TX_ClkDiv/add_65/SUM[1] (ClkDiv_1_DW01_inc_0)           0.00       0.45 f
  TX_ClkDiv/U33/Y (NOR2BX1M)                              0.15       0.61 f
  TX_ClkDiv/Counter_reg[1]/D (DFFRQX2M)                   0.00       0.61 f
  data arrival time                                                  0.61

  clock UART_CLK (rise edge)                              0.00       0.00
  clock network delay (ideal)                             0.00       0.00
  clock uncertainty                                       0.10       0.10
  TX_ClkDiv/Counter_reg[1]/CK (DFFRQX2M)                  0.00       0.10 r
  library hold time                                      -0.02       0.08
  data required time                                                 0.08
  --------------------------------------------------------------------------
  data required time                                                 0.08
  data arrival time                                                 -0.61
  --------------------------------------------------------------------------
  slack (MET)                                                        0.52


  Startpoint: RX_ClkDiv/Counter_reg[0]
              (rising edge-triggered flip-flop clocked by UART_CLK)
  Endpoint: RX_ClkDiv/Counter_reg[0]
            (rising edge-triggered flip-flop clocked by UART_CLK)
  Path Group: UART_CLK
  Path Type: min

  Point                                                   Incr       Path
  --------------------------------------------------------------------------
  clock UART_CLK (rise edge)                              0.00       0.00
  clock network delay (ideal)                             0.00       0.00
  RX_ClkDiv/Counter_reg[0]/CK (DFFRQX2M)                  0.00       0.00 r
  RX_ClkDiv/Counter_reg[0]/Q (DFFRQX2M)                   0.40       0.40 r
  RX_ClkDiv/add_65/A[0] (ClkDiv_0_DW01_inc_0)             0.00       0.40 r
  RX_ClkDiv/add_65/U2/Y (CLKINVX1M)                       0.06       0.46 f
  RX_ClkDiv/add_65/SUM[0] (ClkDiv_0_DW01_inc_0)           0.00       0.46 f
  RX_ClkDiv/U34/Y (NOR2BX1M)                              0.15       0.61 f
  RX_ClkDiv/Counter_reg[0]/D (DFFRQX2M)                   0.00       0.61 f
  data arrival time                                                  0.61

  clock UART_CLK (rise edge)                              0.00       0.00
  clock network delay (ideal)                             0.00       0.00
  clock uncertainty                                       0.10       0.10
  RX_ClkDiv/Counter_reg[0]/CK (DFFRQX2M)                  0.00       0.10 r
  library hold time                                      -0.02       0.08
  data required time                                                 0.08
  --------------------------------------------------------------------------
  data required time                                                 0.08
  data arrival time                                                 -0.61
  --------------------------------------------------------------------------
  slack (MET)                                                        0.53


  Startpoint: TX_ClkDiv/Counter_reg[0]
              (rising edge-triggered flip-flop clocked by UART_CLK)
  Endpoint: TX_ClkDiv/Counter_reg[0]
            (rising edge-triggered flip-flop clocked by UART_CLK)
  Path Group: UART_CLK
  Path Type: min

  Point                                                   Incr       Path
  --------------------------------------------------------------------------
  clock UART_CLK (rise edge)                              0.00       0.00
  clock network delay (ideal)                             0.00       0.00
  TX_ClkDiv/Counter_reg[0]/CK (DFFRQX2M)                  0.00       0.00 r
  TX_ClkDiv/Counter_reg[0]/Q (DFFRQX2M)                   0.40       0.40 r
  TX_ClkDiv/add_65/A[0] (ClkDiv_1_DW01_inc_0)             0.00       0.40 r
  TX_ClkDiv/add_65/U2/Y (CLKINVX1M)                       0.06       0.46 f
  TX_ClkDiv/add_65/SUM[0] (ClkDiv_1_DW01_inc_0)           0.00       0.46 f
  TX_ClkDiv/U34/Y (NOR2BX1M)                              0.15       0.61 f
  TX_ClkDiv/Counter_reg[0]/D (DFFRQX2M)                   0.00       0.61 f
  data arrival time                                                  0.61

  clock UART_CLK (rise edge)                              0.00       0.00
  clock network delay (ideal)                             0.00       0.00
  clock uncertainty                                       0.10       0.10
  TX_ClkDiv/Counter_reg[0]/CK (DFFRQX2M)                  0.00       0.10 r
  library hold time                                      -0.02       0.08
  data required time                                                 0.08
  --------------------------------------------------------------------------
  data required time                                                 0.08
  data arrival time                                                 -0.61
  --------------------------------------------------------------------------
  slack (MET)                                                        0.53


  Startpoint: TX_ClkDiv/div_clk_reg
              (rising edge-triggered flip-flop clocked by UART_CLK)
  Endpoint: TX_ClkDiv/div_clk_reg
            (rising edge-triggered flip-flop clocked by UART_CLK)
  Path Group: UART_CLK
  Path Type: min

  Point                                    Incr       Path
  -----------------------------------------------------------
  clock UART_CLK (rise edge)               0.00       0.00
  clock network delay (ideal)              0.00       0.00
  TX_ClkDiv/div_clk_reg/CK (DFFRQX2M)      0.00       0.00 r
  TX_ClkDiv/div_clk_reg/Q (DFFRQX2M)       0.42       0.42 r
  TX_ClkDiv/U27/Y (MXI2X1M)                0.13       0.56 r
  TX_ClkDiv/U26/Y (NOR2X1M)                0.06       0.62 f
  TX_ClkDiv/div_clk_reg/D (DFFRQX2M)       0.00       0.62 f
  data arrival time                                   0.62

  clock UART_CLK (rise edge)               0.00       0.00
  clock network delay (ideal)              0.00       0.00
  clock uncertainty                        0.10       0.10
  TX_ClkDiv/div_clk_reg/CK (DFFRQX2M)      0.00       0.10 r
  library hold time                       -0.01       0.09
  data required time                                  0.09
  -----------------------------------------------------------
  data required time                                  0.09
  data arrival time                                  -0.62
  -----------------------------------------------------------
  slack (MET)                                         0.54


  Startpoint: RX_ClkDiv/div_clk_reg
              (rising edge-triggered flip-flop clocked by UART_CLK)
  Endpoint: RX_ClkDiv/div_clk_reg
            (rising edge-triggered flip-flop clocked by UART_CLK)
  Path Group: UART_CLK
  Path Type: min

  Point                                    Incr       Path
  -----------------------------------------------------------
  clock UART_CLK (rise edge)               0.00       0.00
  clock network delay (ideal)              0.00       0.00
  RX_ClkDiv/div_clk_reg/CK (DFFRQX2M)      0.00       0.00 r
  RX_ClkDiv/div_clk_reg/Q (DFFRQX2M)       0.42       0.42 r
  RX_ClkDiv/U27/Y (MXI2X1M)                0.13       0.56 r
  RX_ClkDiv/U26/Y (NOR2X1M)                0.06       0.62 f
  RX_ClkDiv/div_clk_reg/D (DFFRQX2M)       0.00       0.62 f
  data arrival time                                   0.62

  clock UART_CLK (rise edge)               0.00       0.00
  clock network delay (ideal)              0.00       0.00
  clock uncertainty                        0.10       0.10
  RX_ClkDiv/div_clk_reg/CK (DFFRQX2M)      0.00       0.10 r
  library hold time                       -0.01       0.09
  data required time                                  0.09
  -----------------------------------------------------------
  data required time                                  0.09
  data arrival time                                  -0.62
  -----------------------------------------------------------
  slack (MET)                                         0.54


  Startpoint: RX_ClkDiv/Counter_reg[4]
              (rising edge-triggered flip-flop clocked by UART_CLK)
  Endpoint: RX_ClkDiv/Counter_reg[4]
            (rising edge-triggered flip-flop clocked by UART_CLK)
  Path Group: UART_CLK
  Path Type: min

  Point                                                   Incr       Path
  --------------------------------------------------------------------------
  clock UART_CLK (rise edge)                              0.00       0.00
  clock network delay (ideal)                             0.00       0.00
  RX_ClkDiv/Counter_reg[4]/CK (DFFRQX2M)                  0.00       0.00 r
  RX_ClkDiv/Counter_reg[4]/Q (DFFRQX2M)                   0.41       0.41 r
  RX_ClkDiv/add_65/A[4] (ClkDiv_0_DW01_inc_0)             0.00       0.41 r
  RX_ClkDiv/add_65/U1_1_4/S (ADDHX1M)                     0.09       0.50 f
  RX_ClkDiv/add_65/SUM[4] (ClkDiv_0_DW01_inc_0)           0.00       0.50 f
  RX_ClkDiv/U30/Y (NOR2BX1M)                              0.15       0.65 f
  RX_ClkDiv/Counter_reg[4]/D (DFFRQX2M)                   0.00       0.65 f
  data arrival time                                                  0.65

  clock UART_CLK (rise edge)                              0.00       0.00
  clock network delay (ideal)                             0.00       0.00
  clock uncertainty                                       0.10       0.10
  RX_ClkDiv/Counter_reg[4]/CK (DFFRQX2M)                  0.00       0.10 r
  library hold time                                      -0.02       0.08
  data required time                                                 0.08
  --------------------------------------------------------------------------
  data required time                                                 0.08
  data arrival time                                                 -0.65
  --------------------------------------------------------------------------
  slack (MET)                                                        0.57


  Startpoint: TX_ClkDiv/Counter_reg[4]
              (rising edge-triggered flip-flop clocked by UART_CLK)
  Endpoint: TX_ClkDiv/Counter_reg[4]
            (rising edge-triggered flip-flop clocked by UART_CLK)
  Path Group: UART_CLK
  Path Type: min

  Point                                                   Incr       Path
  --------------------------------------------------------------------------
  clock UART_CLK (rise edge)                              0.00       0.00
  clock network delay (ideal)                             0.00       0.00
  TX_ClkDiv/Counter_reg[4]/CK (DFFRQX2M)                  0.00       0.00 r
  TX_ClkDiv/Counter_reg[4]/Q (DFFRQX2M)                   0.41       0.41 r
  TX_ClkDiv/add_65/A[4] (ClkDiv_1_DW01_inc_0)             0.00       0.41 r
  TX_ClkDiv/add_65/U1_1_4/S (ADDHX1M)                     0.09       0.50 f
  TX_ClkDiv/add_65/SUM[4] (ClkDiv_1_DW01_inc_0)           0.00       0.50 f
  TX_ClkDiv/U30/Y (NOR2BX1M)                              0.15       0.65 f
  TX_ClkDiv/Counter_reg[4]/D (DFFRQX2M)                   0.00       0.65 f
  data arrival time                                                  0.65

  clock UART_CLK (rise edge)                              0.00       0.00
  clock network delay (ideal)                             0.00       0.00
  clock uncertainty                                       0.10       0.10
  TX_ClkDiv/Counter_reg[4]/CK (DFFRQX2M)                  0.00       0.10 r
  library hold time                                      -0.02       0.08
  data required time                                                 0.08
  --------------------------------------------------------------------------
  data required time                                                 0.08
  data arrival time                                                 -0.65
  --------------------------------------------------------------------------
  slack (MET)                                                        0.57


  Startpoint: RX_ClkDiv/Counter_reg[3]
              (rising edge-triggered flip-flop clocked by UART_CLK)
  Endpoint: RX_ClkDiv/Counter_reg[3]
            (rising edge-triggered flip-flop clocked by UART_CLK)
  Path Group: UART_CLK
  Path Type: min

  Point                                                   Incr       Path
  --------------------------------------------------------------------------
  clock UART_CLK (rise edge)                              0.00       0.00
  clock network delay (ideal)                             0.00       0.00
  RX_ClkDiv/Counter_reg[3]/CK (DFFRQX2M)                  0.00       0.00 r
  RX_ClkDiv/Counter_reg[3]/Q (DFFRQX2M)                   0.42       0.42 r
  RX_ClkDiv/add_65/A[3] (ClkDiv_0_DW01_inc_0)             0.00       0.42 r
  RX_ClkDiv/add_65/U1_1_3/S (ADDHX1M)                     0.10       0.51 f
  RX_ClkDiv/add_65/SUM[3] (ClkDiv_0_DW01_inc_0)           0.00       0.51 f
  RX_ClkDiv/U31/Y (NOR2BX1M)                              0.15       0.66 f
  RX_ClkDiv/Counter_reg[3]/D (DFFRQX2M)                   0.00       0.66 f
  data arrival time                                                  0.66

  clock UART_CLK (rise edge)                              0.00       0.00
  clock network delay (ideal)                             0.00       0.00
  clock uncertainty                                       0.10       0.10
  RX_ClkDiv/Counter_reg[3]/CK (DFFRQX2M)                  0.00       0.10 r
  library hold time                                      -0.02       0.08
  data required time                                                 0.08
  --------------------------------------------------------------------------
  data required time                                                 0.08
  data arrival time                                                 -0.66
  --------------------------------------------------------------------------
  slack (MET)                                                        0.58


  Startpoint: TX_ClkDiv/Counter_reg[3]
              (rising edge-triggered flip-flop clocked by UART_CLK)
  Endpoint: TX_ClkDiv/Counter_reg[3]
            (rising edge-triggered flip-flop clocked by UART_CLK)
  Path Group: UART_CLK
  Path Type: min

  Point                                                   Incr       Path
  --------------------------------------------------------------------------
  clock UART_CLK (rise edge)                              0.00       0.00
  clock network delay (ideal)                             0.00       0.00
  TX_ClkDiv/Counter_reg[3]/CK (DFFRQX2M)                  0.00       0.00 r
  TX_ClkDiv/Counter_reg[3]/Q (DFFRQX2M)                   0.42       0.42 r
  TX_ClkDiv/add_65/A[3] (ClkDiv_1_DW01_inc_0)             0.00       0.42 r
  TX_ClkDiv/add_65/U1_1_3/S (ADDHX1M)                     0.10       0.51 f
  TX_ClkDiv/add_65/SUM[3] (ClkDiv_1_DW01_inc_0)           0.00       0.51 f
  TX_ClkDiv/U31/Y (NOR2BX1M)                              0.15       0.66 f
  TX_ClkDiv/Counter_reg[3]/D (DFFRQX2M)                   0.00       0.66 f
  data arrival time                                                  0.66

  clock UART_CLK (rise edge)                              0.00       0.00
  clock network delay (ideal)                             0.00       0.00
  clock uncertainty                                       0.10       0.10
  TX_ClkDiv/Counter_reg[3]/CK (DFFRQX2M)                  0.00       0.10 r
  library hold time                                      -0.02       0.08
  data required time                                                 0.08
  --------------------------------------------------------------------------
  data required time                                                 0.08
  data arrival time                                                 -0.66
  --------------------------------------------------------------------------
  slack (MET)                                                        0.58


  Startpoint: RX_ClkDiv/Counter_reg[2]
              (rising edge-triggered flip-flop clocked by UART_CLK)
  Endpoint: RX_ClkDiv/Counter_reg[2]
            (rising edge-triggered flip-flop clocked by UART_CLK)
  Path Group: UART_CLK
  Path Type: min

  Point                                                   Incr       Path
  --------------------------------------------------------------------------
  clock UART_CLK (rise edge)                              0.00       0.00
  clock network delay (ideal)                             0.00       0.00
  RX_ClkDiv/Counter_reg[2]/CK (DFFRQX2M)                  0.00       0.00 r
  RX_ClkDiv/Counter_reg[2]/Q (DFFRQX2M)                   0.42       0.42 r
  RX_ClkDiv/add_65/A[2] (ClkDiv_0_DW01_inc_0)             0.00       0.42 r
  RX_ClkDiv/add_65/U1_1_2/S (ADDHX1M)                     0.10       0.51 f
  RX_ClkDiv/add_65/SUM[2] (ClkDiv_0_DW01_inc_0)           0.00       0.51 f
  RX_ClkDiv/U32/Y (NOR2BX1M)                              0.15       0.66 f
  RX_ClkDiv/Counter_reg[2]/D (DFFRQX2M)                   0.00       0.66 f
  data arrival time                                                  0.66

  clock UART_CLK (rise edge)                              0.00       0.00
  clock network delay (ideal)                             0.00       0.00
  clock uncertainty                                       0.10       0.10
  RX_ClkDiv/Counter_reg[2]/CK (DFFRQX2M)                  0.00       0.10 r
  library hold time                                      -0.02       0.08
  data required time                                                 0.08
  --------------------------------------------------------------------------
  data required time                                                 0.08
  data arrival time                                                 -0.66
  --------------------------------------------------------------------------
  slack (MET)                                                        0.58


  Startpoint: TX_ClkDiv/Counter_reg[2]
              (rising edge-triggered flip-flop clocked by UART_CLK)
  Endpoint: TX_ClkDiv/Counter_reg[2]
            (rising edge-triggered flip-flop clocked by UART_CLK)
  Path Group: UART_CLK
  Path Type: min

  Point                                                   Incr       Path
  --------------------------------------------------------------------------
  clock UART_CLK (rise edge)                              0.00       0.00
  clock network delay (ideal)                             0.00       0.00
  TX_ClkDiv/Counter_reg[2]/CK (DFFRQX2M)                  0.00       0.00 r
  TX_ClkDiv/Counter_reg[2]/Q (DFFRQX2M)                   0.42       0.42 r
  TX_ClkDiv/add_65/A[2] (ClkDiv_1_DW01_inc_0)             0.00       0.42 r
  TX_ClkDiv/add_65/U1_1_2/S (ADDHX1M)                     0.10       0.51 f
  TX_ClkDiv/add_65/SUM[2] (ClkDiv_1_DW01_inc_0)           0.00       0.51 f
  TX_ClkDiv/U32/Y (NOR2BX1M)                              0.15       0.66 f
  TX_ClkDiv/Counter_reg[2]/D (DFFRQX2M)                   0.00       0.66 f
  data arrival time                                                  0.66

  clock UART_CLK (rise edge)                              0.00       0.00
  clock network delay (ideal)                             0.00       0.00
  clock uncertainty                                       0.10       0.10
  TX_ClkDiv/Counter_reg[2]/CK (DFFRQX2M)                  0.00       0.10 r
  library hold time                                      -0.02       0.08
  data required time                                                 0.08
  --------------------------------------------------------------------------
  data required time                                                 0.08
  data arrival time                                                 -0.66
  --------------------------------------------------------------------------
  slack (MET)                                                        0.58


  Startpoint: RX_ClkDiv/Counter_reg[5]
              (rising edge-triggered flip-flop clocked by UART_CLK)
  Endpoint: RX_ClkDiv/Counter_reg[5]
            (rising edge-triggered flip-flop clocked by UART_CLK)
  Path Group: UART_CLK
  Path Type: min

  Point                                                   Incr       Path
  --------------------------------------------------------------------------
  clock UART_CLK (rise edge)                              0.00       0.00
  clock network delay (ideal)                             0.00       0.00
  RX_ClkDiv/Counter_reg[5]/CK (DFFRQX2M)                  0.00       0.00 r
  RX_ClkDiv/Counter_reg[5]/Q (DFFRQX2M)                   0.42       0.42 r
  RX_ClkDiv/add_65/A[5] (ClkDiv_0_DW01_inc_0)             0.00       0.42 r
  RX_ClkDiv/add_65/U1_1_5/S (ADDHX1M)                     0.10       0.52 f
  RX_ClkDiv/add_65/SUM[5] (ClkDiv_0_DW01_inc_0)           0.00       0.52 f
  RX_ClkDiv/U29/Y (NOR2BX1M)                              0.15       0.67 f
  RX_ClkDiv/Counter_reg[5]/D (DFFRQX2M)                   0.00       0.67 f
  data arrival time                                                  0.67

  clock UART_CLK (rise edge)                              0.00       0.00
  clock network delay (ideal)                             0.00       0.00
  clock uncertainty                                       0.10       0.10
  RX_ClkDiv/Counter_reg[5]/CK (DFFRQX2M)                  0.00       0.10 r
  library hold time                                      -0.02       0.08
  data required time                                                 0.08
  --------------------------------------------------------------------------
  data required time                                                 0.08
  data arrival time                                                 -0.67
  --------------------------------------------------------------------------
  slack (MET)                                                        0.59


  Startpoint: TX_ClkDiv/Counter_reg[5]
              (rising edge-triggered flip-flop clocked by UART_CLK)
  Endpoint: TX_ClkDiv/Counter_reg[5]
            (rising edge-triggered flip-flop clocked by UART_CLK)
  Path Group: UART_CLK
  Path Type: min

  Point                                                   Incr       Path
  --------------------------------------------------------------------------
  clock UART_CLK (rise edge)                              0.00       0.00
  clock network delay (ideal)                             0.00       0.00
  TX_ClkDiv/Counter_reg[5]/CK (DFFRQX2M)                  0.00       0.00 r
  TX_ClkDiv/Counter_reg[5]/Q (DFFRQX2M)                   0.42       0.42 r
  TX_ClkDiv/add_65/A[5] (ClkDiv_1_DW01_inc_0)             0.00       0.42 r
  TX_ClkDiv/add_65/U1_1_5/S (ADDHX1M)                     0.10       0.52 f
  TX_ClkDiv/add_65/SUM[5] (ClkDiv_1_DW01_inc_0)           0.00       0.52 f
  TX_ClkDiv/U29/Y (NOR2BX1M)                              0.15       0.67 f
  TX_ClkDiv/Counter_reg[5]/D (DFFRQX2M)                   0.00       0.67 f
  data arrival time                                                  0.67

  clock UART_CLK (rise edge)                              0.00       0.00
  clock network delay (ideal)                             0.00       0.00
  clock uncertainty                                       0.10       0.10
  TX_ClkDiv/Counter_reg[5]/CK (DFFRQX2M)                  0.00       0.10 r
  library hold time                                      -0.02       0.08
  data required time                                                 0.08
  --------------------------------------------------------------------------
  data required time                                                 0.08
  data arrival time                                                 -0.67
  --------------------------------------------------------------------------
  slack (MET)                                                        0.59


  Startpoint: RX_ClkDiv/Counter_reg[6]
              (rising edge-triggered flip-flop clocked by UART_CLK)
  Endpoint: RX_ClkDiv/Counter_reg[6]
            (rising edge-triggered flip-flop clocked by UART_CLK)
  Path Group: UART_CLK
  Path Type: min

  Point                                                   Incr       Path
  --------------------------------------------------------------------------
  clock UART_CLK (rise edge)                              0.00       0.00
  clock network delay (ideal)                             0.00       0.00
  RX_ClkDiv/Counter_reg[6]/CK (DFFRQX2M)                  0.00       0.00 r
  RX_ClkDiv/Counter_reg[6]/Q (DFFRQX2M)                   0.39       0.39 r
  RX_ClkDiv/add_65/A[6] (ClkDiv_0_DW01_inc_0)             0.00       0.39 r
  RX_ClkDiv/add_65/U1/Y (CLKXOR2X2M)                      0.29       0.68 f
  RX_ClkDiv/add_65/SUM[6] (ClkDiv_0_DW01_inc_0)           0.00       0.68 f
  RX_ClkDiv/U28/Y (NOR2BX1M)                              0.16       0.84 f
  RX_ClkDiv/Counter_reg[6]/D (DFFRQX2M)                   0.00       0.84 f
  data arrival time                                                  0.84

  clock UART_CLK (rise edge)                              0.00       0.00
  clock network delay (ideal)                             0.00       0.00
  clock uncertainty                                       0.10       0.10
  RX_ClkDiv/Counter_reg[6]/CK (DFFRQX2M)                  0.00       0.10 r
  library hold time                                      -0.02       0.08
  data required time                                                 0.08
  --------------------------------------------------------------------------
  data required time                                                 0.08
  data arrival time                                                 -0.84
  --------------------------------------------------------------------------
  slack (MET)                                                        0.75


  Startpoint: TX_ClkDiv/Counter_reg[6]
              (rising edge-triggered flip-flop clocked by UART_CLK)
  Endpoint: TX_ClkDiv/Counter_reg[6]
            (rising edge-triggered flip-flop clocked by UART_CLK)
  Path Group: UART_CLK
  Path Type: min

  Point                                                   Incr       Path
  --------------------------------------------------------------------------
  clock UART_CLK (rise edge)                              0.00       0.00
  clock network delay (ideal)                             0.00       0.00
  TX_ClkDiv/Counter_reg[6]/CK (DFFRQX2M)                  0.00       0.00 r
  TX_ClkDiv/Counter_reg[6]/Q (DFFRQX2M)                   0.39       0.39 r
  TX_ClkDiv/add_65/A[6] (ClkDiv_1_DW01_inc_0)             0.00       0.39 r
  TX_ClkDiv/add_65/U1/Y (CLKXOR2X2M)                      0.29       0.68 f
  TX_ClkDiv/add_65/SUM[6] (ClkDiv_1_DW01_inc_0)           0.00       0.68 f
  TX_ClkDiv/U28/Y (NOR2BX1M)                              0.16       0.84 f
  TX_ClkDiv/Counter_reg[6]/D (DFFRQX2M)                   0.00       0.84 f
  data arrival time                                                  0.84

  clock UART_CLK (rise edge)                              0.00       0.00
  clock network delay (ideal)                             0.00       0.00
  clock uncertainty                                       0.10       0.10
  TX_ClkDiv/Counter_reg[6]/CK (DFFRQX2M)                  0.00       0.10 r
  library hold time                                      -0.02       0.08
  data required time                                                 0.08
  --------------------------------------------------------------------------
  data required time                                                 0.08
  data arrival time                                                 -0.84
  --------------------------------------------------------------------------
  slack (MET)                                                        0.75


1
