 
****************************************
Report : timing
        -path full
        -delay max
        -max_paths 100
Design : SYS_TOP
Version: K-2015.06
Date   : Tue Sep 30 11:28:47 2025
****************************************

Operating Conditions: scmetro_tsmc_cl013g_rvt_ss_1p08v_125c   Library: scmetro_tsmc_cl013g_rvt_ss_1p08v_125c
Wire Load Model Mode: top

  Startpoint: U_Reg_File/mem_reg[1][7]
              (rising edge-triggered flip-flop clocked by REF_CLK)
  Endpoint: U_ALU/ALU_OUT_reg[0]
            (rising edge-triggered flip-flop clocked by ALU_CLK)
  Path Group: ALU_CLK
  Path Type: max

  Point                                                   Incr       Path
  --------------------------------------------------------------------------
  clock REF_CLK (rise edge)                               0.00       0.00
  clock network delay (ideal)                             0.00       0.00
  U_Reg_File/mem_reg[1][7]/CK (DFFRQX2M)                  0.00       0.00 r
  U_Reg_File/mem_reg[1][7]/Q (DFFRQX2M)                   0.48       0.48 f
  U_Reg_File/REG1[7] (Reg_File)                           0.00       0.48 f
  U_ALU/B[7] (ALU)                                        0.00       0.48 f
  U_ALU/U114/Y (BUFX2M)                                   0.22       0.71 f
  U_ALU/div_62/b[7] (ALU_DW_div_uns_0)                    0.00       0.71 f
  U_ALU/div_62/U70/Y (NOR2X1M)                            0.17       0.88 r
  U_ALU/div_62/U67/Y (AND3X1M)                            0.20       1.08 r
  U_ALU/div_62/U65/Y (AND2X1M)                            0.16       1.24 r
  U_ALU/div_62/U62/Y (AND4X1M)                            0.25       1.49 r
  U_ALU/div_62/U40/Y (CLKMX2X2M)                          0.24       1.74 f
  U_ALU/div_62/u_div/u_fa_PartRem_0_6_1/CO (ADDFX2M)      0.44       2.17 f
  U_ALU/div_62/U63/Y (AND3X1M)                            0.32       2.49 f
  U_ALU/div_62/U46/Y (CLKMX2X2M)                          0.24       2.73 r
  U_ALU/div_62/u_div/u_fa_PartRem_0_5_1/CO (ADDFX2M)      0.49       3.22 r
  U_ALU/div_62/u_div/u_fa_PartRem_0_5_2/CO (ADDFX2M)      0.24       3.46 r
  U_ALU/div_62/U64/Y (AND2X1M)                            0.24       3.70 r
  U_ALU/div_62/U51/Y (CLKMX2X2M)                          0.27       3.97 f
  U_ALU/div_62/u_div/u_fa_PartRem_0_4_1/CO (ADDFX2M)      0.46       4.42 f
  U_ALU/div_62/u_div/u_fa_PartRem_0_4_2/CO (ADDFX2M)      0.33       4.75 f
  U_ALU/div_62/u_div/u_fa_PartRem_0_4_3/CO (ADDFX2M)      0.31       5.06 f
  U_ALU/div_62/U66/Y (AND2X1M)                            0.28       5.34 f
  U_ALU/div_62/U55/Y (CLKMX2X2M)                          0.24       5.57 f
  U_ALU/div_62/u_div/u_fa_PartRem_0_3_1/CO (ADDFX2M)      0.46       6.03 f
  U_ALU/div_62/u_div/u_fa_PartRem_0_3_2/CO (ADDFX2M)      0.33       6.36 f
  U_ALU/div_62/u_div/u_fa_PartRem_0_3_3/CO (ADDFX2M)      0.33       6.68 f
  U_ALU/div_62/u_div/u_fa_PartRem_0_3_4/CO (ADDFX2M)      0.31       6.99 f
  U_ALU/div_62/U68/Y (AND3X1M)                            0.39       7.38 f
  U_ALU/div_62/U58/Y (CLKMX2X2M)                          0.25       7.63 f
  U_ALU/div_62/u_div/u_fa_PartRem_0_2_1/CO (ADDFX2M)      0.46       8.09 f
  U_ALU/div_62/u_div/u_fa_PartRem_0_2_2/CO (ADDFX2M)      0.33       8.41 f
  U_ALU/div_62/u_div/u_fa_PartRem_0_2_3/CO (ADDFX2M)      0.33       8.74 f
  U_ALU/div_62/u_div/u_fa_PartRem_0_2_4/CO (ADDFX2M)      0.33       9.07 f
  U_ALU/div_62/u_div/u_fa_PartRem_0_2_5/CO (ADDFX2M)      0.31       9.38 f
  U_ALU/div_62/U69/Y (AND2X1M)                            0.32       9.70 f
  U_ALU/div_62/U60/Y (CLKMX2X2M)                          0.25       9.95 f
  U_ALU/div_62/u_div/u_fa_PartRem_0_1_1/CO (ADDFX2M)      0.46      10.41 f
  U_ALU/div_62/u_div/u_fa_PartRem_0_1_2/CO (ADDFX2M)      0.33      10.74 f
  U_ALU/div_62/u_div/u_fa_PartRem_0_1_3/CO (ADDFX2M)      0.33      11.06 f
  U_ALU/div_62/u_div/u_fa_PartRem_0_1_4/CO (ADDFX2M)      0.33      11.39 f
  U_ALU/div_62/u_div/u_fa_PartRem_0_1_5/CO (ADDFX2M)      0.33      11.72 f
  U_ALU/div_62/u_div/u_fa_PartRem_0_1_6/CO (ADDFX2M)      0.31      12.03 f
  U_ALU/div_62/U71/Y (AND2X1M)                            0.34      12.37 f
  U_ALU/div_62/U61/Y (CLKMX2X2M)                          0.24      12.61 f
  U_ALU/div_62/u_div/u_fa_PartRem_0_0_1/CO (ADDFX2M)      0.45      13.06 f
  U_ALU/div_62/u_div/u_fa_PartRem_0_0_2/CO (ADDFX2M)      0.33      13.39 f
  U_ALU/div_62/u_div/u_fa_PartRem_0_0_3/CO (ADDFX2M)      0.33      13.71 f
  U_ALU/div_62/u_div/u_fa_PartRem_0_0_4/CO (ADDFX2M)      0.33      14.04 f
  U_ALU/div_62/u_div/u_fa_PartRem_0_0_5/CO (ADDFX2M)      0.33      14.37 f
  U_ALU/div_62/u_div/u_fa_PartRem_0_0_6/CO (ADDFX2M)      0.33      14.70 f
  U_ALU/div_62/u_div/u_fa_PartRem_0_0_7/CO (ADDFX2M)      0.31      15.01 f
  U_ALU/div_62/quotient[0] (ALU_DW_div_uns_0)             0.00      15.01 f
  U_ALU/U49/Y (OAI2BB1X2M)                                0.19      15.20 f
  U_ALU/U48/Y (AOI211X2M)                                 0.21      15.41 r
  U_ALU/U45/Y (AOI31X2M)                                  0.12      15.53 f
  U_ALU/ALU_OUT_reg[0]/D (DFFRQX2M)                       0.00      15.53 f
  data arrival time                                                 15.53

  clock ALU_CLK (rise edge)                              20.00      20.00
  clock network delay (ideal)                             0.00      20.00
  clock uncertainty                                      -0.20      19.80
  U_ALU/ALU_OUT_reg[0]/CK (DFFRQX2M)                      0.00      19.80 r
  library setup time                                     -0.17      19.63
  data required time                                                19.63
  --------------------------------------------------------------------------
  data required time                                                19.63
  data arrival time                                                -15.53
  --------------------------------------------------------------------------
  slack (MET)                                                        4.10


  Startpoint: U_Reg_File/mem_reg[1][7]
              (rising edge-triggered flip-flop clocked by REF_CLK)
  Endpoint: U_ALU/ALU_OUT_reg[1]
            (rising edge-triggered flip-flop clocked by ALU_CLK)
  Path Group: ALU_CLK
  Path Type: max

  Point                                                   Incr       Path
  --------------------------------------------------------------------------
  clock REF_CLK (rise edge)                               0.00       0.00
  clock network delay (ideal)                             0.00       0.00
  U_Reg_File/mem_reg[1][7]/CK (DFFRQX2M)                  0.00       0.00 r
  U_Reg_File/mem_reg[1][7]/Q (DFFRQX2M)                   0.48       0.48 f
  U_Reg_File/REG1[7] (Reg_File)                           0.00       0.48 f
  U_ALU/B[7] (ALU)                                        0.00       0.48 f
  U_ALU/U114/Y (BUFX2M)                                   0.22       0.71 f
  U_ALU/div_62/b[7] (ALU_DW_div_uns_0)                    0.00       0.71 f
  U_ALU/div_62/U70/Y (NOR2X1M)                            0.17       0.88 r
  U_ALU/div_62/U67/Y (AND3X1M)                            0.20       1.08 r
  U_ALU/div_62/U65/Y (AND2X1M)                            0.16       1.24 r
  U_ALU/div_62/U62/Y (AND4X1M)                            0.25       1.49 r
  U_ALU/div_62/U40/Y (CLKMX2X2M)                          0.24       1.74 f
  U_ALU/div_62/u_div/u_fa_PartRem_0_6_1/CO (ADDFX2M)      0.44       2.17 f
  U_ALU/div_62/U63/Y (AND3X1M)                            0.32       2.49 f
  U_ALU/div_62/U46/Y (CLKMX2X2M)                          0.24       2.73 r
  U_ALU/div_62/u_div/u_fa_PartRem_0_5_1/CO (ADDFX2M)      0.49       3.22 r
  U_ALU/div_62/u_div/u_fa_PartRem_0_5_2/CO (ADDFX2M)      0.24       3.46 r
  U_ALU/div_62/U64/Y (AND2X1M)                            0.24       3.70 r
  U_ALU/div_62/U51/Y (CLKMX2X2M)                          0.27       3.97 f
  U_ALU/div_62/u_div/u_fa_PartRem_0_4_1/CO (ADDFX2M)      0.46       4.42 f
  U_ALU/div_62/u_div/u_fa_PartRem_0_4_2/CO (ADDFX2M)      0.33       4.75 f
  U_ALU/div_62/u_div/u_fa_PartRem_0_4_3/CO (ADDFX2M)      0.31       5.06 f
  U_ALU/div_62/U66/Y (AND2X1M)                            0.28       5.34 f
  U_ALU/div_62/U55/Y (CLKMX2X2M)                          0.24       5.57 f
  U_ALU/div_62/u_div/u_fa_PartRem_0_3_1/CO (ADDFX2M)      0.46       6.03 f
  U_ALU/div_62/u_div/u_fa_PartRem_0_3_2/CO (ADDFX2M)      0.33       6.36 f
  U_ALU/div_62/u_div/u_fa_PartRem_0_3_3/CO (ADDFX2M)      0.33       6.68 f
  U_ALU/div_62/u_div/u_fa_PartRem_0_3_4/CO (ADDFX2M)      0.31       6.99 f
  U_ALU/div_62/U68/Y (AND3X1M)                            0.39       7.38 f
  U_ALU/div_62/U58/Y (CLKMX2X2M)                          0.25       7.63 f
  U_ALU/div_62/u_div/u_fa_PartRem_0_2_1/CO (ADDFX2M)      0.46       8.09 f
  U_ALU/div_62/u_div/u_fa_PartRem_0_2_2/CO (ADDFX2M)      0.33       8.41 f
  U_ALU/div_62/u_div/u_fa_PartRem_0_2_3/CO (ADDFX2M)      0.33       8.74 f
  U_ALU/div_62/u_div/u_fa_PartRem_0_2_4/CO (ADDFX2M)      0.33       9.07 f
  U_ALU/div_62/u_div/u_fa_PartRem_0_2_5/CO (ADDFX2M)      0.31       9.38 f
  U_ALU/div_62/U69/Y (AND2X1M)                            0.32       9.70 f
  U_ALU/div_62/U60/Y (CLKMX2X2M)                          0.25       9.95 f
  U_ALU/div_62/u_div/u_fa_PartRem_0_1_1/CO (ADDFX2M)      0.46      10.41 f
  U_ALU/div_62/u_div/u_fa_PartRem_0_1_2/CO (ADDFX2M)      0.33      10.74 f
  U_ALU/div_62/u_div/u_fa_PartRem_0_1_3/CO (ADDFX2M)      0.33      11.06 f
  U_ALU/div_62/u_div/u_fa_PartRem_0_1_4/CO (ADDFX2M)      0.33      11.39 f
  U_ALU/div_62/u_div/u_fa_PartRem_0_1_5/CO (ADDFX2M)      0.33      11.72 f
  U_ALU/div_62/u_div/u_fa_PartRem_0_1_6/CO (ADDFX2M)      0.31      12.03 f
  U_ALU/div_62/U71/Y (AND2X1M)                            0.34      12.37 f
  U_ALU/div_62/quotient[1] (ALU_DW_div_uns_0)             0.00      12.37 f
  U_ALU/U56/Y (OAI2BB1X2M)                                0.25      12.62 f
  U_ALU/U55/Y (AOI211X2M)                                 0.21      12.82 r
  U_ALU/U52/Y (AOI31X2M)                                  0.12      12.94 f
  U_ALU/ALU_OUT_reg[1]/D (DFFRQX2M)                       0.00      12.94 f
  data arrival time                                                 12.94

  clock ALU_CLK (rise edge)                              20.00      20.00
  clock network delay (ideal)                             0.00      20.00
  clock uncertainty                                      -0.20      19.80
  U_ALU/ALU_OUT_reg[1]/CK (DFFRQX2M)                      0.00      19.80 r
  library setup time                                     -0.17      19.63
  data required time                                                19.63
  --------------------------------------------------------------------------
  data required time                                                19.63
  data arrival time                                                -12.94
  --------------------------------------------------------------------------
  slack (MET)                                                        6.68


  Startpoint: U_Reg_File/mem_reg[1][7]
              (rising edge-triggered flip-flop clocked by REF_CLK)
  Endpoint: U_ALU/ALU_OUT_reg[2]
            (rising edge-triggered flip-flop clocked by ALU_CLK)
  Path Group: ALU_CLK
  Path Type: max

  Point                                                   Incr       Path
  --------------------------------------------------------------------------
  clock REF_CLK (rise edge)                               0.00       0.00
  clock network delay (ideal)                             0.00       0.00
  U_Reg_File/mem_reg[1][7]/CK (DFFRQX2M)                  0.00       0.00 r
  U_Reg_File/mem_reg[1][7]/Q (DFFRQX2M)                   0.48       0.48 f
  U_Reg_File/REG1[7] (Reg_File)                           0.00       0.48 f
  U_ALU/B[7] (ALU)                                        0.00       0.48 f
  U_ALU/U114/Y (BUFX2M)                                   0.22       0.71 f
  U_ALU/div_62/b[7] (ALU_DW_div_uns_0)                    0.00       0.71 f
  U_ALU/div_62/U70/Y (NOR2X1M)                            0.17       0.88 r
  U_ALU/div_62/U67/Y (AND3X1M)                            0.20       1.08 r
  U_ALU/div_62/U65/Y (AND2X1M)                            0.16       1.24 r
  U_ALU/div_62/U62/Y (AND4X1M)                            0.25       1.49 r
  U_ALU/div_62/U40/Y (CLKMX2X2M)                          0.24       1.74 f
  U_ALU/div_62/u_div/u_fa_PartRem_0_6_1/CO (ADDFX2M)      0.44       2.17 f
  U_ALU/div_62/U63/Y (AND3X1M)                            0.32       2.49 f
  U_ALU/div_62/U46/Y (CLKMX2X2M)                          0.24       2.73 r
  U_ALU/div_62/u_div/u_fa_PartRem_0_5_1/CO (ADDFX2M)      0.49       3.22 r
  U_ALU/div_62/u_div/u_fa_PartRem_0_5_2/CO (ADDFX2M)      0.24       3.46 r
  U_ALU/div_62/U64/Y (AND2X1M)                            0.24       3.70 r
  U_ALU/div_62/U51/Y (CLKMX2X2M)                          0.27       3.97 f
  U_ALU/div_62/u_div/u_fa_PartRem_0_4_1/CO (ADDFX2M)      0.46       4.42 f
  U_ALU/div_62/u_div/u_fa_PartRem_0_4_2/CO (ADDFX2M)      0.33       4.75 f
  U_ALU/div_62/u_div/u_fa_PartRem_0_4_3/CO (ADDFX2M)      0.31       5.06 f
  U_ALU/div_62/U66/Y (AND2X1M)                            0.28       5.34 f
  U_ALU/div_62/U55/Y (CLKMX2X2M)                          0.24       5.57 f
  U_ALU/div_62/u_div/u_fa_PartRem_0_3_1/CO (ADDFX2M)      0.46       6.03 f
  U_ALU/div_62/u_div/u_fa_PartRem_0_3_2/CO (ADDFX2M)      0.33       6.36 f
  U_ALU/div_62/u_div/u_fa_PartRem_0_3_3/CO (ADDFX2M)      0.33       6.68 f
  U_ALU/div_62/u_div/u_fa_PartRem_0_3_4/CO (ADDFX2M)      0.31       6.99 f
  U_ALU/div_62/U68/Y (AND3X1M)                            0.39       7.38 f
  U_ALU/div_62/U58/Y (CLKMX2X2M)                          0.25       7.63 f
  U_ALU/div_62/u_div/u_fa_PartRem_0_2_1/CO (ADDFX2M)      0.46       8.09 f
  U_ALU/div_62/u_div/u_fa_PartRem_0_2_2/CO (ADDFX2M)      0.33       8.41 f
  U_ALU/div_62/u_div/u_fa_PartRem_0_2_3/CO (ADDFX2M)      0.33       8.74 f
  U_ALU/div_62/u_div/u_fa_PartRem_0_2_4/CO (ADDFX2M)      0.33       9.07 f
  U_ALU/div_62/u_div/u_fa_PartRem_0_2_5/CO (ADDFX2M)      0.31       9.38 f
  U_ALU/div_62/U69/Y (AND2X1M)                            0.32       9.70 f
  U_ALU/div_62/quotient[2] (ALU_DW_div_uns_0)             0.00       9.70 f
  U_ALU/U119/Y (AOI22X1M)                                 0.20       9.90 r
  U_ALU/U117/Y (OAI21X2M)                                 0.09       9.99 f
  U_ALU/U62/Y (AOI221XLM)                                 0.32      10.31 r
  U_ALU/U59/Y (AOI31X2M)                                  0.14      10.45 f
  U_ALU/ALU_OUT_reg[2]/D (DFFRQX2M)                       0.00      10.45 f
  data arrival time                                                 10.45

  clock ALU_CLK (rise edge)                              20.00      20.00
  clock network delay (ideal)                             0.00      20.00
  clock uncertainty                                      -0.20      19.80
  U_ALU/ALU_OUT_reg[2]/CK (DFFRQX2M)                      0.00      19.80 r
  library setup time                                     -0.17      19.63
  data required time                                                19.63
  --------------------------------------------------------------------------
  data required time                                                19.63
  data arrival time                                                -10.45
  --------------------------------------------------------------------------
  slack (MET)                                                        9.18


  Startpoint: U_Reg_File/mem_reg[1][7]
              (rising edge-triggered flip-flop clocked by REF_CLK)
  Endpoint: U_ALU/ALU_OUT_reg[3]
            (rising edge-triggered flip-flop clocked by ALU_CLK)
  Path Group: ALU_CLK
  Path Type: max

  Point                                                   Incr       Path
  --------------------------------------------------------------------------
  clock REF_CLK (rise edge)                               0.00       0.00
  clock network delay (ideal)                             0.00       0.00
  U_Reg_File/mem_reg[1][7]/CK (DFFRQX2M)                  0.00       0.00 r
  U_Reg_File/mem_reg[1][7]/Q (DFFRQX2M)                   0.48       0.48 f
  U_Reg_File/REG1[7] (Reg_File)                           0.00       0.48 f
  U_ALU/B[7] (ALU)                                        0.00       0.48 f
  U_ALU/U114/Y (BUFX2M)                                   0.22       0.71 f
  U_ALU/div_62/b[7] (ALU_DW_div_uns_0)                    0.00       0.71 f
  U_ALU/div_62/U70/Y (NOR2X1M)                            0.17       0.88 r
  U_ALU/div_62/U67/Y (AND3X1M)                            0.20       1.08 r
  U_ALU/div_62/U65/Y (AND2X1M)                            0.16       1.24 r
  U_ALU/div_62/U62/Y (AND4X1M)                            0.25       1.49 r
  U_ALU/div_62/U40/Y (CLKMX2X2M)                          0.24       1.74 f
  U_ALU/div_62/u_div/u_fa_PartRem_0_6_1/CO (ADDFX2M)      0.44       2.17 f
  U_ALU/div_62/U63/Y (AND3X1M)                            0.32       2.49 f
  U_ALU/div_62/U46/Y (CLKMX2X2M)                          0.24       2.73 r
  U_ALU/div_62/u_div/u_fa_PartRem_0_5_1/CO (ADDFX2M)      0.49       3.22 r
  U_ALU/div_62/u_div/u_fa_PartRem_0_5_2/CO (ADDFX2M)      0.24       3.46 r
  U_ALU/div_62/U64/Y (AND2X1M)                            0.24       3.70 r
  U_ALU/div_62/U51/Y (CLKMX2X2M)                          0.27       3.97 f
  U_ALU/div_62/u_div/u_fa_PartRem_0_4_1/CO (ADDFX2M)      0.46       4.42 f
  U_ALU/div_62/u_div/u_fa_PartRem_0_4_2/CO (ADDFX2M)      0.33       4.75 f
  U_ALU/div_62/u_div/u_fa_PartRem_0_4_3/CO (ADDFX2M)      0.31       5.06 f
  U_ALU/div_62/U66/Y (AND2X1M)                            0.28       5.34 f
  U_ALU/div_62/U55/Y (CLKMX2X2M)                          0.24       5.57 f
  U_ALU/div_62/u_div/u_fa_PartRem_0_3_1/CO (ADDFX2M)      0.46       6.03 f
  U_ALU/div_62/u_div/u_fa_PartRem_0_3_2/CO (ADDFX2M)      0.33       6.36 f
  U_ALU/div_62/u_div/u_fa_PartRem_0_3_3/CO (ADDFX2M)      0.33       6.68 f
  U_ALU/div_62/u_div/u_fa_PartRem_0_3_4/CO (ADDFX2M)      0.31       6.99 f
  U_ALU/div_62/U68/Y (AND3X1M)                            0.39       7.38 f
  U_ALU/div_62/quotient[3] (ALU_DW_div_uns_0)             0.00       7.38 f
  U_ALU/U124/Y (AOI22X1M)                                 0.19       7.58 r
  U_ALU/U122/Y (OAI21X2M)                                 0.09       7.67 f
  U_ALU/U66/Y (AOI221XLM)                                 0.32       7.99 r
  U_ALU/U63/Y (AOI31X2M)                                  0.14       8.13 f
  U_ALU/ALU_OUT_reg[3]/D (DFFRQX2M)                       0.00       8.13 f
  data arrival time                                                  8.13

  clock ALU_CLK (rise edge)                              20.00      20.00
  clock network delay (ideal)                             0.00      20.00
  clock uncertainty                                      -0.20      19.80
  U_ALU/ALU_OUT_reg[3]/CK (DFFRQX2M)                      0.00      19.80 r
  library setup time                                     -0.17      19.63
  data required time                                                19.63
  --------------------------------------------------------------------------
  data required time                                                19.63
  data arrival time                                                 -8.13
  --------------------------------------------------------------------------
  slack (MET)                                                       11.50


  Startpoint: U_Reg_File/mem_reg[0][1]
              (rising edge-triggered flip-flop clocked by REF_CLK)
  Endpoint: U_ALU/ALU_OUT_reg[15]
            (rising edge-triggered flip-flop clocked by ALU_CLK)
  Path Group: ALU_CLK
  Path Type: max

  Point                                                   Incr       Path
  --------------------------------------------------------------------------
  clock REF_CLK (rise edge)                               0.00       0.00
  clock network delay (ideal)                             0.00       0.00
  U_Reg_File/mem_reg[0][1]/CK (DFFRQX2M)                  0.00       0.00 r
  U_Reg_File/mem_reg[0][1]/Q (DFFRQX2M)                   0.39       0.39 r
  U_Reg_File/REG0[1] (Reg_File)                           0.00       0.39 r
  U_ALU/A[1] (ALU)                                        0.00       0.39 r
  U_ALU/U5/Y (BUFX2M)                                     0.28       0.67 r
  U_ALU/mult_55/A[1] (ALU_DW02_mult_0)                    0.00       0.67 r
  U_ALU/mult_55/U36/Y (INVX2M)                            0.15       0.82 f
  U_ALU/mult_55/U107/Y (NOR2X1M)                          0.18       1.00 r
  U_ALU/mult_55/U4/Y (AND2X2M)                            0.16       1.16 r
  U_ALU/mult_55/S2_2_2/CO (ADDFX2M)                       0.54       1.70 r
  U_ALU/mult_55/S2_3_2/CO (ADDFX2M)                       0.55       2.25 r
  U_ALU/mult_55/S2_4_2/CO (ADDFX2M)                       0.55       2.80 r
  U_ALU/mult_55/S2_5_2/CO (ADDFX2M)                       0.55       3.35 r
  U_ALU/mult_55/S2_6_2/CO (ADDFX2M)                       0.55       3.90 r
  U_ALU/mult_55/S4_2/S (ADDFX2M)                          0.58       4.48 f
  U_ALU/mult_55/U20/Y (CLKXOR2X2M)                        0.31       4.79 r
  U_ALU/mult_55/FS_1/A[7] (ALU_DW01_add_1)                0.00       4.79 r
  U_ALU/mult_55/FS_1/U3/Y (NAND2X2M)                      0.07       4.86 f
  U_ALU/mult_55/FS_1/U31/Y (OA21X1M)                      0.37       5.23 f
  U_ALU/mult_55/FS_1/U28/Y (AOI2BB1X1M)                   0.26       5.49 f
  U_ALU/mult_55/FS_1/U26/Y (OA21X1M)                      0.40       5.89 f
  U_ALU/mult_55/FS_1/U21/Y (OAI21BX1M)                    0.25       6.14 r
  U_ALU/mult_55/FS_1/U19/Y (OAI21X1M)                     0.13       6.27 f
  U_ALU/mult_55/FS_1/U2/Y (AOI21BX2M)                     0.17       6.44 f
  U_ALU/mult_55/FS_1/U4/Y (XNOR2X2M)                      0.12       6.56 r
  U_ALU/mult_55/FS_1/SUM[13] (ALU_DW01_add_1)             0.00       6.56 r
  U_ALU/mult_55/PRODUCT[15] (ALU_DW02_mult_0)             0.00       6.56 r
  U_ALU/U13/Y (OAI2BB1X2M)                                0.15       6.71 r
  U_ALU/ALU_OUT_reg[15]/D (DFFRQX2M)                      0.00       6.71 r
  data arrival time                                                  6.71

  clock ALU_CLK (rise edge)                              20.00      20.00
  clock network delay (ideal)                             0.00      20.00
  clock uncertainty                                      -0.20      19.80
  U_ALU/ALU_OUT_reg[15]/CK (DFFRQX2M)                     0.00      19.80 r
  library setup time                                     -0.30      19.50
  data required time                                                19.50
  --------------------------------------------------------------------------
  data required time                                                19.50
  data arrival time                                                 -6.71
  --------------------------------------------------------------------------
  slack (MET)                                                       12.79


  Startpoint: U_Reg_File/mem_reg[0][1]
              (rising edge-triggered flip-flop clocked by REF_CLK)
  Endpoint: U_ALU/ALU_OUT_reg[14]
            (rising edge-triggered flip-flop clocked by ALU_CLK)
  Path Group: ALU_CLK
  Path Type: max

  Point                                                   Incr       Path
  --------------------------------------------------------------------------
  clock REF_CLK (rise edge)                               0.00       0.00
  clock network delay (ideal)                             0.00       0.00
  U_Reg_File/mem_reg[0][1]/CK (DFFRQX2M)                  0.00       0.00 r
  U_Reg_File/mem_reg[0][1]/Q (DFFRQX2M)                   0.39       0.39 r
  U_Reg_File/REG0[1] (Reg_File)                           0.00       0.39 r
  U_ALU/A[1] (ALU)                                        0.00       0.39 r
  U_ALU/U5/Y (BUFX2M)                                     0.28       0.67 r
  U_ALU/mult_55/A[1] (ALU_DW02_mult_0)                    0.00       0.67 r
  U_ALU/mult_55/U36/Y (INVX2M)                            0.15       0.82 f
  U_ALU/mult_55/U107/Y (NOR2X1M)                          0.18       1.00 r
  U_ALU/mult_55/U4/Y (AND2X2M)                            0.16       1.16 r
  U_ALU/mult_55/S2_2_2/CO (ADDFX2M)                       0.54       1.70 r
  U_ALU/mult_55/S2_3_2/CO (ADDFX2M)                       0.55       2.25 r
  U_ALU/mult_55/S2_4_2/CO (ADDFX2M)                       0.55       2.80 r
  U_ALU/mult_55/S2_5_2/CO (ADDFX2M)                       0.55       3.35 r
  U_ALU/mult_55/S2_6_2/CO (ADDFX2M)                       0.55       3.90 r
  U_ALU/mult_55/S4_2/S (ADDFX2M)                          0.58       4.48 f
  U_ALU/mult_55/U20/Y (CLKXOR2X2M)                        0.31       4.79 r
  U_ALU/mult_55/FS_1/A[7] (ALU_DW01_add_1)                0.00       4.79 r
  U_ALU/mult_55/FS_1/U3/Y (NAND2X2M)                      0.07       4.86 f
  U_ALU/mult_55/FS_1/U31/Y (OA21X1M)                      0.37       5.23 f
  U_ALU/mult_55/FS_1/U28/Y (AOI2BB1X1M)                   0.26       5.49 f
  U_ALU/mult_55/FS_1/U26/Y (OA21X1M)                      0.40       5.89 f
  U_ALU/mult_55/FS_1/U21/Y (OAI21BX1M)                    0.25       6.14 r
  U_ALU/mult_55/FS_1/U20/Y (XOR3XLM)                      0.16       6.30 r
  U_ALU/mult_55/FS_1/SUM[12] (ALU_DW01_add_1)             0.00       6.30 r
  U_ALU/mult_55/PRODUCT[14] (ALU_DW02_mult_0)             0.00       6.30 r
  U_ALU/U12/Y (OAI2BB1X2M)                                0.13       6.43 r
  U_ALU/ALU_OUT_reg[14]/D (DFFRQX2M)                      0.00       6.43 r
  data arrival time                                                  6.43

  clock ALU_CLK (rise edge)                              20.00      20.00
  clock network delay (ideal)                             0.00      20.00
  clock uncertainty                                      -0.20      19.80
  U_ALU/ALU_OUT_reg[14]/CK (DFFRQX2M)                     0.00      19.80 r
  library setup time                                     -0.30      19.50
  data required time                                                19.50
  --------------------------------------------------------------------------
  data required time                                                19.50
  data arrival time                                                 -6.43
  --------------------------------------------------------------------------
  slack (MET)                                                       13.07


  Startpoint: U_Reg_File/mem_reg[0][1]
              (rising edge-triggered flip-flop clocked by REF_CLK)
  Endpoint: U_ALU/ALU_OUT_reg[13]
            (rising edge-triggered flip-flop clocked by ALU_CLK)
  Path Group: ALU_CLK
  Path Type: max

  Point                                                   Incr       Path
  --------------------------------------------------------------------------
  clock REF_CLK (rise edge)                               0.00       0.00
  clock network delay (ideal)                             0.00       0.00
  U_Reg_File/mem_reg[0][1]/CK (DFFRQX2M)                  0.00       0.00 r
  U_Reg_File/mem_reg[0][1]/Q (DFFRQX2M)                   0.39       0.39 r
  U_Reg_File/REG0[1] (Reg_File)                           0.00       0.39 r
  U_ALU/A[1] (ALU)                                        0.00       0.39 r
  U_ALU/U5/Y (BUFX2M)                                     0.28       0.67 r
  U_ALU/mult_55/A[1] (ALU_DW02_mult_0)                    0.00       0.67 r
  U_ALU/mult_55/U36/Y (INVX2M)                            0.15       0.82 f
  U_ALU/mult_55/U107/Y (NOR2X1M)                          0.18       1.00 r
  U_ALU/mult_55/U4/Y (AND2X2M)                            0.16       1.16 r
  U_ALU/mult_55/S2_2_2/CO (ADDFX2M)                       0.54       1.70 r
  U_ALU/mult_55/S2_3_2/CO (ADDFX2M)                       0.55       2.25 r
  U_ALU/mult_55/S2_4_2/CO (ADDFX2M)                       0.55       2.80 r
  U_ALU/mult_55/S2_5_2/CO (ADDFX2M)                       0.55       3.35 r
  U_ALU/mult_55/S2_6_2/CO (ADDFX2M)                       0.55       3.90 r
  U_ALU/mult_55/S4_2/S (ADDFX2M)                          0.58       4.48 f
  U_ALU/mult_55/U20/Y (CLKXOR2X2M)                        0.31       4.79 r
  U_ALU/mult_55/FS_1/A[7] (ALU_DW01_add_1)                0.00       4.79 r
  U_ALU/mult_55/FS_1/U3/Y (NAND2X2M)                      0.07       4.86 f
  U_ALU/mult_55/FS_1/U31/Y (OA21X1M)                      0.37       5.23 f
  U_ALU/mult_55/FS_1/U28/Y (AOI2BB1X1M)                   0.26       5.49 f
  U_ALU/mult_55/FS_1/U26/Y (OA21X1M)                      0.40       5.89 f
  U_ALU/mult_55/FS_1/U22/Y (XNOR2X1M)                     0.10       5.99 r
  U_ALU/mult_55/FS_1/SUM[11] (ALU_DW01_add_1)             0.00       5.99 r
  U_ALU/mult_55/PRODUCT[13] (ALU_DW02_mult_0)             0.00       5.99 r
  U_ALU/U16/Y (OAI2BB1X2M)                                0.15       6.14 r
  U_ALU/ALU_OUT_reg[13]/D (DFFRQX2M)                      0.00       6.14 r
  data arrival time                                                  6.14

  clock ALU_CLK (rise edge)                              20.00      20.00
  clock network delay (ideal)                             0.00      20.00
  clock uncertainty                                      -0.20      19.80
  U_ALU/ALU_OUT_reg[13]/CK (DFFRQX2M)                     0.00      19.80 r
  library setup time                                     -0.30      19.50
  data required time                                                19.50
  --------------------------------------------------------------------------
  data required time                                                19.50
  data arrival time                                                 -6.14
  --------------------------------------------------------------------------
  slack (MET)                                                       13.35


  Startpoint: U_Reg_File/mem_reg[1][7]
              (rising edge-triggered flip-flop clocked by REF_CLK)
  Endpoint: U_ALU/ALU_OUT_reg[4]
            (rising edge-triggered flip-flop clocked by ALU_CLK)
  Path Group: ALU_CLK
  Path Type: max

  Point                                                   Incr       Path
  --------------------------------------------------------------------------
  clock REF_CLK (rise edge)                               0.00       0.00
  clock network delay (ideal)                             0.00       0.00
  U_Reg_File/mem_reg[1][7]/CK (DFFRQX2M)                  0.00       0.00 r
  U_Reg_File/mem_reg[1][7]/Q (DFFRQX2M)                   0.48       0.48 f
  U_Reg_File/REG1[7] (Reg_File)                           0.00       0.48 f
  U_ALU/B[7] (ALU)                                        0.00       0.48 f
  U_ALU/U114/Y (BUFX2M)                                   0.22       0.71 f
  U_ALU/div_62/b[7] (ALU_DW_div_uns_0)                    0.00       0.71 f
  U_ALU/div_62/U70/Y (NOR2X1M)                            0.17       0.88 r
  U_ALU/div_62/U67/Y (AND3X1M)                            0.20       1.08 r
  U_ALU/div_62/U65/Y (AND2X1M)                            0.16       1.24 r
  U_ALU/div_62/U62/Y (AND4X1M)                            0.25       1.49 r
  U_ALU/div_62/U40/Y (CLKMX2X2M)                          0.24       1.74 f
  U_ALU/div_62/u_div/u_fa_PartRem_0_6_1/CO (ADDFX2M)      0.44       2.17 f
  U_ALU/div_62/U63/Y (AND3X1M)                            0.32       2.49 f
  U_ALU/div_62/U46/Y (CLKMX2X2M)                          0.24       2.73 r
  U_ALU/div_62/u_div/u_fa_PartRem_0_5_1/CO (ADDFX2M)      0.49       3.22 r
  U_ALU/div_62/u_div/u_fa_PartRem_0_5_2/CO (ADDFX2M)      0.24       3.46 r
  U_ALU/div_62/U64/Y (AND2X1M)                            0.24       3.70 r
  U_ALU/div_62/U51/Y (CLKMX2X2M)                          0.27       3.97 f
  U_ALU/div_62/u_div/u_fa_PartRem_0_4_1/CO (ADDFX2M)      0.46       4.42 f
  U_ALU/div_62/u_div/u_fa_PartRem_0_4_2/CO (ADDFX2M)      0.33       4.75 f
  U_ALU/div_62/u_div/u_fa_PartRem_0_4_3/CO (ADDFX2M)      0.31       5.06 f
  U_ALU/div_62/U66/Y (AND2X1M)                            0.28       5.34 f
  U_ALU/div_62/quotient[4] (ALU_DW_div_uns_0)             0.00       5.34 f
  U_ALU/U128/Y (AOI22X1M)                                 0.18       5.52 r
  U_ALU/U126/Y (OAI21X2M)                                 0.09       5.61 f
  U_ALU/U70/Y (AOI221XLM)                                 0.32       5.93 r
  U_ALU/U67/Y (AOI31X2M)                                  0.14       6.07 f
  U_ALU/ALU_OUT_reg[4]/D (DFFRQX2M)                       0.00       6.07 f
  data arrival time                                                  6.07

  clock ALU_CLK (rise edge)                              20.00      20.00
  clock network delay (ideal)                             0.00      20.00
  clock uncertainty                                      -0.20      19.80
  U_ALU/ALU_OUT_reg[4]/CK (DFFRQX2M)                      0.00      19.80 r
  library setup time                                     -0.17      19.63
  data required time                                                19.63
  --------------------------------------------------------------------------
  data required time                                                19.63
  data arrival time                                                 -6.07
  --------------------------------------------------------------------------
  slack (MET)                                                       13.56


  Startpoint: U_Reg_File/mem_reg[0][1]
              (rising edge-triggered flip-flop clocked by REF_CLK)
  Endpoint: U_ALU/ALU_OUT_reg[12]
            (rising edge-triggered flip-flop clocked by ALU_CLK)
  Path Group: ALU_CLK
  Path Type: max

  Point                                                   Incr       Path
  --------------------------------------------------------------------------
  clock REF_CLK (rise edge)                               0.00       0.00
  clock network delay (ideal)                             0.00       0.00
  U_Reg_File/mem_reg[0][1]/CK (DFFRQX2M)                  0.00       0.00 r
  U_Reg_File/mem_reg[0][1]/Q (DFFRQX2M)                   0.39       0.39 r
  U_Reg_File/REG0[1] (Reg_File)                           0.00       0.39 r
  U_ALU/A[1] (ALU)                                        0.00       0.39 r
  U_ALU/U5/Y (BUFX2M)                                     0.28       0.67 r
  U_ALU/mult_55/A[1] (ALU_DW02_mult_0)                    0.00       0.67 r
  U_ALU/mult_55/U36/Y (INVX2M)                            0.15       0.82 f
  U_ALU/mult_55/U107/Y (NOR2X1M)                          0.18       1.00 r
  U_ALU/mult_55/U4/Y (AND2X2M)                            0.16       1.16 r
  U_ALU/mult_55/S2_2_2/CO (ADDFX2M)                       0.54       1.70 r
  U_ALU/mult_55/S2_3_2/CO (ADDFX2M)                       0.55       2.25 r
  U_ALU/mult_55/S2_4_2/CO (ADDFX2M)                       0.55       2.80 r
  U_ALU/mult_55/S2_5_2/CO (ADDFX2M)                       0.55       3.35 r
  U_ALU/mult_55/S2_6_2/CO (ADDFX2M)                       0.55       3.90 r
  U_ALU/mult_55/S4_2/S (ADDFX2M)                          0.58       4.48 f
  U_ALU/mult_55/U20/Y (CLKXOR2X2M)                        0.31       4.79 r
  U_ALU/mult_55/FS_1/A[7] (ALU_DW01_add_1)                0.00       4.79 r
  U_ALU/mult_55/FS_1/U3/Y (NAND2X2M)                      0.07       4.86 f
  U_ALU/mult_55/FS_1/U31/Y (OA21X1M)                      0.37       5.23 f
  U_ALU/mult_55/FS_1/U28/Y (AOI2BB1X1M)                   0.26       5.49 f
  U_ALU/mult_55/FS_1/U27/Y (CLKXOR2X2M)                   0.26       5.75 r
  U_ALU/mult_55/FS_1/SUM[10] (ALU_DW01_add_1)             0.00       5.75 r
  U_ALU/mult_55/PRODUCT[12] (ALU_DW02_mult_0)             0.00       5.75 r
  U_ALU/U15/Y (OAI2BB1X2M)                                0.12       5.88 r
  U_ALU/ALU_OUT_reg[12]/D (DFFRQX2M)                      0.00       5.88 r
  data arrival time                                                  5.88

  clock ALU_CLK (rise edge)                              20.00      20.00
  clock network delay (ideal)                             0.00      20.00
  clock uncertainty                                      -0.20      19.80
  U_ALU/ALU_OUT_reg[12]/CK (DFFRQX2M)                     0.00      19.80 r
  library setup time                                     -0.30      19.50
  data required time                                                19.50
  --------------------------------------------------------------------------
  data required time                                                19.50
  data arrival time                                                 -5.88
  --------------------------------------------------------------------------
  slack (MET)                                                       13.62


  Startpoint: U_Reg_File/mem_reg[0][1]
              (rising edge-triggered flip-flop clocked by REF_CLK)
  Endpoint: U_ALU/ALU_OUT_reg[11]
            (rising edge-triggered flip-flop clocked by ALU_CLK)
  Path Group: ALU_CLK
  Path Type: max

  Point                                                   Incr       Path
  --------------------------------------------------------------------------
  clock REF_CLK (rise edge)                               0.00       0.00
  clock network delay (ideal)                             0.00       0.00
  U_Reg_File/mem_reg[0][1]/CK (DFFRQX2M)                  0.00       0.00 r
  U_Reg_File/mem_reg[0][1]/Q (DFFRQX2M)                   0.39       0.39 r
  U_Reg_File/REG0[1] (Reg_File)                           0.00       0.39 r
  U_ALU/A[1] (ALU)                                        0.00       0.39 r
  U_ALU/U5/Y (BUFX2M)                                     0.28       0.67 r
  U_ALU/mult_55/A[1] (ALU_DW02_mult_0)                    0.00       0.67 r
  U_ALU/mult_55/U36/Y (INVX2M)                            0.15       0.82 f
  U_ALU/mult_55/U107/Y (NOR2X1M)                          0.18       1.00 r
  U_ALU/mult_55/U4/Y (AND2X2M)                            0.16       1.16 r
  U_ALU/mult_55/S2_2_2/CO (ADDFX2M)                       0.54       1.70 r
  U_ALU/mult_55/S2_3_2/CO (ADDFX2M)                       0.55       2.25 r
  U_ALU/mult_55/S2_4_2/CO (ADDFX2M)                       0.55       2.80 r
  U_ALU/mult_55/S2_5_2/CO (ADDFX2M)                       0.55       3.35 r
  U_ALU/mult_55/S2_6_2/CO (ADDFX2M)                       0.55       3.90 r
  U_ALU/mult_55/S4_2/S (ADDFX2M)                          0.58       4.48 f
  U_ALU/mult_55/U20/Y (CLKXOR2X2M)                        0.31       4.79 r
  U_ALU/mult_55/FS_1/A[7] (ALU_DW01_add_1)                0.00       4.79 r
  U_ALU/mult_55/FS_1/U3/Y (NAND2X2M)                      0.07       4.86 f
  U_ALU/mult_55/FS_1/U31/Y (OA21X1M)                      0.37       5.23 f
  U_ALU/mult_55/FS_1/U15/Y (XNOR2X1M)                     0.10       5.33 r
  U_ALU/mult_55/FS_1/SUM[9] (ALU_DW01_add_1)              0.00       5.33 r
  U_ALU/mult_55/PRODUCT[11] (ALU_DW02_mult_0)             0.00       5.33 r
  U_ALU/U14/Y (OAI2BB1X2M)                                0.15       5.48 r
  U_ALU/ALU_OUT_reg[11]/D (DFFRQX2M)                      0.00       5.48 r
  data arrival time                                                  5.48

  clock ALU_CLK (rise edge)                              20.00      20.00
  clock network delay (ideal)                             0.00      20.00
  clock uncertainty                                      -0.20      19.80
  U_ALU/ALU_OUT_reg[11]/CK (DFFRQX2M)                     0.00      19.80 r
  library setup time                                     -0.30      19.50
  data required time                                                19.50
  --------------------------------------------------------------------------
  data required time                                                19.50
  data arrival time                                                 -5.48
  --------------------------------------------------------------------------
  slack (MET)                                                       14.01


  Startpoint: U_Reg_File/mem_reg[0][1]
              (rising edge-triggered flip-flop clocked by REF_CLK)
  Endpoint: U_ALU/ALU_OUT_reg[10]
            (rising edge-triggered flip-flop clocked by ALU_CLK)
  Path Group: ALU_CLK
  Path Type: max

  Point                                                   Incr       Path
  --------------------------------------------------------------------------
  clock REF_CLK (rise edge)                               0.00       0.00
  clock network delay (ideal)                             0.00       0.00
  U_Reg_File/mem_reg[0][1]/CK (DFFRQX2M)                  0.00       0.00 r
  U_Reg_File/mem_reg[0][1]/Q (DFFRQX2M)                   0.39       0.39 r
  U_Reg_File/REG0[1] (Reg_File)                           0.00       0.39 r
  U_ALU/A[1] (ALU)                                        0.00       0.39 r
  U_ALU/U5/Y (BUFX2M)                                     0.28       0.67 r
  U_ALU/mult_55/A[1] (ALU_DW02_mult_0)                    0.00       0.67 r
  U_ALU/mult_55/U36/Y (INVX2M)                            0.15       0.82 f
  U_ALU/mult_55/U106/Y (NOR2X1M)                          0.18       1.00 r
  U_ALU/mult_55/U3/Y (AND2X2M)                            0.16       1.16 r
  U_ALU/mult_55/S2_2_3/CO (ADDFX2M)                       0.54       1.70 r
  U_ALU/mult_55/S2_3_3/CO (ADDFX2M)                       0.55       2.25 r
  U_ALU/mult_55/S2_4_3/CO (ADDFX2M)                       0.55       2.80 r
  U_ALU/mult_55/S2_5_3/CO (ADDFX2M)                       0.55       3.35 r
  U_ALU/mult_55/S2_6_3/CO (ADDFX2M)                       0.55       3.90 r
  U_ALU/mult_55/S4_3/S (ADDFX2M)                          0.58       4.48 f
  U_ALU/mult_55/U13/Y (CLKXOR2X2M)                        0.30       4.78 r
  U_ALU/mult_55/FS_1/A[8] (ALU_DW01_add_1)                0.00       4.78 r
  U_ALU/mult_55/FS_1/U33/Y (NOR2X1M)                      0.06       4.84 f
  U_ALU/mult_55/FS_1/U18/Y (NAND2BX1M)                    0.20       5.05 f
  U_ALU/mult_55/FS_1/U17/Y (CLKXOR2X2M)                   0.19       5.24 r
  U_ALU/mult_55/FS_1/SUM[8] (ALU_DW01_add_1)              0.00       5.24 r
  U_ALU/mult_55/PRODUCT[10] (ALU_DW02_mult_0)             0.00       5.24 r
  U_ALU/U18/Y (OAI2BB1X2M)                                0.12       5.36 r
  U_ALU/ALU_OUT_reg[10]/D (DFFRQX2M)                      0.00       5.36 r
  data arrival time                                                  5.36

  clock ALU_CLK (rise edge)                              20.00      20.00
  clock network delay (ideal)                             0.00      20.00
  clock uncertainty                                      -0.20      19.80
  U_ALU/ALU_OUT_reg[10]/CK (DFFRQX2M)                     0.00      19.80 r
  library setup time                                     -0.30      19.50
  data required time                                                19.50
  --------------------------------------------------------------------------
  data required time                                                19.50
  data arrival time                                                 -5.36
  --------------------------------------------------------------------------
  slack (MET)                                                       14.14


  Startpoint: U_Reg_File/mem_reg[0][1]
              (rising edge-triggered flip-flop clocked by REF_CLK)
  Endpoint: U_ALU/ALU_OUT_reg[7]
            (rising edge-triggered flip-flop clocked by ALU_CLK)
  Path Group: ALU_CLK
  Path Type: max

  Point                                                   Incr       Path
  --------------------------------------------------------------------------
  clock REF_CLK (rise edge)                               0.00       0.00
  clock network delay (ideal)                             0.00       0.00
  U_Reg_File/mem_reg[0][1]/CK (DFFRQX2M)                  0.00       0.00 r
  U_Reg_File/mem_reg[0][1]/Q (DFFRQX2M)                   0.39       0.39 r
  U_Reg_File/REG0[1] (Reg_File)                           0.00       0.39 r
  U_ALU/A[1] (ALU)                                        0.00       0.39 r
  U_ALU/U5/Y (BUFX2M)                                     0.28       0.67 r
  U_ALU/mult_55/A[1] (ALU_DW02_mult_0)                    0.00       0.67 r
  U_ALU/mult_55/U36/Y (INVX2M)                            0.15       0.82 f
  U_ALU/mult_55/U109/Y (NOR2X1M)                          0.19       1.01 r
  U_ALU/mult_55/U5/Y (AND2X2M)                            0.16       1.18 r
  U_ALU/mult_55/S1_2_0/CO (ADDFX2M)                       0.54       1.72 r
  U_ALU/mult_55/S1_3_0/CO (ADDFX2M)                       0.55       2.27 r
  U_ALU/mult_55/S1_4_0/CO (ADDFX2M)                       0.55       2.82 r
  U_ALU/mult_55/S1_5_0/CO (ADDFX2M)                       0.55       3.37 r
  U_ALU/mult_55/S1_6_0/CO (ADDFX2M)                       0.55       3.92 r
  U_ALU/mult_55/S4_0/S (ADDFX2M)                          0.56       4.48 f
  U_ALU/mult_55/FS_1/A[5] (ALU_DW01_add_1)                0.00       4.48 f
  U_ALU/mult_55/FS_1/U14/Y (BUFX2M)                       0.15       4.62 f
  U_ALU/mult_55/FS_1/SUM[5] (ALU_DW01_add_1)              0.00       4.62 f
  U_ALU/mult_55/PRODUCT[7] (ALU_DW02_mult_0)              0.00       4.62 f
  U_ALU/U28/Y (OAI2BB2X1M)                                0.22       4.85 f
  U_ALU/U82/Y (AOI221XLM)                                 0.33       5.17 r
  U_ALU/U79/Y (AOI31X2M)                                  0.14       5.32 f
  U_ALU/ALU_OUT_reg[7]/D (DFFRQX2M)                       0.00       5.32 f
  data arrival time                                                  5.32

  clock ALU_CLK (rise edge)                              20.00      20.00
  clock network delay (ideal)                             0.00      20.00
  clock uncertainty                                      -0.20      19.80
  U_ALU/ALU_OUT_reg[7]/CK (DFFRQX2M)                      0.00      19.80 r
  library setup time                                     -0.17      19.63
  data required time                                                19.63
  --------------------------------------------------------------------------
  data required time                                                19.63
  data arrival time                                                 -5.32
  --------------------------------------------------------------------------
  slack (MET)                                                       14.31


  Startpoint: U_Reg_File/mem_reg[0][1]
              (rising edge-triggered flip-flop clocked by REF_CLK)
  Endpoint: U_ALU/ALU_OUT_reg[8]
            (rising edge-triggered flip-flop clocked by ALU_CLK)
  Path Group: ALU_CLK
  Path Type: max

  Point                                                   Incr       Path
  --------------------------------------------------------------------------
  clock REF_CLK (rise edge)                               0.00       0.00
  clock network delay (ideal)                             0.00       0.00
  U_Reg_File/mem_reg[0][1]/CK (DFFRQX2M)                  0.00       0.00 r
  U_Reg_File/mem_reg[0][1]/Q (DFFRQX2M)                   0.39       0.39 r
  U_Reg_File/REG0[1] (Reg_File)                           0.00       0.39 r
  U_ALU/A[1] (ALU)                                        0.00       0.39 r
  U_ALU/U5/Y (BUFX2M)                                     0.28       0.67 r
  U_ALU/mult_55/A[1] (ALU_DW02_mult_0)                    0.00       0.67 r
  U_ALU/mult_55/U36/Y (INVX2M)                            0.15       0.82 f
  U_ALU/mult_55/U108/Y (NOR2X1M)                          0.18       1.00 r
  U_ALU/mult_55/U2/Y (AND2X2M)                            0.16       1.16 r
  U_ALU/mult_55/S2_2_1/CO (ADDFX2M)                       0.54       1.70 r
  U_ALU/mult_55/S2_3_1/CO (ADDFX2M)                       0.55       2.25 r
  U_ALU/mult_55/S2_4_1/CO (ADDFX2M)                       0.55       2.80 r
  U_ALU/mult_55/S2_5_1/CO (ADDFX2M)                       0.55       3.35 r
  U_ALU/mult_55/S2_6_1/CO (ADDFX2M)                       0.55       3.90 r
  U_ALU/mult_55/S4_1/S (ADDFX2M)                          0.59       4.49 f
  U_ALU/mult_55/U29/Y (INVX2M)                            0.08       4.57 r
  U_ALU/mult_55/U28/Y (XNOR2X2M)                          0.17       4.74 r
  U_ALU/mult_55/FS_1/A[6] (ALU_DW01_add_1)                0.00       4.74 r
  U_ALU/mult_55/FS_1/U7/Y (INVX2M)                        0.06       4.80 f
  U_ALU/mult_55/FS_1/U8/Y (INVX2M)                        0.05       4.85 r
  U_ALU/mult_55/FS_1/SUM[6] (ALU_DW01_add_1)              0.00       4.85 r
  U_ALU/mult_55/PRODUCT[8] (ALU_DW02_mult_0)              0.00       4.85 r
  U_ALU/U85/Y (AOI22X1M)                                  0.11       4.96 f
  U_ALU/U83/Y (AOI21X2M)                                  0.17       5.13 r
  U_ALU/ALU_OUT_reg[8]/D (DFFRQX2M)                       0.00       5.13 r
  data arrival time                                                  5.13

  clock ALU_CLK (rise edge)                              20.00      20.00
  clock network delay (ideal)                             0.00      20.00
  clock uncertainty                                      -0.20      19.80
  U_ALU/ALU_OUT_reg[8]/CK (DFFRQX2M)                      0.00      19.80 r
  library setup time                                     -0.31      19.49
  data required time                                                19.49
  --------------------------------------------------------------------------
  data required time                                                19.49
  data arrival time                                                 -5.13
  --------------------------------------------------------------------------
  slack (MET)                                                       14.36


  Startpoint: U_Reg_File/mem_reg[0][1]
              (rising edge-triggered flip-flop clocked by REF_CLK)
  Endpoint: U_ALU/ALU_OUT_reg[9]
            (rising edge-triggered flip-flop clocked by ALU_CLK)
  Path Group: ALU_CLK
  Path Type: max

  Point                                                   Incr       Path
  --------------------------------------------------------------------------
  clock REF_CLK (rise edge)                               0.00       0.00
  clock network delay (ideal)                             0.00       0.00
  U_Reg_File/mem_reg[0][1]/CK (DFFRQX2M)                  0.00       0.00 r
  U_Reg_File/mem_reg[0][1]/Q (DFFRQX2M)                   0.39       0.39 r
  U_Reg_File/REG0[1] (Reg_File)                           0.00       0.39 r
  U_ALU/A[1] (ALU)                                        0.00       0.39 r
  U_ALU/U5/Y (BUFX2M)                                     0.28       0.67 r
  U_ALU/mult_55/A[1] (ALU_DW02_mult_0)                    0.00       0.67 r
  U_ALU/mult_55/U36/Y (INVX2M)                            0.15       0.82 f
  U_ALU/mult_55/U108/Y (NOR2X1M)                          0.18       1.00 r
  U_ALU/mult_55/U2/Y (AND2X2M)                            0.16       1.16 r
  U_ALU/mult_55/S2_2_1/CO (ADDFX2M)                       0.54       1.70 r
  U_ALU/mult_55/S2_3_1/CO (ADDFX2M)                       0.55       2.25 r
  U_ALU/mult_55/S2_4_1/CO (ADDFX2M)                       0.55       2.80 r
  U_ALU/mult_55/S2_5_1/CO (ADDFX2M)                       0.55       3.35 r
  U_ALU/mult_55/S2_6_1/CO (ADDFX2M)                       0.55       3.90 r
  U_ALU/mult_55/S4_1/S (ADDFX2M)                          0.59       4.49 f
  U_ALU/mult_55/U19/Y (AND2X2M)                           0.20       4.69 f
  U_ALU/mult_55/FS_1/B[7] (ALU_DW01_add_1)                0.00       4.69 f
  U_ALU/mult_55/FS_1/U6/Y (INVX2M)                        0.06       4.75 r
  U_ALU/mult_55/FS_1/U5/Y (XNOR2X2M)                      0.15       4.90 r
  U_ALU/mult_55/FS_1/SUM[7] (ALU_DW01_add_1)              0.00       4.90 r
  U_ALU/mult_55/PRODUCT[9] (ALU_DW02_mult_0)              0.00       4.90 r
  U_ALU/U17/Y (OAI2BB1X2M)                                0.15       5.05 r
  U_ALU/ALU_OUT_reg[9]/D (DFFRQX2M)                       0.00       5.05 r
  data arrival time                                                  5.05

  clock ALU_CLK (rise edge)                              20.00      20.00
  clock network delay (ideal)                             0.00      20.00
  clock uncertainty                                      -0.20      19.80
  U_ALU/ALU_OUT_reg[9]/CK (DFFRQX2M)                      0.00      19.80 r
  library setup time                                     -0.30      19.50
  data required time                                                19.50
  --------------------------------------------------------------------------
  data required time                                                19.50
  data arrival time                                                 -5.05
  --------------------------------------------------------------------------
  slack (MET)                                                       14.45


  Startpoint: U_Reg_File/mem_reg[1][7]
              (rising edge-triggered flip-flop clocked by REF_CLK)
  Endpoint: U_ALU/ALU_OUT_reg[5]
            (rising edge-triggered flip-flop clocked by ALU_CLK)
  Path Group: ALU_CLK
  Path Type: max

  Point                                                   Incr       Path
  --------------------------------------------------------------------------
  clock REF_CLK (rise edge)                               0.00       0.00
  clock network delay (ideal)                             0.00       0.00
  U_Reg_File/mem_reg[1][7]/CK (DFFRQX2M)                  0.00       0.00 r
  U_Reg_File/mem_reg[1][7]/Q (DFFRQX2M)                   0.48       0.48 f
  U_Reg_File/REG1[7] (Reg_File)                           0.00       0.48 f
  U_ALU/B[7] (ALU)                                        0.00       0.48 f
  U_ALU/U114/Y (BUFX2M)                                   0.22       0.71 f
  U_ALU/div_62/b[7] (ALU_DW_div_uns_0)                    0.00       0.71 f
  U_ALU/div_62/U70/Y (NOR2X1M)                            0.17       0.88 r
  U_ALU/div_62/U67/Y (AND3X1M)                            0.20       1.08 r
  U_ALU/div_62/U65/Y (AND2X1M)                            0.16       1.24 r
  U_ALU/div_62/U62/Y (AND4X1M)                            0.25       1.49 r
  U_ALU/div_62/U40/Y (CLKMX2X2M)                          0.24       1.74 f
  U_ALU/div_62/u_div/u_fa_PartRem_0_6_1/CO (ADDFX2M)      0.44       2.17 f
  U_ALU/div_62/U63/Y (AND3X1M)                            0.32       2.49 f
  U_ALU/div_62/U46/Y (CLKMX2X2M)                          0.22       2.72 f
  U_ALU/div_62/u_div/u_fa_PartRem_0_5_1/CO (ADDFX2M)      0.46       3.17 f
  U_ALU/div_62/u_div/u_fa_PartRem_0_5_2/CO (ADDFX2M)      0.31       3.48 f
  U_ALU/div_62/U64/Y (AND2X1M)                            0.26       3.73 f
  U_ALU/div_62/quotient[5] (ALU_DW_div_uns_0)             0.00       3.73 f
  U_ALU/U133/Y (AOI22X1M)                                 0.17       3.91 r
  U_ALU/U131/Y (OAI21X2M)                                 0.09       4.00 f
  U_ALU/U74/Y (AOI221XLM)                                 0.32       4.32 r
  U_ALU/U71/Y (AOI31X2M)                                  0.14       4.46 f
  U_ALU/ALU_OUT_reg[5]/D (DFFRQX2M)                       0.00       4.46 f
  data arrival time                                                  4.46

  clock ALU_CLK (rise edge)                              20.00      20.00
  clock network delay (ideal)                             0.00      20.00
  clock uncertainty                                      -0.20      19.80
  U_ALU/ALU_OUT_reg[5]/CK (DFFRQX2M)                      0.00      19.80 r
  library setup time                                     -0.17      19.63
  data required time                                                19.63
  --------------------------------------------------------------------------
  data required time                                                19.63
  data arrival time                                                 -4.46
  --------------------------------------------------------------------------
  slack (MET)                                                       15.17


  Startpoint: U_Reg_File/mem_reg[0][1]
              (rising edge-triggered flip-flop clocked by REF_CLK)
  Endpoint: U_ALU/ALU_OUT_reg[6]
            (rising edge-triggered flip-flop clocked by ALU_CLK)
  Path Group: ALU_CLK
  Path Type: max

  Point                                                   Incr       Path
  --------------------------------------------------------------------------
  clock REF_CLK (rise edge)                               0.00       0.00
  clock network delay (ideal)                             0.00       0.00
  U_Reg_File/mem_reg[0][1]/CK (DFFRQX2M)                  0.00       0.00 r
  U_Reg_File/mem_reg[0][1]/Q (DFFRQX2M)                   0.39       0.39 r
  U_Reg_File/REG0[1] (Reg_File)                           0.00       0.39 r
  U_ALU/A[1] (ALU)                                        0.00       0.39 r
  U_ALU/U5/Y (BUFX2M)                                     0.28       0.67 r
  U_ALU/mult_55/A[1] (ALU_DW02_mult_0)                    0.00       0.67 r
  U_ALU/mult_55/U36/Y (INVX2M)                            0.15       0.82 f
  U_ALU/mult_55/U109/Y (NOR2X1M)                          0.19       1.01 r
  U_ALU/mult_55/U5/Y (AND2X2M)                            0.16       1.18 r
  U_ALU/mult_55/S1_2_0/CO (ADDFX2M)                       0.54       1.72 r
  U_ALU/mult_55/S1_3_0/CO (ADDFX2M)                       0.55       2.27 r
  U_ALU/mult_55/S1_4_0/CO (ADDFX2M)                       0.55       2.82 r
  U_ALU/mult_55/S1_5_0/CO (ADDFX2M)                       0.55       3.37 r
  U_ALU/mult_55/S1_6_0/S (ADDFX2M)                        0.56       3.93 f
  U_ALU/mult_55/FS_1/A[4] (ALU_DW01_add_1)                0.00       3.93 f
  U_ALU/mult_55/FS_1/U13/Y (BUFX2M)                       0.15       4.08 f
  U_ALU/mult_55/FS_1/SUM[4] (ALU_DW01_add_1)              0.00       4.08 f
  U_ALU/mult_55/PRODUCT[6] (ALU_DW02_mult_0)              0.00       4.08 f
  U_ALU/U78/Y (AOI222X1M)                                 0.25       4.32 r
  U_ALU/U75/Y (AOI31X2M)                                  0.14       4.46 f
  U_ALU/ALU_OUT_reg[6]/D (DFFRQX2M)                       0.00       4.46 f
  data arrival time                                                  4.46

  clock ALU_CLK (rise edge)                              20.00      20.00
  clock network delay (ideal)                             0.00      20.00
  clock uncertainty                                      -0.20      19.80
  U_ALU/ALU_OUT_reg[6]/CK (DFFRQX2M)                      0.00      19.80 r
  library setup time                                     -0.17      19.63
  data required time                                                19.63
  --------------------------------------------------------------------------
  data required time                                                19.63
  data arrival time                                                 -4.46
  --------------------------------------------------------------------------
  slack (MET)                                                       15.17


  Startpoint: U_SYS_CTRL/Current_State_reg[0]
              (rising edge-triggered flip-flop clocked by REF_CLK)
  Endpoint: U_ALU/OUT_Valid_reg
            (rising edge-triggered flip-flop clocked by ALU_CLK)
  Path Group: ALU_CLK
  Path Type: max

  Point                                                   Incr       Path
  --------------------------------------------------------------------------
  clock REF_CLK (rise edge)                               0.00       0.00
  clock network delay (ideal)                             0.00       0.00
  U_SYS_CTRL/Current_State_reg[0]/CK (DFFRQX2M)           0.00       0.00 r
  U_SYS_CTRL/Current_State_reg[0]/Q (DFFRQX2M)            0.36       0.36 r
  U_SYS_CTRL/U59/Y (BUFX2M)                               0.39       0.76 r
  U_SYS_CTRL/U22/Y (INVX2M)                               0.17       0.93 f
  U_SYS_CTRL/U48/Y (NOR3X2M)                              0.33       1.26 r
  U_SYS_CTRL/U50/Y (NAND2X2M)                             0.22       1.48 f
  U_SYS_CTRL/U36/Y (NAND2X2M)                             0.14       1.62 r
  U_SYS_CTRL/ALU_EN (SYS_CTRL)                            0.00       1.62 r
  U_ALU/Enable (ALU)                                      0.00       1.62 r
  U_ALU/OUT_Valid_reg/D (DFFRQX2M)                        0.00       1.62 r
  data arrival time                                                  1.62

  clock ALU_CLK (rise edge)                              20.00      20.00
  clock network delay (ideal)                             0.00      20.00
  clock uncertainty                                      -0.20      19.80
  U_ALU/OUT_Valid_reg/CK (DFFRQX2M)                       0.00      19.80 r
  library setup time                                     -0.31      19.49
  data required time                                                19.49
  --------------------------------------------------------------------------
  data required time                                                19.49
  data arrival time                                                 -1.62
  --------------------------------------------------------------------------
  slack (MET)                                                       17.87


  Startpoint: UART_RX_IN (input port clocked by RX_CLK)
  Endpoint: U_UART_RX/U0_FSM/Current_State_reg[0]
            (rising edge-triggered flip-flop clocked by RX_CLK)
  Path Group: INREG
  Path Type: max

  Point                                                   Incr       Path
  --------------------------------------------------------------------------
  clock RX_CLK (rise edge)                                0.00       0.00
  clock network delay (ideal)                             0.00       0.00
  input external delay                                   54.25      54.25 f
  UART_RX_IN (in)                                         0.02      54.27 f
  U_UART_RX/RX_IN (UART_RX)                               0.00      54.27 f
  U_UART_RX/U0_FSM/RX_IN (RX_FSM)                         0.00      54.27 f
  U_UART_RX/U0_FSM/U10/Y (OAI221X1M)                      0.16      54.43 r
  U_UART_RX/U0_FSM/Current_State_reg[0]/D (DFFRX1M)       0.00      54.43 r
  data arrival time                                                 54.43

  clock RX_CLK (rise edge)                              271.30     271.30
  clock network delay (ideal)                             0.00     271.30
  clock uncertainty                                      -0.20     271.10
  U_UART_RX/U0_FSM/Current_State_reg[0]/CK (DFFRX1M)      0.00     271.10 r
  library setup time                                     -0.28     270.82
  data required time                                               270.82
  --------------------------------------------------------------------------
  data required time                                               270.82
  data arrival time                                                -54.43
  --------------------------------------------------------------------------
  slack (MET)                                                      216.39


  Startpoint: UART_RX_IN (input port clocked by RX_CLK)
  Endpoint: U_UART_RX/U0_data_sampling/Sample_reg[2]
            (rising edge-triggered flip-flop clocked by RX_CLK)
  Path Group: INREG
  Path Type: max

  Point                                                   Incr       Path
  --------------------------------------------------------------------------
  clock RX_CLK (rise edge)                                0.00       0.00
  clock network delay (ideal)                             0.00       0.00
  input external delay                                   54.25      54.25 r
  UART_RX_IN (in)                                         0.02      54.27 r
  U_UART_RX/RX_IN (UART_RX)                               0.00      54.27 r
  U_UART_RX/U0_data_sampling/RX_IN (Data_sampling)        0.00      54.27 r
  U_UART_RX/U0_data_sampling/U4/Y (OAI2BB2X1M)            0.14      54.42 r
  U_UART_RX/U0_data_sampling/Sample_reg[2]/D (DFFRX1M)
                                                          0.00      54.42 r
  data arrival time                                                 54.42

  clock RX_CLK (rise edge)                              271.30     271.30
  clock network delay (ideal)                             0.00     271.30
  clock uncertainty                                      -0.20     271.10
  U_UART_RX/U0_data_sampling/Sample_reg[2]/CK (DFFRX1M)
                                                          0.00     271.10 r
  library setup time                                     -0.26     270.84
  data required time                                               270.84
  --------------------------------------------------------------------------
  data required time                                               270.84
  data arrival time                                                -54.42
  --------------------------------------------------------------------------
  slack (MET)                                                      216.42


  Startpoint: U_SYS_CTRL/Current_State_reg[0]
              (rising edge-triggered flip-flop clocked by REF_CLK)
  Endpoint: U_Reg_File/RdData_reg[7]
            (rising edge-triggered flip-flop clocked by REF_CLK)
  Path Group: REF_CLK
  Path Type: max

  Point                                                   Incr       Path
  --------------------------------------------------------------------------
  clock REF_CLK (rise edge)                               0.00       0.00
  clock network delay (ideal)                             0.00       0.00
  U_SYS_CTRL/Current_State_reg[0]/CK (DFFRQX2M)           0.00       0.00 r
  U_SYS_CTRL/Current_State_reg[0]/Q (DFFRQX2M)            0.36       0.36 r
  U_SYS_CTRL/U59/Y (BUFX2M)                               0.39       0.76 r
  U_SYS_CTRL/U22/Y (INVX2M)                               0.17       0.93 f
  U_SYS_CTRL/U3/Y (NOR2X2M)                               0.30       1.23 r
  U_SYS_CTRL/U54/Y (MX2X2M)                               0.18       1.42 r
  U_SYS_CTRL/U53/Y (MX3X1M)                               0.23       1.64 r
  U_SYS_CTRL/Address[0] (SYS_CTRL)                        0.00       1.64 r
  U4/Y (BUFX2M)                                           0.36       2.01 r
  U_Reg_File/Address[0] (Reg_File)                        0.00       2.01 r
  U_Reg_File/U50/Y (INVX2M)                               0.12       2.13 f
  U_Reg_File/U13/Y (BUFX2M)                               0.17       2.30 f
  U_Reg_File/U12/Y (INVX2M)                               0.77       3.07 r
  U_Reg_File/U237/Y (MX4X1M)                              0.49       3.56 f
  U_Reg_File/U219/Y (MX4X1M)                              0.34       3.90 f
  U_Reg_File/U218/Y (AO22X1M)                             0.32       4.22 f
  U_Reg_File/RdData_reg[7]/D (DFFRQX2M)                   0.00       4.22 f
  data arrival time                                                  4.22

  clock REF_CLK (rise edge)                              20.00      20.00
  clock network delay (ideal)                             0.00      20.00
  clock uncertainty                                      -0.20      19.80
  U_Reg_File/RdData_reg[7]/CK (DFFRQX2M)                  0.00      19.80 r
  library setup time                                     -0.15      19.65
  data required time                                                19.65
  --------------------------------------------------------------------------
  data required time                                                19.65
  data arrival time                                                 -4.22
  --------------------------------------------------------------------------
  slack (MET)                                                       15.42


  Startpoint: U_SYS_CTRL/Current_State_reg[0]
              (rising edge-triggered flip-flop clocked by REF_CLK)
  Endpoint: U_Reg_File/RdData_reg[6]
            (rising edge-triggered flip-flop clocked by REF_CLK)
  Path Group: REF_CLK
  Path Type: max

  Point                                                   Incr       Path
  --------------------------------------------------------------------------
  clock REF_CLK (rise edge)                               0.00       0.00
  clock network delay (ideal)                             0.00       0.00
  U_SYS_CTRL/Current_State_reg[0]/CK (DFFRQX2M)           0.00       0.00 r
  U_SYS_CTRL/Current_State_reg[0]/Q (DFFRQX2M)            0.36       0.36 r
  U_SYS_CTRL/U59/Y (BUFX2M)                               0.39       0.76 r
  U_SYS_CTRL/U22/Y (INVX2M)                               0.17       0.93 f
  U_SYS_CTRL/U3/Y (NOR2X2M)                               0.30       1.23 r
  U_SYS_CTRL/U54/Y (MX2X2M)                               0.18       1.42 r
  U_SYS_CTRL/U53/Y (MX3X1M)                               0.23       1.64 r
  U_SYS_CTRL/Address[0] (SYS_CTRL)                        0.00       1.64 r
  U4/Y (BUFX2M)                                           0.36       2.01 r
  U_Reg_File/Address[0] (Reg_File)                        0.00       2.01 r
  U_Reg_File/U50/Y (INVX2M)                               0.12       2.13 f
  U_Reg_File/U13/Y (BUFX2M)                               0.17       2.30 f
  U_Reg_File/U12/Y (INVX2M)                               0.77       3.07 r
  U_Reg_File/U236/Y (MX4X1M)                              0.49       3.56 f
  U_Reg_File/U215/Y (MX4X1M)                              0.34       3.90 f
  U_Reg_File/U214/Y (AO22X1M)                             0.32       4.22 f
  U_Reg_File/RdData_reg[6]/D (DFFRQX2M)                   0.00       4.22 f
  data arrival time                                                  4.22

  clock REF_CLK (rise edge)                              20.00      20.00
  clock network delay (ideal)                             0.00      20.00
  clock uncertainty                                      -0.20      19.80
  U_Reg_File/RdData_reg[6]/CK (DFFRQX2M)                  0.00      19.80 r
  library setup time                                     -0.15      19.65
  data required time                                                19.65
  --------------------------------------------------------------------------
  data required time                                                19.65
  data arrival time                                                 -4.22
  --------------------------------------------------------------------------
  slack (MET)                                                       15.42


  Startpoint: U_SYS_CTRL/Current_State_reg[0]
              (rising edge-triggered flip-flop clocked by REF_CLK)
  Endpoint: U_Reg_File/RdData_reg[5]
            (rising edge-triggered flip-flop clocked by REF_CLK)
  Path Group: REF_CLK
  Path Type: max

  Point                                                   Incr       Path
  --------------------------------------------------------------------------
  clock REF_CLK (rise edge)                               0.00       0.00
  clock network delay (ideal)                             0.00       0.00
  U_SYS_CTRL/Current_State_reg[0]/CK (DFFRQX2M)           0.00       0.00 r
  U_SYS_CTRL/Current_State_reg[0]/Q (DFFRQX2M)            0.36       0.36 r
  U_SYS_CTRL/U59/Y (BUFX2M)                               0.39       0.76 r
  U_SYS_CTRL/U22/Y (INVX2M)                               0.17       0.93 f
  U_SYS_CTRL/U3/Y (NOR2X2M)                               0.30       1.23 r
  U_SYS_CTRL/U54/Y (MX2X2M)                               0.18       1.42 r
  U_SYS_CTRL/U53/Y (MX3X1M)                               0.23       1.64 r
  U_SYS_CTRL/Address[0] (SYS_CTRL)                        0.00       1.64 r
  U4/Y (BUFX2M)                                           0.36       2.01 r
  U_Reg_File/Address[0] (Reg_File)                        0.00       2.01 r
  U_Reg_File/U50/Y (INVX2M)                               0.12       2.13 f
  U_Reg_File/U13/Y (BUFX2M)                               0.17       2.30 f
  U_Reg_File/U12/Y (INVX2M)                               0.77       3.07 r
  U_Reg_File/U235/Y (MX4X1M)                              0.49       3.56 f
  U_Reg_File/U211/Y (MX4X1M)                              0.34       3.90 f
  U_Reg_File/U210/Y (AO22X1M)                             0.32       4.22 f
  U_Reg_File/RdData_reg[5]/D (DFFRQX2M)                   0.00       4.22 f
  data arrival time                                                  4.22

  clock REF_CLK (rise edge)                              20.00      20.00
  clock network delay (ideal)                             0.00      20.00
  clock uncertainty                                      -0.20      19.80
  U_Reg_File/RdData_reg[5]/CK (DFFRQX2M)                  0.00      19.80 r
  library setup time                                     -0.15      19.65
  data required time                                                19.65
  --------------------------------------------------------------------------
  data required time                                                19.65
  data arrival time                                                 -4.22
  --------------------------------------------------------------------------
  slack (MET)                                                       15.42


  Startpoint: U_SYS_CTRL/Current_State_reg[0]
              (rising edge-triggered flip-flop clocked by REF_CLK)
  Endpoint: U_Reg_File/RdData_reg[4]
            (rising edge-triggered flip-flop clocked by REF_CLK)
  Path Group: REF_CLK
  Path Type: max

  Point                                                   Incr       Path
  --------------------------------------------------------------------------
  clock REF_CLK (rise edge)                               0.00       0.00
  clock network delay (ideal)                             0.00       0.00
  U_SYS_CTRL/Current_State_reg[0]/CK (DFFRQX2M)           0.00       0.00 r
  U_SYS_CTRL/Current_State_reg[0]/Q (DFFRQX2M)            0.36       0.36 r
  U_SYS_CTRL/U59/Y (BUFX2M)                               0.39       0.76 r
  U_SYS_CTRL/U22/Y (INVX2M)                               0.17       0.93 f
  U_SYS_CTRL/U3/Y (NOR2X2M)                               0.30       1.23 r
  U_SYS_CTRL/U54/Y (MX2X2M)                               0.18       1.42 r
  U_SYS_CTRL/U53/Y (MX3X1M)                               0.23       1.64 r
  U_SYS_CTRL/Address[0] (SYS_CTRL)                        0.00       1.64 r
  U4/Y (BUFX2M)                                           0.36       2.01 r
  U_Reg_File/Address[0] (Reg_File)                        0.00       2.01 r
  U_Reg_File/U50/Y (INVX2M)                               0.12       2.13 f
  U_Reg_File/U13/Y (BUFX2M)                               0.17       2.30 f
  U_Reg_File/U10/Y (INVX2M)                               0.77       3.07 r
  U_Reg_File/U234/Y (MX4X1M)                              0.49       3.56 f
  U_Reg_File/U207/Y (MX4X1M)                              0.34       3.90 f
  U_Reg_File/U206/Y (AO22X1M)                             0.32       4.22 f
  U_Reg_File/RdData_reg[4]/D (DFFRQX2M)                   0.00       4.22 f
  data arrival time                                                  4.22

  clock REF_CLK (rise edge)                              20.00      20.00
  clock network delay (ideal)                             0.00      20.00
  clock uncertainty                                      -0.20      19.80
  U_Reg_File/RdData_reg[4]/CK (DFFRQX2M)                  0.00      19.80 r
  library setup time                                     -0.15      19.65
  data required time                                                19.65
  --------------------------------------------------------------------------
  data required time                                                19.65
  data arrival time                                                 -4.22
  --------------------------------------------------------------------------
  slack (MET)                                                       15.42


  Startpoint: U_SYS_CTRL/Current_State_reg[0]
              (rising edge-triggered flip-flop clocked by REF_CLK)
  Endpoint: U_Reg_File/RdData_reg[3]
            (rising edge-triggered flip-flop clocked by REF_CLK)
  Path Group: REF_CLK
  Path Type: max

  Point                                                   Incr       Path
  --------------------------------------------------------------------------
  clock REF_CLK (rise edge)                               0.00       0.00
  clock network delay (ideal)                             0.00       0.00
  U_SYS_CTRL/Current_State_reg[0]/CK (DFFRQX2M)           0.00       0.00 r
  U_SYS_CTRL/Current_State_reg[0]/Q (DFFRQX2M)            0.36       0.36 r
  U_SYS_CTRL/U59/Y (BUFX2M)                               0.39       0.76 r
  U_SYS_CTRL/U22/Y (INVX2M)                               0.17       0.93 f
  U_SYS_CTRL/U3/Y (NOR2X2M)                               0.30       1.23 r
  U_SYS_CTRL/U54/Y (MX2X2M)                               0.18       1.42 r
  U_SYS_CTRL/U53/Y (MX3X1M)                               0.23       1.64 r
  U_SYS_CTRL/Address[0] (SYS_CTRL)                        0.00       1.64 r
  U4/Y (BUFX2M)                                           0.36       2.01 r
  U_Reg_File/Address[0] (Reg_File)                        0.00       2.01 r
  U_Reg_File/U50/Y (INVX2M)                               0.12       2.13 f
  U_Reg_File/U13/Y (BUFX2M)                               0.17       2.30 f
  U_Reg_File/U10/Y (INVX2M)                               0.77       3.07 r
  U_Reg_File/U233/Y (MX4X1M)                              0.49       3.56 f
  U_Reg_File/U203/Y (MX4X1M)                              0.34       3.90 f
  U_Reg_File/U202/Y (AO22X1M)                             0.32       4.22 f
  U_Reg_File/RdData_reg[3]/D (DFFRQX2M)                   0.00       4.22 f
  data arrival time                                                  4.22

  clock REF_CLK (rise edge)                              20.00      20.00
  clock network delay (ideal)                             0.00      20.00
  clock uncertainty                                      -0.20      19.80
  U_Reg_File/RdData_reg[3]/CK (DFFRQX2M)                  0.00      19.80 r
  library setup time                                     -0.15      19.65
  data required time                                                19.65
  --------------------------------------------------------------------------
  data required time                                                19.65
  data arrival time                                                 -4.22
  --------------------------------------------------------------------------
  slack (MET)                                                       15.42


  Startpoint: U_SYS_CTRL/Current_State_reg[0]
              (rising edge-triggered flip-flop clocked by REF_CLK)
  Endpoint: U_Reg_File/RdData_reg[2]
            (rising edge-triggered flip-flop clocked by REF_CLK)
  Path Group: REF_CLK
  Path Type: max

  Point                                                   Incr       Path
  --------------------------------------------------------------------------
  clock REF_CLK (rise edge)                               0.00       0.00
  clock network delay (ideal)                             0.00       0.00
  U_SYS_CTRL/Current_State_reg[0]/CK (DFFRQX2M)           0.00       0.00 r
  U_SYS_CTRL/Current_State_reg[0]/Q (DFFRQX2M)            0.36       0.36 r
  U_SYS_CTRL/U59/Y (BUFX2M)                               0.39       0.76 r
  U_SYS_CTRL/U22/Y (INVX2M)                               0.17       0.93 f
  U_SYS_CTRL/U3/Y (NOR2X2M)                               0.30       1.23 r
  U_SYS_CTRL/U54/Y (MX2X2M)                               0.18       1.42 r
  U_SYS_CTRL/U53/Y (MX3X1M)                               0.23       1.64 r
  U_SYS_CTRL/Address[0] (SYS_CTRL)                        0.00       1.64 r
  U4/Y (BUFX2M)                                           0.36       2.01 r
  U_Reg_File/Address[0] (Reg_File)                        0.00       2.01 r
  U_Reg_File/U50/Y (INVX2M)                               0.12       2.13 f
  U_Reg_File/U13/Y (BUFX2M)                               0.17       2.30 f
  U_Reg_File/U10/Y (INVX2M)                               0.77       3.07 r
  U_Reg_File/U232/Y (MX4X1M)                              0.49       3.56 f
  U_Reg_File/U199/Y (MX4X1M)                              0.34       3.90 f
  U_Reg_File/U198/Y (AO22X1M)                             0.32       4.22 f
  U_Reg_File/RdData_reg[2]/D (DFFRQX2M)                   0.00       4.22 f
  data arrival time                                                  4.22

  clock REF_CLK (rise edge)                              20.00      20.00
  clock network delay (ideal)                             0.00      20.00
  clock uncertainty                                      -0.20      19.80
  U_Reg_File/RdData_reg[2]/CK (DFFRQX2M)                  0.00      19.80 r
  library setup time                                     -0.15      19.65
  data required time                                                19.65
  --------------------------------------------------------------------------
  data required time                                                19.65
  data arrival time                                                 -4.22
  --------------------------------------------------------------------------
  slack (MET)                                                       15.42


  Startpoint: U_SYS_CTRL/Current_State_reg[0]
              (rising edge-triggered flip-flop clocked by REF_CLK)
  Endpoint: U_Reg_File/RdData_reg[1]
            (rising edge-triggered flip-flop clocked by REF_CLK)
  Path Group: REF_CLK
  Path Type: max

  Point                                                   Incr       Path
  --------------------------------------------------------------------------
  clock REF_CLK (rise edge)                               0.00       0.00
  clock network delay (ideal)                             0.00       0.00
  U_SYS_CTRL/Current_State_reg[0]/CK (DFFRQX2M)           0.00       0.00 r
  U_SYS_CTRL/Current_State_reg[0]/Q (DFFRQX2M)            0.36       0.36 r
  U_SYS_CTRL/U59/Y (BUFX2M)                               0.39       0.76 r
  U_SYS_CTRL/U22/Y (INVX2M)                               0.17       0.93 f
  U_SYS_CTRL/U3/Y (NOR2X2M)                               0.30       1.23 r
  U_SYS_CTRL/U54/Y (MX2X2M)                               0.18       1.42 r
  U_SYS_CTRL/U53/Y (MX3X1M)                               0.23       1.64 r
  U_SYS_CTRL/Address[0] (SYS_CTRL)                        0.00       1.64 r
  U4/Y (BUFX2M)                                           0.36       2.01 r
  U_Reg_File/Address[0] (Reg_File)                        0.00       2.01 r
  U_Reg_File/U50/Y (INVX2M)                               0.12       2.13 f
  U_Reg_File/U13/Y (BUFX2M)                               0.17       2.30 f
  U_Reg_File/U12/Y (INVX2M)                               0.77       3.07 r
  U_Reg_File/U197/Y (MX4X1M)                              0.49       3.56 f
  U_Reg_File/U195/Y (MX4X1M)                              0.34       3.90 f
  U_Reg_File/U194/Y (AO22X1M)                             0.32       4.22 f
  U_Reg_File/RdData_reg[1]/D (DFFRQX2M)                   0.00       4.22 f
  data arrival time                                                  4.22

  clock REF_CLK (rise edge)                              20.00      20.00
  clock network delay (ideal)                             0.00      20.00
  clock uncertainty                                      -0.20      19.80
  U_Reg_File/RdData_reg[1]/CK (DFFRQX2M)                  0.00      19.80 r
  library setup time                                     -0.15      19.65
  data required time                                                19.65
  --------------------------------------------------------------------------
  data required time                                                19.65
  data arrival time                                                 -4.22
  --------------------------------------------------------------------------
  slack (MET)                                                       15.42


  Startpoint: U_SYS_CTRL/Current_State_reg[0]
              (rising edge-triggered flip-flop clocked by REF_CLK)
  Endpoint: U_Reg_File/RdData_reg[0]
            (rising edge-triggered flip-flop clocked by REF_CLK)
  Path Group: REF_CLK
  Path Type: max

  Point                                                   Incr       Path
  --------------------------------------------------------------------------
  clock REF_CLK (rise edge)                               0.00       0.00
  clock network delay (ideal)                             0.00       0.00
  U_SYS_CTRL/Current_State_reg[0]/CK (DFFRQX2M)           0.00       0.00 r
  U_SYS_CTRL/Current_State_reg[0]/Q (DFFRQX2M)            0.36       0.36 r
  U_SYS_CTRL/U59/Y (BUFX2M)                               0.39       0.76 r
  U_SYS_CTRL/U22/Y (INVX2M)                               0.17       0.93 f
  U_SYS_CTRL/U3/Y (NOR2X2M)                               0.30       1.23 r
  U_SYS_CTRL/U54/Y (MX2X2M)                               0.18       1.42 r
  U_SYS_CTRL/U53/Y (MX3X1M)                               0.23       1.64 r
  U_SYS_CTRL/Address[0] (SYS_CTRL)                        0.00       1.64 r
  U4/Y (BUFX2M)                                           0.36       2.01 r
  U_Reg_File/Address[0] (Reg_File)                        0.00       2.01 r
  U_Reg_File/U50/Y (INVX2M)                               0.12       2.13 f
  U_Reg_File/U13/Y (BUFX2M)                               0.17       2.30 f
  U_Reg_File/U10/Y (INVX2M)                               0.77       3.07 r
  U_Reg_File/U231/Y (MX4X1M)                              0.49       3.56 f
  U_Reg_File/U191/Y (MX4X1M)                              0.34       3.90 f
  U_Reg_File/U190/Y (AO22X1M)                             0.32       4.22 f
  U_Reg_File/RdData_reg[0]/D (DFFRQX2M)                   0.00       4.22 f
  data arrival time                                                  4.22

  clock REF_CLK (rise edge)                              20.00      20.00
  clock network delay (ideal)                             0.00      20.00
  clock uncertainty                                      -0.20      19.80
  U_Reg_File/RdData_reg[0]/CK (DFFRQX2M)                  0.00      19.80 r
  library setup time                                     -0.15      19.65
  data required time                                                19.65
  --------------------------------------------------------------------------
  data required time                                                19.65
  data arrival time                                                 -4.22
  --------------------------------------------------------------------------
  slack (MET)                                                       15.42


  Startpoint: U_SYS_CTRL/Current_State_reg[0]
              (rising edge-triggered flip-flop clocked by REF_CLK)
  Endpoint: U_Reg_File/mem_reg[12][7]
            (rising edge-triggered flip-flop clocked by REF_CLK)
  Path Group: REF_CLK
  Path Type: max

  Point                                                   Incr       Path
  --------------------------------------------------------------------------
  clock REF_CLK (rise edge)                               0.00       0.00
  clock network delay (ideal)                             0.00       0.00
  U_SYS_CTRL/Current_State_reg[0]/CK (DFFRQX2M)           0.00       0.00 r
  U_SYS_CTRL/Current_State_reg[0]/Q (DFFRQX2M)            0.36       0.36 r
  U_SYS_CTRL/U59/Y (BUFX2M)                               0.39       0.76 r
  U_SYS_CTRL/U22/Y (INVX2M)                               0.17       0.93 f
  U_SYS_CTRL/U3/Y (NOR2X2M)                               0.30       1.23 r
  U_SYS_CTRL/U57/Y (MX2X2M)                               0.18       1.42 r
  U_SYS_CTRL/U56/Y (MX3X1M)                               0.23       1.64 r
  U_SYS_CTRL/Address[1] (SYS_CTRL)                        0.00       1.64 r
  U5/Y (BUFX2M)                                           0.59       2.23 r
  U_Reg_File/Address[1] (Reg_File)                        0.00       2.23 r
  U_Reg_File/U51/Y (INVX2M)                               0.15       2.38 f
  U_Reg_File/U14/Y (BUFX2M)                               0.17       2.55 f
  U_Reg_File/U11/Y (INVX2M)                               0.38       2.93 r
  U_Reg_File/U5/Y (NOR2BX2M)                              0.18       3.11 f
  U_Reg_File/U26/Y (NAND2X2M)                             0.24       3.36 r
  U_Reg_File/U162/Y (OAI2BB2X1M)                          0.19       3.54 r
  U_Reg_File/mem_reg[12][7]/D (DFFRQX2M)                  0.00       3.54 r
  data arrival time                                                  3.54

  clock REF_CLK (rise edge)                              20.00      20.00
  clock network delay (ideal)                             0.00      20.00
  clock uncertainty                                      -0.20      19.80
  U_Reg_File/mem_reg[12][7]/CK (DFFRQX2M)                 0.00      19.80 r
  library setup time                                     -0.31      19.49
  data required time                                                19.49
  --------------------------------------------------------------------------
  data required time                                                19.49
  data arrival time                                                 -3.54
  --------------------------------------------------------------------------
  slack (MET)                                                       15.95


  Startpoint: U_SYS_CTRL/Current_State_reg[0]
              (rising edge-triggered flip-flop clocked by REF_CLK)
  Endpoint: U_Reg_File/mem_reg[12][6]
            (rising edge-triggered flip-flop clocked by REF_CLK)
  Path Group: REF_CLK
  Path Type: max

  Point                                                   Incr       Path
  --------------------------------------------------------------------------
  clock REF_CLK (rise edge)                               0.00       0.00
  clock network delay (ideal)                             0.00       0.00
  U_SYS_CTRL/Current_State_reg[0]/CK (DFFRQX2M)           0.00       0.00 r
  U_SYS_CTRL/Current_State_reg[0]/Q (DFFRQX2M)            0.36       0.36 r
  U_SYS_CTRL/U59/Y (BUFX2M)                               0.39       0.76 r
  U_SYS_CTRL/U22/Y (INVX2M)                               0.17       0.93 f
  U_SYS_CTRL/U3/Y (NOR2X2M)                               0.30       1.23 r
  U_SYS_CTRL/U57/Y (MX2X2M)                               0.18       1.42 r
  U_SYS_CTRL/U56/Y (MX3X1M)                               0.23       1.64 r
  U_SYS_CTRL/Address[1] (SYS_CTRL)                        0.00       1.64 r
  U5/Y (BUFX2M)                                           0.59       2.23 r
  U_Reg_File/Address[1] (Reg_File)                        0.00       2.23 r
  U_Reg_File/U51/Y (INVX2M)                               0.15       2.38 f
  U_Reg_File/U14/Y (BUFX2M)                               0.17       2.55 f
  U_Reg_File/U11/Y (INVX2M)                               0.38       2.93 r
  U_Reg_File/U5/Y (NOR2BX2M)                              0.18       3.11 f
  U_Reg_File/U26/Y (NAND2X2M)                             0.24       3.36 r
  U_Reg_File/U161/Y (OAI2BB2X1M)                          0.19       3.54 r
  U_Reg_File/mem_reg[12][6]/D (DFFRQX2M)                  0.00       3.54 r
  data arrival time                                                  3.54

  clock REF_CLK (rise edge)                              20.00      20.00
  clock network delay (ideal)                             0.00      20.00
  clock uncertainty                                      -0.20      19.80
  U_Reg_File/mem_reg[12][6]/CK (DFFRQX2M)                 0.00      19.80 r
  library setup time                                     -0.31      19.49
  data required time                                                19.49
  --------------------------------------------------------------------------
  data required time                                                19.49
  data arrival time                                                 -3.54
  --------------------------------------------------------------------------
  slack (MET)                                                       15.95


  Startpoint: U_SYS_CTRL/Current_State_reg[0]
              (rising edge-triggered flip-flop clocked by REF_CLK)
  Endpoint: U_Reg_File/mem_reg[12][5]
            (rising edge-triggered flip-flop clocked by REF_CLK)
  Path Group: REF_CLK
  Path Type: max

  Point                                                   Incr       Path
  --------------------------------------------------------------------------
  clock REF_CLK (rise edge)                               0.00       0.00
  clock network delay (ideal)                             0.00       0.00
  U_SYS_CTRL/Current_State_reg[0]/CK (DFFRQX2M)           0.00       0.00 r
  U_SYS_CTRL/Current_State_reg[0]/Q (DFFRQX2M)            0.36       0.36 r
  U_SYS_CTRL/U59/Y (BUFX2M)                               0.39       0.76 r
  U_SYS_CTRL/U22/Y (INVX2M)                               0.17       0.93 f
  U_SYS_CTRL/U3/Y (NOR2X2M)                               0.30       1.23 r
  U_SYS_CTRL/U57/Y (MX2X2M)                               0.18       1.42 r
  U_SYS_CTRL/U56/Y (MX3X1M)                               0.23       1.64 r
  U_SYS_CTRL/Address[1] (SYS_CTRL)                        0.00       1.64 r
  U5/Y (BUFX2M)                                           0.59       2.23 r
  U_Reg_File/Address[1] (Reg_File)                        0.00       2.23 r
  U_Reg_File/U51/Y (INVX2M)                               0.15       2.38 f
  U_Reg_File/U14/Y (BUFX2M)                               0.17       2.55 f
  U_Reg_File/U11/Y (INVX2M)                               0.38       2.93 r
  U_Reg_File/U5/Y (NOR2BX2M)                              0.18       3.11 f
  U_Reg_File/U26/Y (NAND2X2M)                             0.24       3.36 r
  U_Reg_File/U160/Y (OAI2BB2X1M)                          0.19       3.54 r
  U_Reg_File/mem_reg[12][5]/D (DFFRQX2M)                  0.00       3.54 r
  data arrival time                                                  3.54

  clock REF_CLK (rise edge)                              20.00      20.00
  clock network delay (ideal)                             0.00      20.00
  clock uncertainty                                      -0.20      19.80
  U_Reg_File/mem_reg[12][5]/CK (DFFRQX2M)                 0.00      19.80 r
  library setup time                                     -0.31      19.49
  data required time                                                19.49
  --------------------------------------------------------------------------
  data required time                                                19.49
  data arrival time                                                 -3.54
  --------------------------------------------------------------------------
  slack (MET)                                                       15.95


  Startpoint: U_SYS_CTRL/Current_State_reg[0]
              (rising edge-triggered flip-flop clocked by REF_CLK)
  Endpoint: U_Reg_File/mem_reg[12][4]
            (rising edge-triggered flip-flop clocked by REF_CLK)
  Path Group: REF_CLK
  Path Type: max

  Point                                                   Incr       Path
  --------------------------------------------------------------------------
  clock REF_CLK (rise edge)                               0.00       0.00
  clock network delay (ideal)                             0.00       0.00
  U_SYS_CTRL/Current_State_reg[0]/CK (DFFRQX2M)           0.00       0.00 r
  U_SYS_CTRL/Current_State_reg[0]/Q (DFFRQX2M)            0.36       0.36 r
  U_SYS_CTRL/U59/Y (BUFX2M)                               0.39       0.76 r
  U_SYS_CTRL/U22/Y (INVX2M)                               0.17       0.93 f
  U_SYS_CTRL/U3/Y (NOR2X2M)                               0.30       1.23 r
  U_SYS_CTRL/U57/Y (MX2X2M)                               0.18       1.42 r
  U_SYS_CTRL/U56/Y (MX3X1M)                               0.23       1.64 r
  U_SYS_CTRL/Address[1] (SYS_CTRL)                        0.00       1.64 r
  U5/Y (BUFX2M)                                           0.59       2.23 r
  U_Reg_File/Address[1] (Reg_File)                        0.00       2.23 r
  U_Reg_File/U51/Y (INVX2M)                               0.15       2.38 f
  U_Reg_File/U14/Y (BUFX2M)                               0.17       2.55 f
  U_Reg_File/U11/Y (INVX2M)                               0.38       2.93 r
  U_Reg_File/U5/Y (NOR2BX2M)                              0.18       3.11 f
  U_Reg_File/U26/Y (NAND2X2M)                             0.24       3.36 r
  U_Reg_File/U159/Y (OAI2BB2X1M)                          0.19       3.54 r
  U_Reg_File/mem_reg[12][4]/D (DFFRQX2M)                  0.00       3.54 r
  data arrival time                                                  3.54

  clock REF_CLK (rise edge)                              20.00      20.00
  clock network delay (ideal)                             0.00      20.00
  clock uncertainty                                      -0.20      19.80
  U_Reg_File/mem_reg[12][4]/CK (DFFRQX2M)                 0.00      19.80 r
  library setup time                                     -0.31      19.49
  data required time                                                19.49
  --------------------------------------------------------------------------
  data required time                                                19.49
  data arrival time                                                 -3.54
  --------------------------------------------------------------------------
  slack (MET)                                                       15.95


  Startpoint: U_SYS_CTRL/Current_State_reg[0]
              (rising edge-triggered flip-flop clocked by REF_CLK)
  Endpoint: U_Reg_File/mem_reg[12][3]
            (rising edge-triggered flip-flop clocked by REF_CLK)
  Path Group: REF_CLK
  Path Type: max

  Point                                                   Incr       Path
  --------------------------------------------------------------------------
  clock REF_CLK (rise edge)                               0.00       0.00
  clock network delay (ideal)                             0.00       0.00
  U_SYS_CTRL/Current_State_reg[0]/CK (DFFRQX2M)           0.00       0.00 r
  U_SYS_CTRL/Current_State_reg[0]/Q (DFFRQX2M)            0.36       0.36 r
  U_SYS_CTRL/U59/Y (BUFX2M)                               0.39       0.76 r
  U_SYS_CTRL/U22/Y (INVX2M)                               0.17       0.93 f
  U_SYS_CTRL/U3/Y (NOR2X2M)                               0.30       1.23 r
  U_SYS_CTRL/U57/Y (MX2X2M)                               0.18       1.42 r
  U_SYS_CTRL/U56/Y (MX3X1M)                               0.23       1.64 r
  U_SYS_CTRL/Address[1] (SYS_CTRL)                        0.00       1.64 r
  U5/Y (BUFX2M)                                           0.59       2.23 r
  U_Reg_File/Address[1] (Reg_File)                        0.00       2.23 r
  U_Reg_File/U51/Y (INVX2M)                               0.15       2.38 f
  U_Reg_File/U14/Y (BUFX2M)                               0.17       2.55 f
  U_Reg_File/U11/Y (INVX2M)                               0.38       2.93 r
  U_Reg_File/U5/Y (NOR2BX2M)                              0.18       3.11 f
  U_Reg_File/U26/Y (NAND2X2M)                             0.24       3.36 r
  U_Reg_File/U158/Y (OAI2BB2X1M)                          0.19       3.54 r
  U_Reg_File/mem_reg[12][3]/D (DFFRQX2M)                  0.00       3.54 r
  data arrival time                                                  3.54

  clock REF_CLK (rise edge)                              20.00      20.00
  clock network delay (ideal)                             0.00      20.00
  clock uncertainty                                      -0.20      19.80
  U_Reg_File/mem_reg[12][3]/CK (DFFRQX2M)                 0.00      19.80 r
  library setup time                                     -0.31      19.49
  data required time                                                19.49
  --------------------------------------------------------------------------
  data required time                                                19.49
  data arrival time                                                 -3.54
  --------------------------------------------------------------------------
  slack (MET)                                                       15.95


  Startpoint: U_SYS_CTRL/Current_State_reg[0]
              (rising edge-triggered flip-flop clocked by REF_CLK)
  Endpoint: U_Reg_File/mem_reg[12][2]
            (rising edge-triggered flip-flop clocked by REF_CLK)
  Path Group: REF_CLK
  Path Type: max

  Point                                                   Incr       Path
  --------------------------------------------------------------------------
  clock REF_CLK (rise edge)                               0.00       0.00
  clock network delay (ideal)                             0.00       0.00
  U_SYS_CTRL/Current_State_reg[0]/CK (DFFRQX2M)           0.00       0.00 r
  U_SYS_CTRL/Current_State_reg[0]/Q (DFFRQX2M)            0.36       0.36 r
  U_SYS_CTRL/U59/Y (BUFX2M)                               0.39       0.76 r
  U_SYS_CTRL/U22/Y (INVX2M)                               0.17       0.93 f
  U_SYS_CTRL/U3/Y (NOR2X2M)                               0.30       1.23 r
  U_SYS_CTRL/U57/Y (MX2X2M)                               0.18       1.42 r
  U_SYS_CTRL/U56/Y (MX3X1M)                               0.23       1.64 r
  U_SYS_CTRL/Address[1] (SYS_CTRL)                        0.00       1.64 r
  U5/Y (BUFX2M)                                           0.59       2.23 r
  U_Reg_File/Address[1] (Reg_File)                        0.00       2.23 r
  U_Reg_File/U51/Y (INVX2M)                               0.15       2.38 f
  U_Reg_File/U14/Y (BUFX2M)                               0.17       2.55 f
  U_Reg_File/U11/Y (INVX2M)                               0.38       2.93 r
  U_Reg_File/U5/Y (NOR2BX2M)                              0.18       3.11 f
  U_Reg_File/U26/Y (NAND2X2M)                             0.24       3.36 r
  U_Reg_File/U157/Y (OAI2BB2X1M)                          0.19       3.54 r
  U_Reg_File/mem_reg[12][2]/D (DFFRQX2M)                  0.00       3.54 r
  data arrival time                                                  3.54

  clock REF_CLK (rise edge)                              20.00      20.00
  clock network delay (ideal)                             0.00      20.00
  clock uncertainty                                      -0.20      19.80
  U_Reg_File/mem_reg[12][2]/CK (DFFRQX2M)                 0.00      19.80 r
  library setup time                                     -0.31      19.49
  data required time                                                19.49
  --------------------------------------------------------------------------
  data required time                                                19.49
  data arrival time                                                 -3.54
  --------------------------------------------------------------------------
  slack (MET)                                                       15.95


  Startpoint: U_SYS_CTRL/Current_State_reg[0]
              (rising edge-triggered flip-flop clocked by REF_CLK)
  Endpoint: U_Reg_File/mem_reg[12][1]
            (rising edge-triggered flip-flop clocked by REF_CLK)
  Path Group: REF_CLK
  Path Type: max

  Point                                                   Incr       Path
  --------------------------------------------------------------------------
  clock REF_CLK (rise edge)                               0.00       0.00
  clock network delay (ideal)                             0.00       0.00
  U_SYS_CTRL/Current_State_reg[0]/CK (DFFRQX2M)           0.00       0.00 r
  U_SYS_CTRL/Current_State_reg[0]/Q (DFFRQX2M)            0.36       0.36 r
  U_SYS_CTRL/U59/Y (BUFX2M)                               0.39       0.76 r
  U_SYS_CTRL/U22/Y (INVX2M)                               0.17       0.93 f
  U_SYS_CTRL/U3/Y (NOR2X2M)                               0.30       1.23 r
  U_SYS_CTRL/U57/Y (MX2X2M)                               0.18       1.42 r
  U_SYS_CTRL/U56/Y (MX3X1M)                               0.23       1.64 r
  U_SYS_CTRL/Address[1] (SYS_CTRL)                        0.00       1.64 r
  U5/Y (BUFX2M)                                           0.59       2.23 r
  U_Reg_File/Address[1] (Reg_File)                        0.00       2.23 r
  U_Reg_File/U51/Y (INVX2M)                               0.15       2.38 f
  U_Reg_File/U14/Y (BUFX2M)                               0.17       2.55 f
  U_Reg_File/U11/Y (INVX2M)                               0.38       2.93 r
  U_Reg_File/U5/Y (NOR2BX2M)                              0.18       3.11 f
  U_Reg_File/U26/Y (NAND2X2M)                             0.24       3.36 r
  U_Reg_File/U156/Y (OAI2BB2X1M)                          0.19       3.54 r
  U_Reg_File/mem_reg[12][1]/D (DFFRQX2M)                  0.00       3.54 r
  data arrival time                                                  3.54

  clock REF_CLK (rise edge)                              20.00      20.00
  clock network delay (ideal)                             0.00      20.00
  clock uncertainty                                      -0.20      19.80
  U_Reg_File/mem_reg[12][1]/CK (DFFRQX2M)                 0.00      19.80 r
  library setup time                                     -0.31      19.49
  data required time                                                19.49
  --------------------------------------------------------------------------
  data required time                                                19.49
  data arrival time                                                 -3.54
  --------------------------------------------------------------------------
  slack (MET)                                                       15.95


  Startpoint: U_SYS_CTRL/Current_State_reg[0]
              (rising edge-triggered flip-flop clocked by REF_CLK)
  Endpoint: U_Reg_File/mem_reg[12][0]
            (rising edge-triggered flip-flop clocked by REF_CLK)
  Path Group: REF_CLK
  Path Type: max

  Point                                                   Incr       Path
  --------------------------------------------------------------------------
  clock REF_CLK (rise edge)                               0.00       0.00
  clock network delay (ideal)                             0.00       0.00
  U_SYS_CTRL/Current_State_reg[0]/CK (DFFRQX2M)           0.00       0.00 r
  U_SYS_CTRL/Current_State_reg[0]/Q (DFFRQX2M)            0.36       0.36 r
  U_SYS_CTRL/U59/Y (BUFX2M)                               0.39       0.76 r
  U_SYS_CTRL/U22/Y (INVX2M)                               0.17       0.93 f
  U_SYS_CTRL/U3/Y (NOR2X2M)                               0.30       1.23 r
  U_SYS_CTRL/U57/Y (MX2X2M)                               0.18       1.42 r
  U_SYS_CTRL/U56/Y (MX3X1M)                               0.23       1.64 r
  U_SYS_CTRL/Address[1] (SYS_CTRL)                        0.00       1.64 r
  U5/Y (BUFX2M)                                           0.59       2.23 r
  U_Reg_File/Address[1] (Reg_File)                        0.00       2.23 r
  U_Reg_File/U51/Y (INVX2M)                               0.15       2.38 f
  U_Reg_File/U14/Y (BUFX2M)                               0.17       2.55 f
  U_Reg_File/U11/Y (INVX2M)                               0.38       2.93 r
  U_Reg_File/U5/Y (NOR2BX2M)                              0.18       3.11 f
  U_Reg_File/U26/Y (NAND2X2M)                             0.24       3.36 r
  U_Reg_File/U155/Y (OAI2BB2X1M)                          0.19       3.54 r
  U_Reg_File/mem_reg[12][0]/D (DFFRQX2M)                  0.00       3.54 r
  data arrival time                                                  3.54

  clock REF_CLK (rise edge)                              20.00      20.00
  clock network delay (ideal)                             0.00      20.00
  clock uncertainty                                      -0.20      19.80
  U_Reg_File/mem_reg[12][0]/CK (DFFRQX2M)                 0.00      19.80 r
  library setup time                                     -0.31      19.49
  data required time                                                19.49
  --------------------------------------------------------------------------
  data required time                                                19.49
  data arrival time                                                 -3.54
  --------------------------------------------------------------------------
  slack (MET)                                                       15.95


  Startpoint: U_SYS_CTRL/Current_State_reg[0]
              (rising edge-triggered flip-flop clocked by REF_CLK)
  Endpoint: U_Reg_File/mem_reg[13][7]
            (rising edge-triggered flip-flop clocked by REF_CLK)
  Path Group: REF_CLK
  Path Type: max

  Point                                                   Incr       Path
  --------------------------------------------------------------------------
  clock REF_CLK (rise edge)                               0.00       0.00
  clock network delay (ideal)                             0.00       0.00
  U_SYS_CTRL/Current_State_reg[0]/CK (DFFRQX2M)           0.00       0.00 r
  U_SYS_CTRL/Current_State_reg[0]/Q (DFFRQX2M)            0.36       0.36 r
  U_SYS_CTRL/U59/Y (BUFX2M)                               0.39       0.76 r
  U_SYS_CTRL/U22/Y (INVX2M)                               0.17       0.93 f
  U_SYS_CTRL/U3/Y (NOR2X2M)                               0.30       1.23 r
  U_SYS_CTRL/U57/Y (MX2X2M)                               0.18       1.42 r
  U_SYS_CTRL/U56/Y (MX3X1M)                               0.23       1.64 r
  U_SYS_CTRL/Address[1] (SYS_CTRL)                        0.00       1.64 r
  U5/Y (BUFX2M)                                           0.59       2.23 r
  U_Reg_File/Address[1] (Reg_File)                        0.00       2.23 r
  U_Reg_File/U51/Y (INVX2M)                               0.15       2.38 f
  U_Reg_File/U14/Y (BUFX2M)                               0.17       2.55 f
  U_Reg_File/U11/Y (INVX2M)                               0.38       2.93 r
  U_Reg_File/U5/Y (NOR2BX2M)                              0.18       3.11 f
  U_Reg_File/U27/Y (NAND2X2M)                             0.24       3.36 r
  U_Reg_File/U170/Y (OAI2BB2X1M)                          0.19       3.54 r
  U_Reg_File/mem_reg[13][7]/D (DFFRQX2M)                  0.00       3.54 r
  data arrival time                                                  3.54

  clock REF_CLK (rise edge)                              20.00      20.00
  clock network delay (ideal)                             0.00      20.00
  clock uncertainty                                      -0.20      19.80
  U_Reg_File/mem_reg[13][7]/CK (DFFRQX2M)                 0.00      19.80 r
  library setup time                                     -0.31      19.49
  data required time                                                19.49
  --------------------------------------------------------------------------
  data required time                                                19.49
  data arrival time                                                 -3.54
  --------------------------------------------------------------------------
  slack (MET)                                                       15.95


  Startpoint: U_SYS_CTRL/Current_State_reg[0]
              (rising edge-triggered flip-flop clocked by REF_CLK)
  Endpoint: U_Reg_File/mem_reg[13][6]
            (rising edge-triggered flip-flop clocked by REF_CLK)
  Path Group: REF_CLK
  Path Type: max

  Point                                                   Incr       Path
  --------------------------------------------------------------------------
  clock REF_CLK (rise edge)                               0.00       0.00
  clock network delay (ideal)                             0.00       0.00
  U_SYS_CTRL/Current_State_reg[0]/CK (DFFRQX2M)           0.00       0.00 r
  U_SYS_CTRL/Current_State_reg[0]/Q (DFFRQX2M)            0.36       0.36 r
  U_SYS_CTRL/U59/Y (BUFX2M)                               0.39       0.76 r
  U_SYS_CTRL/U22/Y (INVX2M)                               0.17       0.93 f
  U_SYS_CTRL/U3/Y (NOR2X2M)                               0.30       1.23 r
  U_SYS_CTRL/U57/Y (MX2X2M)                               0.18       1.42 r
  U_SYS_CTRL/U56/Y (MX3X1M)                               0.23       1.64 r
  U_SYS_CTRL/Address[1] (SYS_CTRL)                        0.00       1.64 r
  U5/Y (BUFX2M)                                           0.59       2.23 r
  U_Reg_File/Address[1] (Reg_File)                        0.00       2.23 r
  U_Reg_File/U51/Y (INVX2M)                               0.15       2.38 f
  U_Reg_File/U14/Y (BUFX2M)                               0.17       2.55 f
  U_Reg_File/U11/Y (INVX2M)                               0.38       2.93 r
  U_Reg_File/U5/Y (NOR2BX2M)                              0.18       3.11 f
  U_Reg_File/U27/Y (NAND2X2M)                             0.24       3.36 r
  U_Reg_File/U169/Y (OAI2BB2X1M)                          0.19       3.54 r
  U_Reg_File/mem_reg[13][6]/D (DFFRQX2M)                  0.00       3.54 r
  data arrival time                                                  3.54

  clock REF_CLK (rise edge)                              20.00      20.00
  clock network delay (ideal)                             0.00      20.00
  clock uncertainty                                      -0.20      19.80
  U_Reg_File/mem_reg[13][6]/CK (DFFRQX2M)                 0.00      19.80 r
  library setup time                                     -0.31      19.49
  data required time                                                19.49
  --------------------------------------------------------------------------
  data required time                                                19.49
  data arrival time                                                 -3.54
  --------------------------------------------------------------------------
  slack (MET)                                                       15.95


  Startpoint: U_SYS_CTRL/Current_State_reg[0]
              (rising edge-triggered flip-flop clocked by REF_CLK)
  Endpoint: U_Reg_File/mem_reg[13][5]
            (rising edge-triggered flip-flop clocked by REF_CLK)
  Path Group: REF_CLK
  Path Type: max

  Point                                                   Incr       Path
  --------------------------------------------------------------------------
  clock REF_CLK (rise edge)                               0.00       0.00
  clock network delay (ideal)                             0.00       0.00
  U_SYS_CTRL/Current_State_reg[0]/CK (DFFRQX2M)           0.00       0.00 r
  U_SYS_CTRL/Current_State_reg[0]/Q (DFFRQX2M)            0.36       0.36 r
  U_SYS_CTRL/U59/Y (BUFX2M)                               0.39       0.76 r
  U_SYS_CTRL/U22/Y (INVX2M)                               0.17       0.93 f
  U_SYS_CTRL/U3/Y (NOR2X2M)                               0.30       1.23 r
  U_SYS_CTRL/U57/Y (MX2X2M)                               0.18       1.42 r
  U_SYS_CTRL/U56/Y (MX3X1M)                               0.23       1.64 r
  U_SYS_CTRL/Address[1] (SYS_CTRL)                        0.00       1.64 r
  U5/Y (BUFX2M)                                           0.59       2.23 r
  U_Reg_File/Address[1] (Reg_File)                        0.00       2.23 r
  U_Reg_File/U51/Y (INVX2M)                               0.15       2.38 f
  U_Reg_File/U14/Y (BUFX2M)                               0.17       2.55 f
  U_Reg_File/U11/Y (INVX2M)                               0.38       2.93 r
  U_Reg_File/U5/Y (NOR2BX2M)                              0.18       3.11 f
  U_Reg_File/U27/Y (NAND2X2M)                             0.24       3.36 r
  U_Reg_File/U168/Y (OAI2BB2X1M)                          0.19       3.54 r
  U_Reg_File/mem_reg[13][5]/D (DFFRQX2M)                  0.00       3.54 r
  data arrival time                                                  3.54

  clock REF_CLK (rise edge)                              20.00      20.00
  clock network delay (ideal)                             0.00      20.00
  clock uncertainty                                      -0.20      19.80
  U_Reg_File/mem_reg[13][5]/CK (DFFRQX2M)                 0.00      19.80 r
  library setup time                                     -0.31      19.49
  data required time                                                19.49
  --------------------------------------------------------------------------
  data required time                                                19.49
  data arrival time                                                 -3.54
  --------------------------------------------------------------------------
  slack (MET)                                                       15.95


  Startpoint: U_SYS_CTRL/Current_State_reg[0]
              (rising edge-triggered flip-flop clocked by REF_CLK)
  Endpoint: U_Reg_File/mem_reg[13][4]
            (rising edge-triggered flip-flop clocked by REF_CLK)
  Path Group: REF_CLK
  Path Type: max

  Point                                                   Incr       Path
  --------------------------------------------------------------------------
  clock REF_CLK (rise edge)                               0.00       0.00
  clock network delay (ideal)                             0.00       0.00
  U_SYS_CTRL/Current_State_reg[0]/CK (DFFRQX2M)           0.00       0.00 r
  U_SYS_CTRL/Current_State_reg[0]/Q (DFFRQX2M)            0.36       0.36 r
  U_SYS_CTRL/U59/Y (BUFX2M)                               0.39       0.76 r
  U_SYS_CTRL/U22/Y (INVX2M)                               0.17       0.93 f
  U_SYS_CTRL/U3/Y (NOR2X2M)                               0.30       1.23 r
  U_SYS_CTRL/U57/Y (MX2X2M)                               0.18       1.42 r
  U_SYS_CTRL/U56/Y (MX3X1M)                               0.23       1.64 r
  U_SYS_CTRL/Address[1] (SYS_CTRL)                        0.00       1.64 r
  U5/Y (BUFX2M)                                           0.59       2.23 r
  U_Reg_File/Address[1] (Reg_File)                        0.00       2.23 r
  U_Reg_File/U51/Y (INVX2M)                               0.15       2.38 f
  U_Reg_File/U14/Y (BUFX2M)                               0.17       2.55 f
  U_Reg_File/U11/Y (INVX2M)                               0.38       2.93 r
  U_Reg_File/U5/Y (NOR2BX2M)                              0.18       3.11 f
  U_Reg_File/U27/Y (NAND2X2M)                             0.24       3.36 r
  U_Reg_File/U167/Y (OAI2BB2X1M)                          0.19       3.54 r
  U_Reg_File/mem_reg[13][4]/D (DFFRQX2M)                  0.00       3.54 r
  data arrival time                                                  3.54

  clock REF_CLK (rise edge)                              20.00      20.00
  clock network delay (ideal)                             0.00      20.00
  clock uncertainty                                      -0.20      19.80
  U_Reg_File/mem_reg[13][4]/CK (DFFRQX2M)                 0.00      19.80 r
  library setup time                                     -0.31      19.49
  data required time                                                19.49
  --------------------------------------------------------------------------
  data required time                                                19.49
  data arrival time                                                 -3.54
  --------------------------------------------------------------------------
  slack (MET)                                                       15.95


  Startpoint: U_SYS_CTRL/Current_State_reg[0]
              (rising edge-triggered flip-flop clocked by REF_CLK)
  Endpoint: U_Reg_File/mem_reg[13][3]
            (rising edge-triggered flip-flop clocked by REF_CLK)
  Path Group: REF_CLK
  Path Type: max

  Point                                                   Incr       Path
  --------------------------------------------------------------------------
  clock REF_CLK (rise edge)                               0.00       0.00
  clock network delay (ideal)                             0.00       0.00
  U_SYS_CTRL/Current_State_reg[0]/CK (DFFRQX2M)           0.00       0.00 r
  U_SYS_CTRL/Current_State_reg[0]/Q (DFFRQX2M)            0.36       0.36 r
  U_SYS_CTRL/U59/Y (BUFX2M)                               0.39       0.76 r
  U_SYS_CTRL/U22/Y (INVX2M)                               0.17       0.93 f
  U_SYS_CTRL/U3/Y (NOR2X2M)                               0.30       1.23 r
  U_SYS_CTRL/U57/Y (MX2X2M)                               0.18       1.42 r
  U_SYS_CTRL/U56/Y (MX3X1M)                               0.23       1.64 r
  U_SYS_CTRL/Address[1] (SYS_CTRL)                        0.00       1.64 r
  U5/Y (BUFX2M)                                           0.59       2.23 r
  U_Reg_File/Address[1] (Reg_File)                        0.00       2.23 r
  U_Reg_File/U51/Y (INVX2M)                               0.15       2.38 f
  U_Reg_File/U14/Y (BUFX2M)                               0.17       2.55 f
  U_Reg_File/U11/Y (INVX2M)                               0.38       2.93 r
  U_Reg_File/U5/Y (NOR2BX2M)                              0.18       3.11 f
  U_Reg_File/U27/Y (NAND2X2M)                             0.24       3.36 r
  U_Reg_File/U166/Y (OAI2BB2X1M)                          0.19       3.54 r
  U_Reg_File/mem_reg[13][3]/D (DFFRQX2M)                  0.00       3.54 r
  data arrival time                                                  3.54

  clock REF_CLK (rise edge)                              20.00      20.00
  clock network delay (ideal)                             0.00      20.00
  clock uncertainty                                      -0.20      19.80
  U_Reg_File/mem_reg[13][3]/CK (DFFRQX2M)                 0.00      19.80 r
  library setup time                                     -0.31      19.49
  data required time                                                19.49
  --------------------------------------------------------------------------
  data required time                                                19.49
  data arrival time                                                 -3.54
  --------------------------------------------------------------------------
  slack (MET)                                                       15.95


  Startpoint: U_SYS_CTRL/Current_State_reg[0]
              (rising edge-triggered flip-flop clocked by REF_CLK)
  Endpoint: U_Reg_File/mem_reg[13][2]
            (rising edge-triggered flip-flop clocked by REF_CLK)
  Path Group: REF_CLK
  Path Type: max

  Point                                                   Incr       Path
  --------------------------------------------------------------------------
  clock REF_CLK (rise edge)                               0.00       0.00
  clock network delay (ideal)                             0.00       0.00
  U_SYS_CTRL/Current_State_reg[0]/CK (DFFRQX2M)           0.00       0.00 r
  U_SYS_CTRL/Current_State_reg[0]/Q (DFFRQX2M)            0.36       0.36 r
  U_SYS_CTRL/U59/Y (BUFX2M)                               0.39       0.76 r
  U_SYS_CTRL/U22/Y (INVX2M)                               0.17       0.93 f
  U_SYS_CTRL/U3/Y (NOR2X2M)                               0.30       1.23 r
  U_SYS_CTRL/U57/Y (MX2X2M)                               0.18       1.42 r
  U_SYS_CTRL/U56/Y (MX3X1M)                               0.23       1.64 r
  U_SYS_CTRL/Address[1] (SYS_CTRL)                        0.00       1.64 r
  U5/Y (BUFX2M)                                           0.59       2.23 r
  U_Reg_File/Address[1] (Reg_File)                        0.00       2.23 r
  U_Reg_File/U51/Y (INVX2M)                               0.15       2.38 f
  U_Reg_File/U14/Y (BUFX2M)                               0.17       2.55 f
  U_Reg_File/U11/Y (INVX2M)                               0.38       2.93 r
  U_Reg_File/U5/Y (NOR2BX2M)                              0.18       3.11 f
  U_Reg_File/U27/Y (NAND2X2M)                             0.24       3.36 r
  U_Reg_File/U165/Y (OAI2BB2X1M)                          0.19       3.54 r
  U_Reg_File/mem_reg[13][2]/D (DFFRQX2M)                  0.00       3.54 r
  data arrival time                                                  3.54

  clock REF_CLK (rise edge)                              20.00      20.00
  clock network delay (ideal)                             0.00      20.00
  clock uncertainty                                      -0.20      19.80
  U_Reg_File/mem_reg[13][2]/CK (DFFRQX2M)                 0.00      19.80 r
  library setup time                                     -0.31      19.49
  data required time                                                19.49
  --------------------------------------------------------------------------
  data required time                                                19.49
  data arrival time                                                 -3.54
  --------------------------------------------------------------------------
  slack (MET)                                                       15.95


  Startpoint: U_SYS_CTRL/Current_State_reg[0]
              (rising edge-triggered flip-flop clocked by REF_CLK)
  Endpoint: U_Reg_File/mem_reg[13][1]
            (rising edge-triggered flip-flop clocked by REF_CLK)
  Path Group: REF_CLK
  Path Type: max

  Point                                                   Incr       Path
  --------------------------------------------------------------------------
  clock REF_CLK (rise edge)                               0.00       0.00
  clock network delay (ideal)                             0.00       0.00
  U_SYS_CTRL/Current_State_reg[0]/CK (DFFRQX2M)           0.00       0.00 r
  U_SYS_CTRL/Current_State_reg[0]/Q (DFFRQX2M)            0.36       0.36 r
  U_SYS_CTRL/U59/Y (BUFX2M)                               0.39       0.76 r
  U_SYS_CTRL/U22/Y (INVX2M)                               0.17       0.93 f
  U_SYS_CTRL/U3/Y (NOR2X2M)                               0.30       1.23 r
  U_SYS_CTRL/U57/Y (MX2X2M)                               0.18       1.42 r
  U_SYS_CTRL/U56/Y (MX3X1M)                               0.23       1.64 r
  U_SYS_CTRL/Address[1] (SYS_CTRL)                        0.00       1.64 r
  U5/Y (BUFX2M)                                           0.59       2.23 r
  U_Reg_File/Address[1] (Reg_File)                        0.00       2.23 r
  U_Reg_File/U51/Y (INVX2M)                               0.15       2.38 f
  U_Reg_File/U14/Y (BUFX2M)                               0.17       2.55 f
  U_Reg_File/U11/Y (INVX2M)                               0.38       2.93 r
  U_Reg_File/U5/Y (NOR2BX2M)                              0.18       3.11 f
  U_Reg_File/U27/Y (NAND2X2M)                             0.24       3.36 r
  U_Reg_File/U164/Y (OAI2BB2X1M)                          0.19       3.54 r
  U_Reg_File/mem_reg[13][1]/D (DFFRQX2M)                  0.00       3.54 r
  data arrival time                                                  3.54

  clock REF_CLK (rise edge)                              20.00      20.00
  clock network delay (ideal)                             0.00      20.00
  clock uncertainty                                      -0.20      19.80
  U_Reg_File/mem_reg[13][1]/CK (DFFRQX2M)                 0.00      19.80 r
  library setup time                                     -0.31      19.49
  data required time                                                19.49
  --------------------------------------------------------------------------
  data required time                                                19.49
  data arrival time                                                 -3.54
  --------------------------------------------------------------------------
  slack (MET)                                                       15.95


  Startpoint: U_SYS_CTRL/Current_State_reg[0]
              (rising edge-triggered flip-flop clocked by REF_CLK)
  Endpoint: U_Reg_File/mem_reg[13][0]
            (rising edge-triggered flip-flop clocked by REF_CLK)
  Path Group: REF_CLK
  Path Type: max

  Point                                                   Incr       Path
  --------------------------------------------------------------------------
  clock REF_CLK (rise edge)                               0.00       0.00
  clock network delay (ideal)                             0.00       0.00
  U_SYS_CTRL/Current_State_reg[0]/CK (DFFRQX2M)           0.00       0.00 r
  U_SYS_CTRL/Current_State_reg[0]/Q (DFFRQX2M)            0.36       0.36 r
  U_SYS_CTRL/U59/Y (BUFX2M)                               0.39       0.76 r
  U_SYS_CTRL/U22/Y (INVX2M)                               0.17       0.93 f
  U_SYS_CTRL/U3/Y (NOR2X2M)                               0.30       1.23 r
  U_SYS_CTRL/U57/Y (MX2X2M)                               0.18       1.42 r
  U_SYS_CTRL/U56/Y (MX3X1M)                               0.23       1.64 r
  U_SYS_CTRL/Address[1] (SYS_CTRL)                        0.00       1.64 r
  U5/Y (BUFX2M)                                           0.59       2.23 r
  U_Reg_File/Address[1] (Reg_File)                        0.00       2.23 r
  U_Reg_File/U51/Y (INVX2M)                               0.15       2.38 f
  U_Reg_File/U14/Y (BUFX2M)                               0.17       2.55 f
  U_Reg_File/U11/Y (INVX2M)                               0.38       2.93 r
  U_Reg_File/U5/Y (NOR2BX2M)                              0.18       3.11 f
  U_Reg_File/U27/Y (NAND2X2M)                             0.24       3.36 r
  U_Reg_File/U163/Y (OAI2BB2X1M)                          0.19       3.54 r
  U_Reg_File/mem_reg[13][0]/D (DFFRQX2M)                  0.00       3.54 r
  data arrival time                                                  3.54

  clock REF_CLK (rise edge)                              20.00      20.00
  clock network delay (ideal)                             0.00      20.00
  clock uncertainty                                      -0.20      19.80
  U_Reg_File/mem_reg[13][0]/CK (DFFRQX2M)                 0.00      19.80 r
  library setup time                                     -0.31      19.49
  data required time                                                19.49
  --------------------------------------------------------------------------
  data required time                                                19.49
  data arrival time                                                 -3.54
  --------------------------------------------------------------------------
  slack (MET)                                                       15.95


  Startpoint: U_SYS_CTRL/Current_State_reg[0]
              (rising edge-triggered flip-flop clocked by REF_CLK)
  Endpoint: U_Reg_File/mem_reg[4][7]
            (rising edge-triggered flip-flop clocked by REF_CLK)
  Path Group: REF_CLK
  Path Type: max

  Point                                                   Incr       Path
  --------------------------------------------------------------------------
  clock REF_CLK (rise edge)                               0.00       0.00
  clock network delay (ideal)                             0.00       0.00
  U_SYS_CTRL/Current_State_reg[0]/CK (DFFRQX2M)           0.00       0.00 r
  U_SYS_CTRL/Current_State_reg[0]/Q (DFFRQX2M)            0.36       0.36 r
  U_SYS_CTRL/U59/Y (BUFX2M)                               0.39       0.76 r
  U_SYS_CTRL/U22/Y (INVX2M)                               0.17       0.93 f
  U_SYS_CTRL/U3/Y (NOR2X2M)                               0.30       1.23 r
  U_SYS_CTRL/U57/Y (MX2X2M)                               0.18       1.42 r
  U_SYS_CTRL/U56/Y (MX3X1M)                               0.23       1.64 r
  U_SYS_CTRL/Address[1] (SYS_CTRL)                        0.00       1.64 r
  U5/Y (BUFX2M)                                           0.59       2.23 r
  U_Reg_File/Address[1] (Reg_File)                        0.00       2.23 r
  U_Reg_File/U51/Y (INVX2M)                               0.15       2.38 f
  U_Reg_File/U14/Y (BUFX2M)                               0.17       2.55 f
  U_Reg_File/U11/Y (INVX2M)                               0.38       2.93 r
  U_Reg_File/U5/Y (NOR2BX2M)                              0.18       3.11 f
  U_Reg_File/U31/Y (NAND2X2M)                             0.24       3.35 r
  U_Reg_File/U85/Y (OAI2BB2X1M)                           0.19       3.54 r
  U_Reg_File/mem_reg[4][7]/D (DFFRQX2M)                   0.00       3.54 r
  data arrival time                                                  3.54

  clock REF_CLK (rise edge)                              20.00      20.00
  clock network delay (ideal)                             0.00      20.00
  clock uncertainty                                      -0.20      19.80
  U_Reg_File/mem_reg[4][7]/CK (DFFRQX2M)                  0.00      19.80 r
  library setup time                                     -0.31      19.49
  data required time                                                19.49
  --------------------------------------------------------------------------
  data required time                                                19.49
  data arrival time                                                 -3.54
  --------------------------------------------------------------------------
  slack (MET)                                                       15.96


  Startpoint: U_SYS_CTRL/Current_State_reg[0]
              (rising edge-triggered flip-flop clocked by REF_CLK)
  Endpoint: U_Reg_File/mem_reg[4][6]
            (rising edge-triggered flip-flop clocked by REF_CLK)
  Path Group: REF_CLK
  Path Type: max

  Point                                                   Incr       Path
  --------------------------------------------------------------------------
  clock REF_CLK (rise edge)                               0.00       0.00
  clock network delay (ideal)                             0.00       0.00
  U_SYS_CTRL/Current_State_reg[0]/CK (DFFRQX2M)           0.00       0.00 r
  U_SYS_CTRL/Current_State_reg[0]/Q (DFFRQX2M)            0.36       0.36 r
  U_SYS_CTRL/U59/Y (BUFX2M)                               0.39       0.76 r
  U_SYS_CTRL/U22/Y (INVX2M)                               0.17       0.93 f
  U_SYS_CTRL/U3/Y (NOR2X2M)                               0.30       1.23 r
  U_SYS_CTRL/U57/Y (MX2X2M)                               0.18       1.42 r
  U_SYS_CTRL/U56/Y (MX3X1M)                               0.23       1.64 r
  U_SYS_CTRL/Address[1] (SYS_CTRL)                        0.00       1.64 r
  U5/Y (BUFX2M)                                           0.59       2.23 r
  U_Reg_File/Address[1] (Reg_File)                        0.00       2.23 r
  U_Reg_File/U51/Y (INVX2M)                               0.15       2.38 f
  U_Reg_File/U14/Y (BUFX2M)                               0.17       2.55 f
  U_Reg_File/U11/Y (INVX2M)                               0.38       2.93 r
  U_Reg_File/U5/Y (NOR2BX2M)                              0.18       3.11 f
  U_Reg_File/U31/Y (NAND2X2M)                             0.24       3.35 r
  U_Reg_File/U84/Y (OAI2BB2X1M)                           0.19       3.54 r
  U_Reg_File/mem_reg[4][6]/D (DFFRQX2M)                   0.00       3.54 r
  data arrival time                                                  3.54

  clock REF_CLK (rise edge)                              20.00      20.00
  clock network delay (ideal)                             0.00      20.00
  clock uncertainty                                      -0.20      19.80
  U_Reg_File/mem_reg[4][6]/CK (DFFRQX2M)                  0.00      19.80 r
  library setup time                                     -0.31      19.49
  data required time                                                19.49
  --------------------------------------------------------------------------
  data required time                                                19.49
  data arrival time                                                 -3.54
  --------------------------------------------------------------------------
  slack (MET)                                                       15.96


  Startpoint: U_SYS_CTRL/Current_State_reg[0]
              (rising edge-triggered flip-flop clocked by REF_CLK)
  Endpoint: U_Reg_File/mem_reg[4][5]
            (rising edge-triggered flip-flop clocked by REF_CLK)
  Path Group: REF_CLK
  Path Type: max

  Point                                                   Incr       Path
  --------------------------------------------------------------------------
  clock REF_CLK (rise edge)                               0.00       0.00
  clock network delay (ideal)                             0.00       0.00
  U_SYS_CTRL/Current_State_reg[0]/CK (DFFRQX2M)           0.00       0.00 r
  U_SYS_CTRL/Current_State_reg[0]/Q (DFFRQX2M)            0.36       0.36 r
  U_SYS_CTRL/U59/Y (BUFX2M)                               0.39       0.76 r
  U_SYS_CTRL/U22/Y (INVX2M)                               0.17       0.93 f
  U_SYS_CTRL/U3/Y (NOR2X2M)                               0.30       1.23 r
  U_SYS_CTRL/U57/Y (MX2X2M)                               0.18       1.42 r
  U_SYS_CTRL/U56/Y (MX3X1M)                               0.23       1.64 r
  U_SYS_CTRL/Address[1] (SYS_CTRL)                        0.00       1.64 r
  U5/Y (BUFX2M)                                           0.59       2.23 r
  U_Reg_File/Address[1] (Reg_File)                        0.00       2.23 r
  U_Reg_File/U51/Y (INVX2M)                               0.15       2.38 f
  U_Reg_File/U14/Y (BUFX2M)                               0.17       2.55 f
  U_Reg_File/U11/Y (INVX2M)                               0.38       2.93 r
  U_Reg_File/U5/Y (NOR2BX2M)                              0.18       3.11 f
  U_Reg_File/U31/Y (NAND2X2M)                             0.24       3.35 r
  U_Reg_File/U83/Y (OAI2BB2X1M)                           0.19       3.54 r
  U_Reg_File/mem_reg[4][5]/D (DFFRQX2M)                   0.00       3.54 r
  data arrival time                                                  3.54

  clock REF_CLK (rise edge)                              20.00      20.00
  clock network delay (ideal)                             0.00      20.00
  clock uncertainty                                      -0.20      19.80
  U_Reg_File/mem_reg[4][5]/CK (DFFRQX2M)                  0.00      19.80 r
  library setup time                                     -0.31      19.49
  data required time                                                19.49
  --------------------------------------------------------------------------
  data required time                                                19.49
  data arrival time                                                 -3.54
  --------------------------------------------------------------------------
  slack (MET)                                                       15.96


  Startpoint: U_SYS_CTRL/Current_State_reg[0]
              (rising edge-triggered flip-flop clocked by REF_CLK)
  Endpoint: U_Reg_File/mem_reg[4][4]
            (rising edge-triggered flip-flop clocked by REF_CLK)
  Path Group: REF_CLK
  Path Type: max

  Point                                                   Incr       Path
  --------------------------------------------------------------------------
  clock REF_CLK (rise edge)                               0.00       0.00
  clock network delay (ideal)                             0.00       0.00
  U_SYS_CTRL/Current_State_reg[0]/CK (DFFRQX2M)           0.00       0.00 r
  U_SYS_CTRL/Current_State_reg[0]/Q (DFFRQX2M)            0.36       0.36 r
  U_SYS_CTRL/U59/Y (BUFX2M)                               0.39       0.76 r
  U_SYS_CTRL/U22/Y (INVX2M)                               0.17       0.93 f
  U_SYS_CTRL/U3/Y (NOR2X2M)                               0.30       1.23 r
  U_SYS_CTRL/U57/Y (MX2X2M)                               0.18       1.42 r
  U_SYS_CTRL/U56/Y (MX3X1M)                               0.23       1.64 r
  U_SYS_CTRL/Address[1] (SYS_CTRL)                        0.00       1.64 r
  U5/Y (BUFX2M)                                           0.59       2.23 r
  U_Reg_File/Address[1] (Reg_File)                        0.00       2.23 r
  U_Reg_File/U51/Y (INVX2M)                               0.15       2.38 f
  U_Reg_File/U14/Y (BUFX2M)                               0.17       2.55 f
  U_Reg_File/U11/Y (INVX2M)                               0.38       2.93 r
  U_Reg_File/U5/Y (NOR2BX2M)                              0.18       3.11 f
  U_Reg_File/U31/Y (NAND2X2M)                             0.24       3.35 r
  U_Reg_File/U82/Y (OAI2BB2X1M)                           0.19       3.54 r
  U_Reg_File/mem_reg[4][4]/D (DFFRQX2M)                   0.00       3.54 r
  data arrival time                                                  3.54

  clock REF_CLK (rise edge)                              20.00      20.00
  clock network delay (ideal)                             0.00      20.00
  clock uncertainty                                      -0.20      19.80
  U_Reg_File/mem_reg[4][4]/CK (DFFRQX2M)                  0.00      19.80 r
  library setup time                                     -0.31      19.49
  data required time                                                19.49
  --------------------------------------------------------------------------
  data required time                                                19.49
  data arrival time                                                 -3.54
  --------------------------------------------------------------------------
  slack (MET)                                                       15.96


  Startpoint: U_SYS_CTRL/Current_State_reg[0]
              (rising edge-triggered flip-flop clocked by REF_CLK)
  Endpoint: U_Reg_File/mem_reg[4][3]
            (rising edge-triggered flip-flop clocked by REF_CLK)
  Path Group: REF_CLK
  Path Type: max

  Point                                                   Incr       Path
  --------------------------------------------------------------------------
  clock REF_CLK (rise edge)                               0.00       0.00
  clock network delay (ideal)                             0.00       0.00
  U_SYS_CTRL/Current_State_reg[0]/CK (DFFRQX2M)           0.00       0.00 r
  U_SYS_CTRL/Current_State_reg[0]/Q (DFFRQX2M)            0.36       0.36 r
  U_SYS_CTRL/U59/Y (BUFX2M)                               0.39       0.76 r
  U_SYS_CTRL/U22/Y (INVX2M)                               0.17       0.93 f
  U_SYS_CTRL/U3/Y (NOR2X2M)                               0.30       1.23 r
  U_SYS_CTRL/U57/Y (MX2X2M)                               0.18       1.42 r
  U_SYS_CTRL/U56/Y (MX3X1M)                               0.23       1.64 r
  U_SYS_CTRL/Address[1] (SYS_CTRL)                        0.00       1.64 r
  U5/Y (BUFX2M)                                           0.59       2.23 r
  U_Reg_File/Address[1] (Reg_File)                        0.00       2.23 r
  U_Reg_File/U51/Y (INVX2M)                               0.15       2.38 f
  U_Reg_File/U14/Y (BUFX2M)                               0.17       2.55 f
  U_Reg_File/U11/Y (INVX2M)                               0.38       2.93 r
  U_Reg_File/U5/Y (NOR2BX2M)                              0.18       3.11 f
  U_Reg_File/U31/Y (NAND2X2M)                             0.24       3.35 r
  U_Reg_File/U81/Y (OAI2BB2X1M)                           0.19       3.54 r
  U_Reg_File/mem_reg[4][3]/D (DFFRQX2M)                   0.00       3.54 r
  data arrival time                                                  3.54

  clock REF_CLK (rise edge)                              20.00      20.00
  clock network delay (ideal)                             0.00      20.00
  clock uncertainty                                      -0.20      19.80
  U_Reg_File/mem_reg[4][3]/CK (DFFRQX2M)                  0.00      19.80 r
  library setup time                                     -0.31      19.49
  data required time                                                19.49
  --------------------------------------------------------------------------
  data required time                                                19.49
  data arrival time                                                 -3.54
  --------------------------------------------------------------------------
  slack (MET)                                                       15.96


  Startpoint: U_SYS_CTRL/Current_State_reg[0]
              (rising edge-triggered flip-flop clocked by REF_CLK)
  Endpoint: U_Reg_File/mem_reg[4][2]
            (rising edge-triggered flip-flop clocked by REF_CLK)
  Path Group: REF_CLK
  Path Type: max

  Point                                                   Incr       Path
  --------------------------------------------------------------------------
  clock REF_CLK (rise edge)                               0.00       0.00
  clock network delay (ideal)                             0.00       0.00
  U_SYS_CTRL/Current_State_reg[0]/CK (DFFRQX2M)           0.00       0.00 r
  U_SYS_CTRL/Current_State_reg[0]/Q (DFFRQX2M)            0.36       0.36 r
  U_SYS_CTRL/U59/Y (BUFX2M)                               0.39       0.76 r
  U_SYS_CTRL/U22/Y (INVX2M)                               0.17       0.93 f
  U_SYS_CTRL/U3/Y (NOR2X2M)                               0.30       1.23 r
  U_SYS_CTRL/U57/Y (MX2X2M)                               0.18       1.42 r
  U_SYS_CTRL/U56/Y (MX3X1M)                               0.23       1.64 r
  U_SYS_CTRL/Address[1] (SYS_CTRL)                        0.00       1.64 r
  U5/Y (BUFX2M)                                           0.59       2.23 r
  U_Reg_File/Address[1] (Reg_File)                        0.00       2.23 r
  U_Reg_File/U51/Y (INVX2M)                               0.15       2.38 f
  U_Reg_File/U14/Y (BUFX2M)                               0.17       2.55 f
  U_Reg_File/U11/Y (INVX2M)                               0.38       2.93 r
  U_Reg_File/U5/Y (NOR2BX2M)                              0.18       3.11 f
  U_Reg_File/U31/Y (NAND2X2M)                             0.24       3.35 r
  U_Reg_File/U80/Y (OAI2BB2X1M)                           0.19       3.54 r
  U_Reg_File/mem_reg[4][2]/D (DFFRQX2M)                   0.00       3.54 r
  data arrival time                                                  3.54

  clock REF_CLK (rise edge)                              20.00      20.00
  clock network delay (ideal)                             0.00      20.00
  clock uncertainty                                      -0.20      19.80
  U_Reg_File/mem_reg[4][2]/CK (DFFRQX2M)                  0.00      19.80 r
  library setup time                                     -0.31      19.49
  data required time                                                19.49
  --------------------------------------------------------------------------
  data required time                                                19.49
  data arrival time                                                 -3.54
  --------------------------------------------------------------------------
  slack (MET)                                                       15.96


  Startpoint: U_SYS_CTRL/Current_State_reg[0]
              (rising edge-triggered flip-flop clocked by REF_CLK)
  Endpoint: U_Reg_File/mem_reg[4][1]
            (rising edge-triggered flip-flop clocked by REF_CLK)
  Path Group: REF_CLK
  Path Type: max

  Point                                                   Incr       Path
  --------------------------------------------------------------------------
  clock REF_CLK (rise edge)                               0.00       0.00
  clock network delay (ideal)                             0.00       0.00
  U_SYS_CTRL/Current_State_reg[0]/CK (DFFRQX2M)           0.00       0.00 r
  U_SYS_CTRL/Current_State_reg[0]/Q (DFFRQX2M)            0.36       0.36 r
  U_SYS_CTRL/U59/Y (BUFX2M)                               0.39       0.76 r
  U_SYS_CTRL/U22/Y (INVX2M)                               0.17       0.93 f
  U_SYS_CTRL/U3/Y (NOR2X2M)                               0.30       1.23 r
  U_SYS_CTRL/U57/Y (MX2X2M)                               0.18       1.42 r
  U_SYS_CTRL/U56/Y (MX3X1M)                               0.23       1.64 r
  U_SYS_CTRL/Address[1] (SYS_CTRL)                        0.00       1.64 r
  U5/Y (BUFX2M)                                           0.59       2.23 r
  U_Reg_File/Address[1] (Reg_File)                        0.00       2.23 r
  U_Reg_File/U51/Y (INVX2M)                               0.15       2.38 f
  U_Reg_File/U14/Y (BUFX2M)                               0.17       2.55 f
  U_Reg_File/U11/Y (INVX2M)                               0.38       2.93 r
  U_Reg_File/U5/Y (NOR2BX2M)                              0.18       3.11 f
  U_Reg_File/U31/Y (NAND2X2M)                             0.24       3.35 r
  U_Reg_File/U79/Y (OAI2BB2X1M)                           0.19       3.54 r
  U_Reg_File/mem_reg[4][1]/D (DFFRQX2M)                   0.00       3.54 r
  data arrival time                                                  3.54

  clock REF_CLK (rise edge)                              20.00      20.00
  clock network delay (ideal)                             0.00      20.00
  clock uncertainty                                      -0.20      19.80
  U_Reg_File/mem_reg[4][1]/CK (DFFRQX2M)                  0.00      19.80 r
  library setup time                                     -0.31      19.49
  data required time                                                19.49
  --------------------------------------------------------------------------
  data required time                                                19.49
  data arrival time                                                 -3.54
  --------------------------------------------------------------------------
  slack (MET)                                                       15.96


  Startpoint: U_SYS_CTRL/Current_State_reg[0]
              (rising edge-triggered flip-flop clocked by REF_CLK)
  Endpoint: U_Reg_File/mem_reg[4][0]
            (rising edge-triggered flip-flop clocked by REF_CLK)
  Path Group: REF_CLK
  Path Type: max

  Point                                                   Incr       Path
  --------------------------------------------------------------------------
  clock REF_CLK (rise edge)                               0.00       0.00
  clock network delay (ideal)                             0.00       0.00
  U_SYS_CTRL/Current_State_reg[0]/CK (DFFRQX2M)           0.00       0.00 r
  U_SYS_CTRL/Current_State_reg[0]/Q (DFFRQX2M)            0.36       0.36 r
  U_SYS_CTRL/U59/Y (BUFX2M)                               0.39       0.76 r
  U_SYS_CTRL/U22/Y (INVX2M)                               0.17       0.93 f
  U_SYS_CTRL/U3/Y (NOR2X2M)                               0.30       1.23 r
  U_SYS_CTRL/U57/Y (MX2X2M)                               0.18       1.42 r
  U_SYS_CTRL/U56/Y (MX3X1M)                               0.23       1.64 r
  U_SYS_CTRL/Address[1] (SYS_CTRL)                        0.00       1.64 r
  U5/Y (BUFX2M)                                           0.59       2.23 r
  U_Reg_File/Address[1] (Reg_File)                        0.00       2.23 r
  U_Reg_File/U51/Y (INVX2M)                               0.15       2.38 f
  U_Reg_File/U14/Y (BUFX2M)                               0.17       2.55 f
  U_Reg_File/U11/Y (INVX2M)                               0.38       2.93 r
  U_Reg_File/U5/Y (NOR2BX2M)                              0.18       3.11 f
  U_Reg_File/U31/Y (NAND2X2M)                             0.24       3.35 r
  U_Reg_File/U78/Y (OAI2BB2X1M)                           0.19       3.54 r
  U_Reg_File/mem_reg[4][0]/D (DFFRQX2M)                   0.00       3.54 r
  data arrival time                                                  3.54

  clock REF_CLK (rise edge)                              20.00      20.00
  clock network delay (ideal)                             0.00      20.00
  clock uncertainty                                      -0.20      19.80
  U_Reg_File/mem_reg[4][0]/CK (DFFRQX2M)                  0.00      19.80 r
  library setup time                                     -0.31      19.49
  data required time                                                19.49
  --------------------------------------------------------------------------
  data required time                                                19.49
  data arrival time                                                 -3.54
  --------------------------------------------------------------------------
  slack (MET)                                                       15.96


  Startpoint: U_SYS_CTRL/Current_State_reg[0]
              (rising edge-triggered flip-flop clocked by REF_CLK)
  Endpoint: U_Reg_File/mem_reg[5][7]
            (rising edge-triggered flip-flop clocked by REF_CLK)
  Path Group: REF_CLK
  Path Type: max

  Point                                                   Incr       Path
  --------------------------------------------------------------------------
  clock REF_CLK (rise edge)                               0.00       0.00
  clock network delay (ideal)                             0.00       0.00
  U_SYS_CTRL/Current_State_reg[0]/CK (DFFRQX2M)           0.00       0.00 r
  U_SYS_CTRL/Current_State_reg[0]/Q (DFFRQX2M)            0.36       0.36 r
  U_SYS_CTRL/U59/Y (BUFX2M)                               0.39       0.76 r
  U_SYS_CTRL/U22/Y (INVX2M)                               0.17       0.93 f
  U_SYS_CTRL/U3/Y (NOR2X2M)                               0.30       1.23 r
  U_SYS_CTRL/U57/Y (MX2X2M)                               0.18       1.42 r
  U_SYS_CTRL/U56/Y (MX3X1M)                               0.23       1.64 r
  U_SYS_CTRL/Address[1] (SYS_CTRL)                        0.00       1.64 r
  U5/Y (BUFX2M)                                           0.59       2.23 r
  U_Reg_File/Address[1] (Reg_File)                        0.00       2.23 r
  U_Reg_File/U51/Y (INVX2M)                               0.15       2.38 f
  U_Reg_File/U14/Y (BUFX2M)                               0.17       2.55 f
  U_Reg_File/U11/Y (INVX2M)                               0.38       2.93 r
  U_Reg_File/U5/Y (NOR2BX2M)                              0.18       3.11 f
  U_Reg_File/U32/Y (NAND2X2M)                             0.24       3.35 r
  U_Reg_File/U93/Y (OAI2BB2X1M)                           0.19       3.54 r
  U_Reg_File/mem_reg[5][7]/D (DFFRQX2M)                   0.00       3.54 r
  data arrival time                                                  3.54

  clock REF_CLK (rise edge)                              20.00      20.00
  clock network delay (ideal)                             0.00      20.00
  clock uncertainty                                      -0.20      19.80
  U_Reg_File/mem_reg[5][7]/CK (DFFRQX2M)                  0.00      19.80 r
  library setup time                                     -0.31      19.49
  data required time                                                19.49
  --------------------------------------------------------------------------
  data required time                                                19.49
  data arrival time                                                 -3.54
  --------------------------------------------------------------------------
  slack (MET)                                                       15.96


  Startpoint: U_SYS_CTRL/Current_State_reg[0]
              (rising edge-triggered flip-flop clocked by REF_CLK)
  Endpoint: U_Reg_File/mem_reg[5][6]
            (rising edge-triggered flip-flop clocked by REF_CLK)
  Path Group: REF_CLK
  Path Type: max

  Point                                                   Incr       Path
  --------------------------------------------------------------------------
  clock REF_CLK (rise edge)                               0.00       0.00
  clock network delay (ideal)                             0.00       0.00
  U_SYS_CTRL/Current_State_reg[0]/CK (DFFRQX2M)           0.00       0.00 r
  U_SYS_CTRL/Current_State_reg[0]/Q (DFFRQX2M)            0.36       0.36 r
  U_SYS_CTRL/U59/Y (BUFX2M)                               0.39       0.76 r
  U_SYS_CTRL/U22/Y (INVX2M)                               0.17       0.93 f
  U_SYS_CTRL/U3/Y (NOR2X2M)                               0.30       1.23 r
  U_SYS_CTRL/U57/Y (MX2X2M)                               0.18       1.42 r
  U_SYS_CTRL/U56/Y (MX3X1M)                               0.23       1.64 r
  U_SYS_CTRL/Address[1] (SYS_CTRL)                        0.00       1.64 r
  U5/Y (BUFX2M)                                           0.59       2.23 r
  U_Reg_File/Address[1] (Reg_File)                        0.00       2.23 r
  U_Reg_File/U51/Y (INVX2M)                               0.15       2.38 f
  U_Reg_File/U14/Y (BUFX2M)                               0.17       2.55 f
  U_Reg_File/U11/Y (INVX2M)                               0.38       2.93 r
  U_Reg_File/U5/Y (NOR2BX2M)                              0.18       3.11 f
  U_Reg_File/U32/Y (NAND2X2M)                             0.24       3.35 r
  U_Reg_File/U92/Y (OAI2BB2X1M)                           0.19       3.54 r
  U_Reg_File/mem_reg[5][6]/D (DFFRQX2M)                   0.00       3.54 r
  data arrival time                                                  3.54

  clock REF_CLK (rise edge)                              20.00      20.00
  clock network delay (ideal)                             0.00      20.00
  clock uncertainty                                      -0.20      19.80
  U_Reg_File/mem_reg[5][6]/CK (DFFRQX2M)                  0.00      19.80 r
  library setup time                                     -0.31      19.49
  data required time                                                19.49
  --------------------------------------------------------------------------
  data required time                                                19.49
  data arrival time                                                 -3.54
  --------------------------------------------------------------------------
  slack (MET)                                                       15.96


  Startpoint: U_SYS_CTRL/Current_State_reg[0]
              (rising edge-triggered flip-flop clocked by REF_CLK)
  Endpoint: U_Reg_File/mem_reg[5][5]
            (rising edge-triggered flip-flop clocked by REF_CLK)
  Path Group: REF_CLK
  Path Type: max

  Point                                                   Incr       Path
  --------------------------------------------------------------------------
  clock REF_CLK (rise edge)                               0.00       0.00
  clock network delay (ideal)                             0.00       0.00
  U_SYS_CTRL/Current_State_reg[0]/CK (DFFRQX2M)           0.00       0.00 r
  U_SYS_CTRL/Current_State_reg[0]/Q (DFFRQX2M)            0.36       0.36 r
  U_SYS_CTRL/U59/Y (BUFX2M)                               0.39       0.76 r
  U_SYS_CTRL/U22/Y (INVX2M)                               0.17       0.93 f
  U_SYS_CTRL/U3/Y (NOR2X2M)                               0.30       1.23 r
  U_SYS_CTRL/U57/Y (MX2X2M)                               0.18       1.42 r
  U_SYS_CTRL/U56/Y (MX3X1M)                               0.23       1.64 r
  U_SYS_CTRL/Address[1] (SYS_CTRL)                        0.00       1.64 r
  U5/Y (BUFX2M)                                           0.59       2.23 r
  U_Reg_File/Address[1] (Reg_File)                        0.00       2.23 r
  U_Reg_File/U51/Y (INVX2M)                               0.15       2.38 f
  U_Reg_File/U14/Y (BUFX2M)                               0.17       2.55 f
  U_Reg_File/U11/Y (INVX2M)                               0.38       2.93 r
  U_Reg_File/U5/Y (NOR2BX2M)                              0.18       3.11 f
  U_Reg_File/U32/Y (NAND2X2M)                             0.24       3.35 r
  U_Reg_File/U91/Y (OAI2BB2X1M)                           0.19       3.54 r
  U_Reg_File/mem_reg[5][5]/D (DFFRQX2M)                   0.00       3.54 r
  data arrival time                                                  3.54

  clock REF_CLK (rise edge)                              20.00      20.00
  clock network delay (ideal)                             0.00      20.00
  clock uncertainty                                      -0.20      19.80
  U_Reg_File/mem_reg[5][5]/CK (DFFRQX2M)                  0.00      19.80 r
  library setup time                                     -0.31      19.49
  data required time                                                19.49
  --------------------------------------------------------------------------
  data required time                                                19.49
  data arrival time                                                 -3.54
  --------------------------------------------------------------------------
  slack (MET)                                                       15.96


  Startpoint: U_SYS_CTRL/Current_State_reg[0]
              (rising edge-triggered flip-flop clocked by REF_CLK)
  Endpoint: U_Reg_File/mem_reg[5][4]
            (rising edge-triggered flip-flop clocked by REF_CLK)
  Path Group: REF_CLK
  Path Type: max

  Point                                                   Incr       Path
  --------------------------------------------------------------------------
  clock REF_CLK (rise edge)                               0.00       0.00
  clock network delay (ideal)                             0.00       0.00
  U_SYS_CTRL/Current_State_reg[0]/CK (DFFRQX2M)           0.00       0.00 r
  U_SYS_CTRL/Current_State_reg[0]/Q (DFFRQX2M)            0.36       0.36 r
  U_SYS_CTRL/U59/Y (BUFX2M)                               0.39       0.76 r
  U_SYS_CTRL/U22/Y (INVX2M)                               0.17       0.93 f
  U_SYS_CTRL/U3/Y (NOR2X2M)                               0.30       1.23 r
  U_SYS_CTRL/U57/Y (MX2X2M)                               0.18       1.42 r
  U_SYS_CTRL/U56/Y (MX3X1M)                               0.23       1.64 r
  U_SYS_CTRL/Address[1] (SYS_CTRL)                        0.00       1.64 r
  U5/Y (BUFX2M)                                           0.59       2.23 r
  U_Reg_File/Address[1] (Reg_File)                        0.00       2.23 r
  U_Reg_File/U51/Y (INVX2M)                               0.15       2.38 f
  U_Reg_File/U14/Y (BUFX2M)                               0.17       2.55 f
  U_Reg_File/U11/Y (INVX2M)                               0.38       2.93 r
  U_Reg_File/U5/Y (NOR2BX2M)                              0.18       3.11 f
  U_Reg_File/U32/Y (NAND2X2M)                             0.24       3.35 r
  U_Reg_File/U90/Y (OAI2BB2X1M)                           0.19       3.54 r
  U_Reg_File/mem_reg[5][4]/D (DFFRQX2M)                   0.00       3.54 r
  data arrival time                                                  3.54

  clock REF_CLK (rise edge)                              20.00      20.00
  clock network delay (ideal)                             0.00      20.00
  clock uncertainty                                      -0.20      19.80
  U_Reg_File/mem_reg[5][4]/CK (DFFRQX2M)                  0.00      19.80 r
  library setup time                                     -0.31      19.49
  data required time                                                19.49
  --------------------------------------------------------------------------
  data required time                                                19.49
  data arrival time                                                 -3.54
  --------------------------------------------------------------------------
  slack (MET)                                                       15.96


  Startpoint: U_SYS_CTRL/Current_State_reg[0]
              (rising edge-triggered flip-flop clocked by REF_CLK)
  Endpoint: U_Reg_File/mem_reg[5][3]
            (rising edge-triggered flip-flop clocked by REF_CLK)
  Path Group: REF_CLK
  Path Type: max

  Point                                                   Incr       Path
  --------------------------------------------------------------------------
  clock REF_CLK (rise edge)                               0.00       0.00
  clock network delay (ideal)                             0.00       0.00
  U_SYS_CTRL/Current_State_reg[0]/CK (DFFRQX2M)           0.00       0.00 r
  U_SYS_CTRL/Current_State_reg[0]/Q (DFFRQX2M)            0.36       0.36 r
  U_SYS_CTRL/U59/Y (BUFX2M)                               0.39       0.76 r
  U_SYS_CTRL/U22/Y (INVX2M)                               0.17       0.93 f
  U_SYS_CTRL/U3/Y (NOR2X2M)                               0.30       1.23 r
  U_SYS_CTRL/U57/Y (MX2X2M)                               0.18       1.42 r
  U_SYS_CTRL/U56/Y (MX3X1M)                               0.23       1.64 r
  U_SYS_CTRL/Address[1] (SYS_CTRL)                        0.00       1.64 r
  U5/Y (BUFX2M)                                           0.59       2.23 r
  U_Reg_File/Address[1] (Reg_File)                        0.00       2.23 r
  U_Reg_File/U51/Y (INVX2M)                               0.15       2.38 f
  U_Reg_File/U14/Y (BUFX2M)                               0.17       2.55 f
  U_Reg_File/U11/Y (INVX2M)                               0.38       2.93 r
  U_Reg_File/U5/Y (NOR2BX2M)                              0.18       3.11 f
  U_Reg_File/U32/Y (NAND2X2M)                             0.24       3.35 r
  U_Reg_File/U89/Y (OAI2BB2X1M)                           0.19       3.54 r
  U_Reg_File/mem_reg[5][3]/D (DFFRQX2M)                   0.00       3.54 r
  data arrival time                                                  3.54

  clock REF_CLK (rise edge)                              20.00      20.00
  clock network delay (ideal)                             0.00      20.00
  clock uncertainty                                      -0.20      19.80
  U_Reg_File/mem_reg[5][3]/CK (DFFRQX2M)                  0.00      19.80 r
  library setup time                                     -0.31      19.49
  data required time                                                19.49
  --------------------------------------------------------------------------
  data required time                                                19.49
  data arrival time                                                 -3.54
  --------------------------------------------------------------------------
  slack (MET)                                                       15.96


  Startpoint: U_SYS_CTRL/Current_State_reg[0]
              (rising edge-triggered flip-flop clocked by REF_CLK)
  Endpoint: U_Reg_File/mem_reg[5][2]
            (rising edge-triggered flip-flop clocked by REF_CLK)
  Path Group: REF_CLK
  Path Type: max

  Point                                                   Incr       Path
  --------------------------------------------------------------------------
  clock REF_CLK (rise edge)                               0.00       0.00
  clock network delay (ideal)                             0.00       0.00
  U_SYS_CTRL/Current_State_reg[0]/CK (DFFRQX2M)           0.00       0.00 r
  U_SYS_CTRL/Current_State_reg[0]/Q (DFFRQX2M)            0.36       0.36 r
  U_SYS_CTRL/U59/Y (BUFX2M)                               0.39       0.76 r
  U_SYS_CTRL/U22/Y (INVX2M)                               0.17       0.93 f
  U_SYS_CTRL/U3/Y (NOR2X2M)                               0.30       1.23 r
  U_SYS_CTRL/U57/Y (MX2X2M)                               0.18       1.42 r
  U_SYS_CTRL/U56/Y (MX3X1M)                               0.23       1.64 r
  U_SYS_CTRL/Address[1] (SYS_CTRL)                        0.00       1.64 r
  U5/Y (BUFX2M)                                           0.59       2.23 r
  U_Reg_File/Address[1] (Reg_File)                        0.00       2.23 r
  U_Reg_File/U51/Y (INVX2M)                               0.15       2.38 f
  U_Reg_File/U14/Y (BUFX2M)                               0.17       2.55 f
  U_Reg_File/U11/Y (INVX2M)                               0.38       2.93 r
  U_Reg_File/U5/Y (NOR2BX2M)                              0.18       3.11 f
  U_Reg_File/U32/Y (NAND2X2M)                             0.24       3.35 r
  U_Reg_File/U88/Y (OAI2BB2X1M)                           0.19       3.54 r
  U_Reg_File/mem_reg[5][2]/D (DFFRQX2M)                   0.00       3.54 r
  data arrival time                                                  3.54

  clock REF_CLK (rise edge)                              20.00      20.00
  clock network delay (ideal)                             0.00      20.00
  clock uncertainty                                      -0.20      19.80
  U_Reg_File/mem_reg[5][2]/CK (DFFRQX2M)                  0.00      19.80 r
  library setup time                                     -0.31      19.49
  data required time                                                19.49
  --------------------------------------------------------------------------
  data required time                                                19.49
  data arrival time                                                 -3.54
  --------------------------------------------------------------------------
  slack (MET)                                                       15.96


  Startpoint: U_SYS_CTRL/Current_State_reg[0]
              (rising edge-triggered flip-flop clocked by REF_CLK)
  Endpoint: U_Reg_File/mem_reg[5][1]
            (rising edge-triggered flip-flop clocked by REF_CLK)
  Path Group: REF_CLK
  Path Type: max

  Point                                                   Incr       Path
  --------------------------------------------------------------------------
  clock REF_CLK (rise edge)                               0.00       0.00
  clock network delay (ideal)                             0.00       0.00
  U_SYS_CTRL/Current_State_reg[0]/CK (DFFRQX2M)           0.00       0.00 r
  U_SYS_CTRL/Current_State_reg[0]/Q (DFFRQX2M)            0.36       0.36 r
  U_SYS_CTRL/U59/Y (BUFX2M)                               0.39       0.76 r
  U_SYS_CTRL/U22/Y (INVX2M)                               0.17       0.93 f
  U_SYS_CTRL/U3/Y (NOR2X2M)                               0.30       1.23 r
  U_SYS_CTRL/U57/Y (MX2X2M)                               0.18       1.42 r
  U_SYS_CTRL/U56/Y (MX3X1M)                               0.23       1.64 r
  U_SYS_CTRL/Address[1] (SYS_CTRL)                        0.00       1.64 r
  U5/Y (BUFX2M)                                           0.59       2.23 r
  U_Reg_File/Address[1] (Reg_File)                        0.00       2.23 r
  U_Reg_File/U51/Y (INVX2M)                               0.15       2.38 f
  U_Reg_File/U14/Y (BUFX2M)                               0.17       2.55 f
  U_Reg_File/U11/Y (INVX2M)                               0.38       2.93 r
  U_Reg_File/U5/Y (NOR2BX2M)                              0.18       3.11 f
  U_Reg_File/U32/Y (NAND2X2M)                             0.24       3.35 r
  U_Reg_File/U87/Y (OAI2BB2X1M)                           0.19       3.54 r
  U_Reg_File/mem_reg[5][1]/D (DFFRQX2M)                   0.00       3.54 r
  data arrival time                                                  3.54

  clock REF_CLK (rise edge)                              20.00      20.00
  clock network delay (ideal)                             0.00      20.00
  clock uncertainty                                      -0.20      19.80
  U_Reg_File/mem_reg[5][1]/CK (DFFRQX2M)                  0.00      19.80 r
  library setup time                                     -0.31      19.49
  data required time                                                19.49
  --------------------------------------------------------------------------
  data required time                                                19.49
  data arrival time                                                 -3.54
  --------------------------------------------------------------------------
  slack (MET)                                                       15.96


  Startpoint: U_SYS_CTRL/Current_State_reg[0]
              (rising edge-triggered flip-flop clocked by REF_CLK)
  Endpoint: U_Reg_File/mem_reg[5][0]
            (rising edge-triggered flip-flop clocked by REF_CLK)
  Path Group: REF_CLK
  Path Type: max

  Point                                                   Incr       Path
  --------------------------------------------------------------------------
  clock REF_CLK (rise edge)                               0.00       0.00
  clock network delay (ideal)                             0.00       0.00
  U_SYS_CTRL/Current_State_reg[0]/CK (DFFRQX2M)           0.00       0.00 r
  U_SYS_CTRL/Current_State_reg[0]/Q (DFFRQX2M)            0.36       0.36 r
  U_SYS_CTRL/U59/Y (BUFX2M)                               0.39       0.76 r
  U_SYS_CTRL/U22/Y (INVX2M)                               0.17       0.93 f
  U_SYS_CTRL/U3/Y (NOR2X2M)                               0.30       1.23 r
  U_SYS_CTRL/U57/Y (MX2X2M)                               0.18       1.42 r
  U_SYS_CTRL/U56/Y (MX3X1M)                               0.23       1.64 r
  U_SYS_CTRL/Address[1] (SYS_CTRL)                        0.00       1.64 r
  U5/Y (BUFX2M)                                           0.59       2.23 r
  U_Reg_File/Address[1] (Reg_File)                        0.00       2.23 r
  U_Reg_File/U51/Y (INVX2M)                               0.15       2.38 f
  U_Reg_File/U14/Y (BUFX2M)                               0.17       2.55 f
  U_Reg_File/U11/Y (INVX2M)                               0.38       2.93 r
  U_Reg_File/U5/Y (NOR2BX2M)                              0.18       3.11 f
  U_Reg_File/U32/Y (NAND2X2M)                             0.24       3.35 r
  U_Reg_File/U86/Y (OAI2BB2X1M)                           0.19       3.54 r
  U_Reg_File/mem_reg[5][0]/D (DFFRQX2M)                   0.00       3.54 r
  data arrival time                                                  3.54

  clock REF_CLK (rise edge)                              20.00      20.00
  clock network delay (ideal)                             0.00      20.00
  clock uncertainty                                      -0.20      19.80
  U_Reg_File/mem_reg[5][0]/CK (DFFRQX2M)                  0.00      19.80 r
  library setup time                                     -0.31      19.49
  data required time                                                19.49
  --------------------------------------------------------------------------
  data required time                                                19.49
  data arrival time                                                 -3.54
  --------------------------------------------------------------------------
  slack (MET)                                                       15.96


  Startpoint: U_SYS_CTRL/Current_State_reg[0]
              (rising edge-triggered flip-flop clocked by REF_CLK)
  Endpoint: U_Reg_File/mem_reg[8][7]
            (rising edge-triggered flip-flop clocked by REF_CLK)
  Path Group: REF_CLK
  Path Type: max

  Point                                                   Incr       Path
  --------------------------------------------------------------------------
  clock REF_CLK (rise edge)                               0.00       0.00
  clock network delay (ideal)                             0.00       0.00
  U_SYS_CTRL/Current_State_reg[0]/CK (DFFRQX2M)           0.00       0.00 r
  U_SYS_CTRL/Current_State_reg[0]/Q (DFFRQX2M)            0.36       0.36 r
  U_SYS_CTRL/U59/Y (BUFX2M)                               0.39       0.76 r
  U_SYS_CTRL/U22/Y (INVX2M)                               0.17       0.93 f
  U_SYS_CTRL/U3/Y (NOR2X2M)                               0.30       1.23 r
  U_SYS_CTRL/U57/Y (MX2X2M)                               0.18       1.42 r
  U_SYS_CTRL/U56/Y (MX3X1M)                               0.23       1.64 r
  U_SYS_CTRL/Address[1] (SYS_CTRL)                        0.00       1.64 r
  U5/Y (BUFX2M)                                           0.59       2.23 r
  U_Reg_File/Address[1] (Reg_File)                        0.00       2.23 r
  U_Reg_File/U51/Y (INVX2M)                               0.15       2.38 f
  U_Reg_File/U14/Y (BUFX2M)                               0.17       2.55 f
  U_Reg_File/U11/Y (INVX2M)                               0.38       2.93 r
  U_Reg_File/U4/Y (NOR2X2M)                               0.16       3.10 f
  U_Reg_File/U21/Y (NAND2X2M)                             0.25       3.35 r
  U_Reg_File/U130/Y (OAI2BB2X1M)                          0.19       3.54 r
  U_Reg_File/mem_reg[8][7]/D (DFFRQX2M)                   0.00       3.54 r
  data arrival time                                                  3.54

  clock REF_CLK (rise edge)                              20.00      20.00
  clock network delay (ideal)                             0.00      20.00
  clock uncertainty                                      -0.20      19.80
  U_Reg_File/mem_reg[8][7]/CK (DFFRQX2M)                  0.00      19.80 r
  library setup time                                     -0.31      19.49
  data required time                                                19.49
  --------------------------------------------------------------------------
  data required time                                                19.49
  data arrival time                                                 -3.54
  --------------------------------------------------------------------------
  slack (MET)                                                       15.96


  Startpoint: U_SYS_CTRL/Current_State_reg[0]
              (rising edge-triggered flip-flop clocked by REF_CLK)
  Endpoint: U_Reg_File/mem_reg[8][6]
            (rising edge-triggered flip-flop clocked by REF_CLK)
  Path Group: REF_CLK
  Path Type: max

  Point                                                   Incr       Path
  --------------------------------------------------------------------------
  clock REF_CLK (rise edge)                               0.00       0.00
  clock network delay (ideal)                             0.00       0.00
  U_SYS_CTRL/Current_State_reg[0]/CK (DFFRQX2M)           0.00       0.00 r
  U_SYS_CTRL/Current_State_reg[0]/Q (DFFRQX2M)            0.36       0.36 r
  U_SYS_CTRL/U59/Y (BUFX2M)                               0.39       0.76 r
  U_SYS_CTRL/U22/Y (INVX2M)                               0.17       0.93 f
  U_SYS_CTRL/U3/Y (NOR2X2M)                               0.30       1.23 r
  U_SYS_CTRL/U57/Y (MX2X2M)                               0.18       1.42 r
  U_SYS_CTRL/U56/Y (MX3X1M)                               0.23       1.64 r
  U_SYS_CTRL/Address[1] (SYS_CTRL)                        0.00       1.64 r
  U5/Y (BUFX2M)                                           0.59       2.23 r
  U_Reg_File/Address[1] (Reg_File)                        0.00       2.23 r
  U_Reg_File/U51/Y (INVX2M)                               0.15       2.38 f
  U_Reg_File/U14/Y (BUFX2M)                               0.17       2.55 f
  U_Reg_File/U11/Y (INVX2M)                               0.38       2.93 r
  U_Reg_File/U4/Y (NOR2X2M)                               0.16       3.10 f
  U_Reg_File/U21/Y (NAND2X2M)                             0.25       3.35 r
  U_Reg_File/U129/Y (OAI2BB2X1M)                          0.19       3.54 r
  U_Reg_File/mem_reg[8][6]/D (DFFRQX2M)                   0.00       3.54 r
  data arrival time                                                  3.54

  clock REF_CLK (rise edge)                              20.00      20.00
  clock network delay (ideal)                             0.00      20.00
  clock uncertainty                                      -0.20      19.80
  U_Reg_File/mem_reg[8][6]/CK (DFFRQX2M)                  0.00      19.80 r
  library setup time                                     -0.31      19.49
  data required time                                                19.49
  --------------------------------------------------------------------------
  data required time                                                19.49
  data arrival time                                                 -3.54
  --------------------------------------------------------------------------
  slack (MET)                                                       15.96


  Startpoint: U_SYS_CTRL/Current_State_reg[0]
              (rising edge-triggered flip-flop clocked by REF_CLK)
  Endpoint: U_Reg_File/mem_reg[8][5]
            (rising edge-triggered flip-flop clocked by REF_CLK)
  Path Group: REF_CLK
  Path Type: max

  Point                                                   Incr       Path
  --------------------------------------------------------------------------
  clock REF_CLK (rise edge)                               0.00       0.00
  clock network delay (ideal)                             0.00       0.00
  U_SYS_CTRL/Current_State_reg[0]/CK (DFFRQX2M)           0.00       0.00 r
  U_SYS_CTRL/Current_State_reg[0]/Q (DFFRQX2M)            0.36       0.36 r
  U_SYS_CTRL/U59/Y (BUFX2M)                               0.39       0.76 r
  U_SYS_CTRL/U22/Y (INVX2M)                               0.17       0.93 f
  U_SYS_CTRL/U3/Y (NOR2X2M)                               0.30       1.23 r
  U_SYS_CTRL/U57/Y (MX2X2M)                               0.18       1.42 r
  U_SYS_CTRL/U56/Y (MX3X1M)                               0.23       1.64 r
  U_SYS_CTRL/Address[1] (SYS_CTRL)                        0.00       1.64 r
  U5/Y (BUFX2M)                                           0.59       2.23 r
  U_Reg_File/Address[1] (Reg_File)                        0.00       2.23 r
  U_Reg_File/U51/Y (INVX2M)                               0.15       2.38 f
  U_Reg_File/U14/Y (BUFX2M)                               0.17       2.55 f
  U_Reg_File/U11/Y (INVX2M)                               0.38       2.93 r
  U_Reg_File/U4/Y (NOR2X2M)                               0.16       3.10 f
  U_Reg_File/U21/Y (NAND2X2M)                             0.25       3.35 r
  U_Reg_File/U128/Y (OAI2BB2X1M)                          0.19       3.54 r
  U_Reg_File/mem_reg[8][5]/D (DFFRQX2M)                   0.00       3.54 r
  data arrival time                                                  3.54

  clock REF_CLK (rise edge)                              20.00      20.00
  clock network delay (ideal)                             0.00      20.00
  clock uncertainty                                      -0.20      19.80
  U_Reg_File/mem_reg[8][5]/CK (DFFRQX2M)                  0.00      19.80 r
  library setup time                                     -0.31      19.49
  data required time                                                19.49
  --------------------------------------------------------------------------
  data required time                                                19.49
  data arrival time                                                 -3.54
  --------------------------------------------------------------------------
  slack (MET)                                                       15.96


  Startpoint: U_SYS_CTRL/Current_State_reg[0]
              (rising edge-triggered flip-flop clocked by REF_CLK)
  Endpoint: U_Reg_File/mem_reg[8][4]
            (rising edge-triggered flip-flop clocked by REF_CLK)
  Path Group: REF_CLK
  Path Type: max

  Point                                                   Incr       Path
  --------------------------------------------------------------------------
  clock REF_CLK (rise edge)                               0.00       0.00
  clock network delay (ideal)                             0.00       0.00
  U_SYS_CTRL/Current_State_reg[0]/CK (DFFRQX2M)           0.00       0.00 r
  U_SYS_CTRL/Current_State_reg[0]/Q (DFFRQX2M)            0.36       0.36 r
  U_SYS_CTRL/U59/Y (BUFX2M)                               0.39       0.76 r
  U_SYS_CTRL/U22/Y (INVX2M)                               0.17       0.93 f
  U_SYS_CTRL/U3/Y (NOR2X2M)                               0.30       1.23 r
  U_SYS_CTRL/U57/Y (MX2X2M)                               0.18       1.42 r
  U_SYS_CTRL/U56/Y (MX3X1M)                               0.23       1.64 r
  U_SYS_CTRL/Address[1] (SYS_CTRL)                        0.00       1.64 r
  U5/Y (BUFX2M)                                           0.59       2.23 r
  U_Reg_File/Address[1] (Reg_File)                        0.00       2.23 r
  U_Reg_File/U51/Y (INVX2M)                               0.15       2.38 f
  U_Reg_File/U14/Y (BUFX2M)                               0.17       2.55 f
  U_Reg_File/U11/Y (INVX2M)                               0.38       2.93 r
  U_Reg_File/U4/Y (NOR2X2M)                               0.16       3.10 f
  U_Reg_File/U21/Y (NAND2X2M)                             0.25       3.35 r
  U_Reg_File/U127/Y (OAI2BB2X1M)                          0.19       3.54 r
  U_Reg_File/mem_reg[8][4]/D (DFFRQX2M)                   0.00       3.54 r
  data arrival time                                                  3.54

  clock REF_CLK (rise edge)                              20.00      20.00
  clock network delay (ideal)                             0.00      20.00
  clock uncertainty                                      -0.20      19.80
  U_Reg_File/mem_reg[8][4]/CK (DFFRQX2M)                  0.00      19.80 r
  library setup time                                     -0.31      19.49
  data required time                                                19.49
  --------------------------------------------------------------------------
  data required time                                                19.49
  data arrival time                                                 -3.54
  --------------------------------------------------------------------------
  slack (MET)                                                       15.96


  Startpoint: U_SYS_CTRL/Current_State_reg[0]
              (rising edge-triggered flip-flop clocked by REF_CLK)
  Endpoint: U_Reg_File/mem_reg[8][3]
            (rising edge-triggered flip-flop clocked by REF_CLK)
  Path Group: REF_CLK
  Path Type: max

  Point                                                   Incr       Path
  --------------------------------------------------------------------------
  clock REF_CLK (rise edge)                               0.00       0.00
  clock network delay (ideal)                             0.00       0.00
  U_SYS_CTRL/Current_State_reg[0]/CK (DFFRQX2M)           0.00       0.00 r
  U_SYS_CTRL/Current_State_reg[0]/Q (DFFRQX2M)            0.36       0.36 r
  U_SYS_CTRL/U59/Y (BUFX2M)                               0.39       0.76 r
  U_SYS_CTRL/U22/Y (INVX2M)                               0.17       0.93 f
  U_SYS_CTRL/U3/Y (NOR2X2M)                               0.30       1.23 r
  U_SYS_CTRL/U57/Y (MX2X2M)                               0.18       1.42 r
  U_SYS_CTRL/U56/Y (MX3X1M)                               0.23       1.64 r
  U_SYS_CTRL/Address[1] (SYS_CTRL)                        0.00       1.64 r
  U5/Y (BUFX2M)                                           0.59       2.23 r
  U_Reg_File/Address[1] (Reg_File)                        0.00       2.23 r
  U_Reg_File/U51/Y (INVX2M)                               0.15       2.38 f
  U_Reg_File/U14/Y (BUFX2M)                               0.17       2.55 f
  U_Reg_File/U11/Y (INVX2M)                               0.38       2.93 r
  U_Reg_File/U4/Y (NOR2X2M)                               0.16       3.10 f
  U_Reg_File/U21/Y (NAND2X2M)                             0.25       3.35 r
  U_Reg_File/U126/Y (OAI2BB2X1M)                          0.19       3.54 r
  U_Reg_File/mem_reg[8][3]/D (DFFRQX2M)                   0.00       3.54 r
  data arrival time                                                  3.54

  clock REF_CLK (rise edge)                              20.00      20.00
  clock network delay (ideal)                             0.00      20.00
  clock uncertainty                                      -0.20      19.80
  U_Reg_File/mem_reg[8][3]/CK (DFFRQX2M)                  0.00      19.80 r
  library setup time                                     -0.31      19.49
  data required time                                                19.49
  --------------------------------------------------------------------------
  data required time                                                19.49
  data arrival time                                                 -3.54
  --------------------------------------------------------------------------
  slack (MET)                                                       15.96


  Startpoint: U_SYS_CTRL/Current_State_reg[0]
              (rising edge-triggered flip-flop clocked by REF_CLK)
  Endpoint: U_Reg_File/mem_reg[8][2]
            (rising edge-triggered flip-flop clocked by REF_CLK)
  Path Group: REF_CLK
  Path Type: max

  Point                                                   Incr       Path
  --------------------------------------------------------------------------
  clock REF_CLK (rise edge)                               0.00       0.00
  clock network delay (ideal)                             0.00       0.00
  U_SYS_CTRL/Current_State_reg[0]/CK (DFFRQX2M)           0.00       0.00 r
  U_SYS_CTRL/Current_State_reg[0]/Q (DFFRQX2M)            0.36       0.36 r
  U_SYS_CTRL/U59/Y (BUFX2M)                               0.39       0.76 r
  U_SYS_CTRL/U22/Y (INVX2M)                               0.17       0.93 f
  U_SYS_CTRL/U3/Y (NOR2X2M)                               0.30       1.23 r
  U_SYS_CTRL/U57/Y (MX2X2M)                               0.18       1.42 r
  U_SYS_CTRL/U56/Y (MX3X1M)                               0.23       1.64 r
  U_SYS_CTRL/Address[1] (SYS_CTRL)                        0.00       1.64 r
  U5/Y (BUFX2M)                                           0.59       2.23 r
  U_Reg_File/Address[1] (Reg_File)                        0.00       2.23 r
  U_Reg_File/U51/Y (INVX2M)                               0.15       2.38 f
  U_Reg_File/U14/Y (BUFX2M)                               0.17       2.55 f
  U_Reg_File/U11/Y (INVX2M)                               0.38       2.93 r
  U_Reg_File/U4/Y (NOR2X2M)                               0.16       3.10 f
  U_Reg_File/U21/Y (NAND2X2M)                             0.25       3.35 r
  U_Reg_File/U125/Y (OAI2BB2X1M)                          0.19       3.54 r
  U_Reg_File/mem_reg[8][2]/D (DFFRQX2M)                   0.00       3.54 r
  data arrival time                                                  3.54

  clock REF_CLK (rise edge)                              20.00      20.00
  clock network delay (ideal)                             0.00      20.00
  clock uncertainty                                      -0.20      19.80
  U_Reg_File/mem_reg[8][2]/CK (DFFRQX2M)                  0.00      19.80 r
  library setup time                                     -0.31      19.49
  data required time                                                19.49
  --------------------------------------------------------------------------
  data required time                                                19.49
  data arrival time                                                 -3.54
  --------------------------------------------------------------------------
  slack (MET)                                                       15.96


  Startpoint: U_SYS_CTRL/Current_State_reg[0]
              (rising edge-triggered flip-flop clocked by REF_CLK)
  Endpoint: U_Reg_File/mem_reg[8][1]
            (rising edge-triggered flip-flop clocked by REF_CLK)
  Path Group: REF_CLK
  Path Type: max

  Point                                                   Incr       Path
  --------------------------------------------------------------------------
  clock REF_CLK (rise edge)                               0.00       0.00
  clock network delay (ideal)                             0.00       0.00
  U_SYS_CTRL/Current_State_reg[0]/CK (DFFRQX2M)           0.00       0.00 r
  U_SYS_CTRL/Current_State_reg[0]/Q (DFFRQX2M)            0.36       0.36 r
  U_SYS_CTRL/U59/Y (BUFX2M)                               0.39       0.76 r
  U_SYS_CTRL/U22/Y (INVX2M)                               0.17       0.93 f
  U_SYS_CTRL/U3/Y (NOR2X2M)                               0.30       1.23 r
  U_SYS_CTRL/U57/Y (MX2X2M)                               0.18       1.42 r
  U_SYS_CTRL/U56/Y (MX3X1M)                               0.23       1.64 r
  U_SYS_CTRL/Address[1] (SYS_CTRL)                        0.00       1.64 r
  U5/Y (BUFX2M)                                           0.59       2.23 r
  U_Reg_File/Address[1] (Reg_File)                        0.00       2.23 r
  U_Reg_File/U51/Y (INVX2M)                               0.15       2.38 f
  U_Reg_File/U14/Y (BUFX2M)                               0.17       2.55 f
  U_Reg_File/U11/Y (INVX2M)                               0.38       2.93 r
  U_Reg_File/U4/Y (NOR2X2M)                               0.16       3.10 f
  U_Reg_File/U21/Y (NAND2X2M)                             0.25       3.35 r
  U_Reg_File/U124/Y (OAI2BB2X1M)                          0.19       3.54 r
  U_Reg_File/mem_reg[8][1]/D (DFFRQX2M)                   0.00       3.54 r
  data arrival time                                                  3.54

  clock REF_CLK (rise edge)                              20.00      20.00
  clock network delay (ideal)                             0.00      20.00
  clock uncertainty                                      -0.20      19.80
  U_Reg_File/mem_reg[8][1]/CK (DFFRQX2M)                  0.00      19.80 r
  library setup time                                     -0.31      19.49
  data required time                                                19.49
  --------------------------------------------------------------------------
  data required time                                                19.49
  data arrival time                                                 -3.54
  --------------------------------------------------------------------------
  slack (MET)                                                       15.96


  Startpoint: U_SYS_CTRL/Current_State_reg[0]
              (rising edge-triggered flip-flop clocked by REF_CLK)
  Endpoint: U_Reg_File/mem_reg[8][0]
            (rising edge-triggered flip-flop clocked by REF_CLK)
  Path Group: REF_CLK
  Path Type: max

  Point                                                   Incr       Path
  --------------------------------------------------------------------------
  clock REF_CLK (rise edge)                               0.00       0.00
  clock network delay (ideal)                             0.00       0.00
  U_SYS_CTRL/Current_State_reg[0]/CK (DFFRQX2M)           0.00       0.00 r
  U_SYS_CTRL/Current_State_reg[0]/Q (DFFRQX2M)            0.36       0.36 r
  U_SYS_CTRL/U59/Y (BUFX2M)                               0.39       0.76 r
  U_SYS_CTRL/U22/Y (INVX2M)                               0.17       0.93 f
  U_SYS_CTRL/U3/Y (NOR2X2M)                               0.30       1.23 r
  U_SYS_CTRL/U57/Y (MX2X2M)                               0.18       1.42 r
  U_SYS_CTRL/U56/Y (MX3X1M)                               0.23       1.64 r
  U_SYS_CTRL/Address[1] (SYS_CTRL)                        0.00       1.64 r
  U5/Y (BUFX2M)                                           0.59       2.23 r
  U_Reg_File/Address[1] (Reg_File)                        0.00       2.23 r
  U_Reg_File/U51/Y (INVX2M)                               0.15       2.38 f
  U_Reg_File/U14/Y (BUFX2M)                               0.17       2.55 f
  U_Reg_File/U11/Y (INVX2M)                               0.38       2.93 r
  U_Reg_File/U4/Y (NOR2X2M)                               0.16       3.10 f
  U_Reg_File/U21/Y (NAND2X2M)                             0.25       3.35 r
  U_Reg_File/U123/Y (OAI2BB2X1M)                          0.19       3.54 r
  U_Reg_File/mem_reg[8][0]/D (DFFRQX2M)                   0.00       3.54 r
  data arrival time                                                  3.54

  clock REF_CLK (rise edge)                              20.00      20.00
  clock network delay (ideal)                             0.00      20.00
  clock uncertainty                                      -0.20      19.80
  U_Reg_File/mem_reg[8][0]/CK (DFFRQX2M)                  0.00      19.80 r
  library setup time                                     -0.31      19.49
  data required time                                                19.49
  --------------------------------------------------------------------------
  data required time                                                19.49
  data arrival time                                                 -3.54
  --------------------------------------------------------------------------
  slack (MET)                                                       15.96


  Startpoint: U_SYS_CTRL/Current_State_reg[0]
              (rising edge-triggered flip-flop clocked by REF_CLK)
  Endpoint: U_Reg_File/mem_reg[9][7]
            (rising edge-triggered flip-flop clocked by REF_CLK)
  Path Group: REF_CLK
  Path Type: max

  Point                                                   Incr       Path
  --------------------------------------------------------------------------
  clock REF_CLK (rise edge)                               0.00       0.00
  clock network delay (ideal)                             0.00       0.00
  U_SYS_CTRL/Current_State_reg[0]/CK (DFFRQX2M)           0.00       0.00 r
  U_SYS_CTRL/Current_State_reg[0]/Q (DFFRQX2M)            0.36       0.36 r
  U_SYS_CTRL/U59/Y (BUFX2M)                               0.39       0.76 r
  U_SYS_CTRL/U22/Y (INVX2M)                               0.17       0.93 f
  U_SYS_CTRL/U3/Y (NOR2X2M)                               0.30       1.23 r
  U_SYS_CTRL/U57/Y (MX2X2M)                               0.18       1.42 r
  U_SYS_CTRL/U56/Y (MX3X1M)                               0.23       1.64 r
  U_SYS_CTRL/Address[1] (SYS_CTRL)                        0.00       1.64 r
  U5/Y (BUFX2M)                                           0.59       2.23 r
  U_Reg_File/Address[1] (Reg_File)                        0.00       2.23 r
  U_Reg_File/U51/Y (INVX2M)                               0.15       2.38 f
  U_Reg_File/U14/Y (BUFX2M)                               0.17       2.55 f
  U_Reg_File/U11/Y (INVX2M)                               0.38       2.93 r
  U_Reg_File/U4/Y (NOR2X2M)                               0.16       3.10 f
  U_Reg_File/U22/Y (NAND2X2M)                             0.25       3.35 r
  U_Reg_File/U138/Y (OAI2BB2X1M)                          0.19       3.54 r
  U_Reg_File/mem_reg[9][7]/D (DFFRQX2M)                   0.00       3.54 r
  data arrival time                                                  3.54

  clock REF_CLK (rise edge)                              20.00      20.00
  clock network delay (ideal)                             0.00      20.00
  clock uncertainty                                      -0.20      19.80
  U_Reg_File/mem_reg[9][7]/CK (DFFRQX2M)                  0.00      19.80 r
  library setup time                                     -0.31      19.49
  data required time                                                19.49
  --------------------------------------------------------------------------
  data required time                                                19.49
  data arrival time                                                 -3.54
  --------------------------------------------------------------------------
  slack (MET)                                                       15.96


  Startpoint: U_SYS_CTRL/Current_State_reg[0]
              (rising edge-triggered flip-flop clocked by REF_CLK)
  Endpoint: U_Reg_File/mem_reg[9][6]
            (rising edge-triggered flip-flop clocked by REF_CLK)
  Path Group: REF_CLK
  Path Type: max

  Point                                                   Incr       Path
  --------------------------------------------------------------------------
  clock REF_CLK (rise edge)                               0.00       0.00
  clock network delay (ideal)                             0.00       0.00
  U_SYS_CTRL/Current_State_reg[0]/CK (DFFRQX2M)           0.00       0.00 r
  U_SYS_CTRL/Current_State_reg[0]/Q (DFFRQX2M)            0.36       0.36 r
  U_SYS_CTRL/U59/Y (BUFX2M)                               0.39       0.76 r
  U_SYS_CTRL/U22/Y (INVX2M)                               0.17       0.93 f
  U_SYS_CTRL/U3/Y (NOR2X2M)                               0.30       1.23 r
  U_SYS_CTRL/U57/Y (MX2X2M)                               0.18       1.42 r
  U_SYS_CTRL/U56/Y (MX3X1M)                               0.23       1.64 r
  U_SYS_CTRL/Address[1] (SYS_CTRL)                        0.00       1.64 r
  U5/Y (BUFX2M)                                           0.59       2.23 r
  U_Reg_File/Address[1] (Reg_File)                        0.00       2.23 r
  U_Reg_File/U51/Y (INVX2M)                               0.15       2.38 f
  U_Reg_File/U14/Y (BUFX2M)                               0.17       2.55 f
  U_Reg_File/U11/Y (INVX2M)                               0.38       2.93 r
  U_Reg_File/U4/Y (NOR2X2M)                               0.16       3.10 f
  U_Reg_File/U22/Y (NAND2X2M)                             0.25       3.35 r
  U_Reg_File/U137/Y (OAI2BB2X1M)                          0.19       3.54 r
  U_Reg_File/mem_reg[9][6]/D (DFFRQX2M)                   0.00       3.54 r
  data arrival time                                                  3.54

  clock REF_CLK (rise edge)                              20.00      20.00
  clock network delay (ideal)                             0.00      20.00
  clock uncertainty                                      -0.20      19.80
  U_Reg_File/mem_reg[9][6]/CK (DFFRQX2M)                  0.00      19.80 r
  library setup time                                     -0.31      19.49
  data required time                                                19.49
  --------------------------------------------------------------------------
  data required time                                                19.49
  data arrival time                                                 -3.54
  --------------------------------------------------------------------------
  slack (MET)                                                       15.96


  Startpoint: U_SYS_CTRL/Current_State_reg[0]
              (rising edge-triggered flip-flop clocked by REF_CLK)
  Endpoint: U_Reg_File/mem_reg[9][5]
            (rising edge-triggered flip-flop clocked by REF_CLK)
  Path Group: REF_CLK
  Path Type: max

  Point                                                   Incr       Path
  --------------------------------------------------------------------------
  clock REF_CLK (rise edge)                               0.00       0.00
  clock network delay (ideal)                             0.00       0.00
  U_SYS_CTRL/Current_State_reg[0]/CK (DFFRQX2M)           0.00       0.00 r
  U_SYS_CTRL/Current_State_reg[0]/Q (DFFRQX2M)            0.36       0.36 r
  U_SYS_CTRL/U59/Y (BUFX2M)                               0.39       0.76 r
  U_SYS_CTRL/U22/Y (INVX2M)                               0.17       0.93 f
  U_SYS_CTRL/U3/Y (NOR2X2M)                               0.30       1.23 r
  U_SYS_CTRL/U57/Y (MX2X2M)                               0.18       1.42 r
  U_SYS_CTRL/U56/Y (MX3X1M)                               0.23       1.64 r
  U_SYS_CTRL/Address[1] (SYS_CTRL)                        0.00       1.64 r
  U5/Y (BUFX2M)                                           0.59       2.23 r
  U_Reg_File/Address[1] (Reg_File)                        0.00       2.23 r
  U_Reg_File/U51/Y (INVX2M)                               0.15       2.38 f
  U_Reg_File/U14/Y (BUFX2M)                               0.17       2.55 f
  U_Reg_File/U11/Y (INVX2M)                               0.38       2.93 r
  U_Reg_File/U4/Y (NOR2X2M)                               0.16       3.10 f
  U_Reg_File/U22/Y (NAND2X2M)                             0.25       3.35 r
  U_Reg_File/U136/Y (OAI2BB2X1M)                          0.19       3.54 r
  U_Reg_File/mem_reg[9][5]/D (DFFRQX2M)                   0.00       3.54 r
  data arrival time                                                  3.54

  clock REF_CLK (rise edge)                              20.00      20.00
  clock network delay (ideal)                             0.00      20.00
  clock uncertainty                                      -0.20      19.80
  U_Reg_File/mem_reg[9][5]/CK (DFFRQX2M)                  0.00      19.80 r
  library setup time                                     -0.31      19.49
  data required time                                                19.49
  --------------------------------------------------------------------------
  data required time                                                19.49
  data arrival time                                                 -3.54
  --------------------------------------------------------------------------
  slack (MET)                                                       15.96


  Startpoint: U_SYS_CTRL/Current_State_reg[0]
              (rising edge-triggered flip-flop clocked by REF_CLK)
  Endpoint: U_Reg_File/mem_reg[9][4]
            (rising edge-triggered flip-flop clocked by REF_CLK)
  Path Group: REF_CLK
  Path Type: max

  Point                                                   Incr       Path
  --------------------------------------------------------------------------
  clock REF_CLK (rise edge)                               0.00       0.00
  clock network delay (ideal)                             0.00       0.00
  U_SYS_CTRL/Current_State_reg[0]/CK (DFFRQX2M)           0.00       0.00 r
  U_SYS_CTRL/Current_State_reg[0]/Q (DFFRQX2M)            0.36       0.36 r
  U_SYS_CTRL/U59/Y (BUFX2M)                               0.39       0.76 r
  U_SYS_CTRL/U22/Y (INVX2M)                               0.17       0.93 f
  U_SYS_CTRL/U3/Y (NOR2X2M)                               0.30       1.23 r
  U_SYS_CTRL/U57/Y (MX2X2M)                               0.18       1.42 r
  U_SYS_CTRL/U56/Y (MX3X1M)                               0.23       1.64 r
  U_SYS_CTRL/Address[1] (SYS_CTRL)                        0.00       1.64 r
  U5/Y (BUFX2M)                                           0.59       2.23 r
  U_Reg_File/Address[1] (Reg_File)                        0.00       2.23 r
  U_Reg_File/U51/Y (INVX2M)                               0.15       2.38 f
  U_Reg_File/U14/Y (BUFX2M)                               0.17       2.55 f
  U_Reg_File/U11/Y (INVX2M)                               0.38       2.93 r
  U_Reg_File/U4/Y (NOR2X2M)                               0.16       3.10 f
  U_Reg_File/U22/Y (NAND2X2M)                             0.25       3.35 r
  U_Reg_File/U135/Y (OAI2BB2X1M)                          0.19       3.54 r
  U_Reg_File/mem_reg[9][4]/D (DFFRQX2M)                   0.00       3.54 r
  data arrival time                                                  3.54

  clock REF_CLK (rise edge)                              20.00      20.00
  clock network delay (ideal)                             0.00      20.00
  clock uncertainty                                      -0.20      19.80
  U_Reg_File/mem_reg[9][4]/CK (DFFRQX2M)                  0.00      19.80 r
  library setup time                                     -0.31      19.49
  data required time                                                19.49
  --------------------------------------------------------------------------
  data required time                                                19.49
  data arrival time                                                 -3.54
  --------------------------------------------------------------------------
  slack (MET)                                                       15.96


  Startpoint: U_SYS_CTRL/Current_State_reg[0]
              (rising edge-triggered flip-flop clocked by REF_CLK)
  Endpoint: U_Reg_File/mem_reg[9][3]
            (rising edge-triggered flip-flop clocked by REF_CLK)
  Path Group: REF_CLK
  Path Type: max

  Point                                                   Incr       Path
  --------------------------------------------------------------------------
  clock REF_CLK (rise edge)                               0.00       0.00
  clock network delay (ideal)                             0.00       0.00
  U_SYS_CTRL/Current_State_reg[0]/CK (DFFRQX2M)           0.00       0.00 r
  U_SYS_CTRL/Current_State_reg[0]/Q (DFFRQX2M)            0.36       0.36 r
  U_SYS_CTRL/U59/Y (BUFX2M)                               0.39       0.76 r
  U_SYS_CTRL/U22/Y (INVX2M)                               0.17       0.93 f
  U_SYS_CTRL/U3/Y (NOR2X2M)                               0.30       1.23 r
  U_SYS_CTRL/U57/Y (MX2X2M)                               0.18       1.42 r
  U_SYS_CTRL/U56/Y (MX3X1M)                               0.23       1.64 r
  U_SYS_CTRL/Address[1] (SYS_CTRL)                        0.00       1.64 r
  U5/Y (BUFX2M)                                           0.59       2.23 r
  U_Reg_File/Address[1] (Reg_File)                        0.00       2.23 r
  U_Reg_File/U51/Y (INVX2M)                               0.15       2.38 f
  U_Reg_File/U14/Y (BUFX2M)                               0.17       2.55 f
  U_Reg_File/U11/Y (INVX2M)                               0.38       2.93 r
  U_Reg_File/U4/Y (NOR2X2M)                               0.16       3.10 f
  U_Reg_File/U22/Y (NAND2X2M)                             0.25       3.35 r
  U_Reg_File/U134/Y (OAI2BB2X1M)                          0.19       3.54 r
  U_Reg_File/mem_reg[9][3]/D (DFFRQX2M)                   0.00       3.54 r
  data arrival time                                                  3.54

  clock REF_CLK (rise edge)                              20.00      20.00
  clock network delay (ideal)                             0.00      20.00
  clock uncertainty                                      -0.20      19.80
  U_Reg_File/mem_reg[9][3]/CK (DFFRQX2M)                  0.00      19.80 r
  library setup time                                     -0.31      19.49
  data required time                                                19.49
  --------------------------------------------------------------------------
  data required time                                                19.49
  data arrival time                                                 -3.54
  --------------------------------------------------------------------------
  slack (MET)                                                       15.96


  Startpoint: U_SYS_CTRL/Current_State_reg[0]
              (rising edge-triggered flip-flop clocked by REF_CLK)
  Endpoint: U_Reg_File/mem_reg[9][2]
            (rising edge-triggered flip-flop clocked by REF_CLK)
  Path Group: REF_CLK
  Path Type: max

  Point                                                   Incr       Path
  --------------------------------------------------------------------------
  clock REF_CLK (rise edge)                               0.00       0.00
  clock network delay (ideal)                             0.00       0.00
  U_SYS_CTRL/Current_State_reg[0]/CK (DFFRQX2M)           0.00       0.00 r
  U_SYS_CTRL/Current_State_reg[0]/Q (DFFRQX2M)            0.36       0.36 r
  U_SYS_CTRL/U59/Y (BUFX2M)                               0.39       0.76 r
  U_SYS_CTRL/U22/Y (INVX2M)                               0.17       0.93 f
  U_SYS_CTRL/U3/Y (NOR2X2M)                               0.30       1.23 r
  U_SYS_CTRL/U57/Y (MX2X2M)                               0.18       1.42 r
  U_SYS_CTRL/U56/Y (MX3X1M)                               0.23       1.64 r
  U_SYS_CTRL/Address[1] (SYS_CTRL)                        0.00       1.64 r
  U5/Y (BUFX2M)                                           0.59       2.23 r
  U_Reg_File/Address[1] (Reg_File)                        0.00       2.23 r
  U_Reg_File/U51/Y (INVX2M)                               0.15       2.38 f
  U_Reg_File/U14/Y (BUFX2M)                               0.17       2.55 f
  U_Reg_File/U11/Y (INVX2M)                               0.38       2.93 r
  U_Reg_File/U4/Y (NOR2X2M)                               0.16       3.10 f
  U_Reg_File/U22/Y (NAND2X2M)                             0.25       3.35 r
  U_Reg_File/U133/Y (OAI2BB2X1M)                          0.19       3.54 r
  U_Reg_File/mem_reg[9][2]/D (DFFRQX2M)                   0.00       3.54 r
  data arrival time                                                  3.54

  clock REF_CLK (rise edge)                              20.00      20.00
  clock network delay (ideal)                             0.00      20.00
  clock uncertainty                                      -0.20      19.80
  U_Reg_File/mem_reg[9][2]/CK (DFFRQX2M)                  0.00      19.80 r
  library setup time                                     -0.31      19.49
  data required time                                                19.49
  --------------------------------------------------------------------------
  data required time                                                19.49
  data arrival time                                                 -3.54
  --------------------------------------------------------------------------
  slack (MET)                                                       15.96


  Startpoint: U_SYS_CTRL/Current_State_reg[0]
              (rising edge-triggered flip-flop clocked by REF_CLK)
  Endpoint: U_Reg_File/mem_reg[9][1]
            (rising edge-triggered flip-flop clocked by REF_CLK)
  Path Group: REF_CLK
  Path Type: max

  Point                                                   Incr       Path
  --------------------------------------------------------------------------
  clock REF_CLK (rise edge)                               0.00       0.00
  clock network delay (ideal)                             0.00       0.00
  U_SYS_CTRL/Current_State_reg[0]/CK (DFFRQX2M)           0.00       0.00 r
  U_SYS_CTRL/Current_State_reg[0]/Q (DFFRQX2M)            0.36       0.36 r
  U_SYS_CTRL/U59/Y (BUFX2M)                               0.39       0.76 r
  U_SYS_CTRL/U22/Y (INVX2M)                               0.17       0.93 f
  U_SYS_CTRL/U3/Y (NOR2X2M)                               0.30       1.23 r
  U_SYS_CTRL/U57/Y (MX2X2M)                               0.18       1.42 r
  U_SYS_CTRL/U56/Y (MX3X1M)                               0.23       1.64 r
  U_SYS_CTRL/Address[1] (SYS_CTRL)                        0.00       1.64 r
  U5/Y (BUFX2M)                                           0.59       2.23 r
  U_Reg_File/Address[1] (Reg_File)                        0.00       2.23 r
  U_Reg_File/U51/Y (INVX2M)                               0.15       2.38 f
  U_Reg_File/U14/Y (BUFX2M)                               0.17       2.55 f
  U_Reg_File/U11/Y (INVX2M)                               0.38       2.93 r
  U_Reg_File/U4/Y (NOR2X2M)                               0.16       3.10 f
  U_Reg_File/U22/Y (NAND2X2M)                             0.25       3.35 r
  U_Reg_File/U132/Y (OAI2BB2X1M)                          0.19       3.54 r
  U_Reg_File/mem_reg[9][1]/D (DFFRQX2M)                   0.00       3.54 r
  data arrival time                                                  3.54

  clock REF_CLK (rise edge)                              20.00      20.00
  clock network delay (ideal)                             0.00      20.00
  clock uncertainty                                      -0.20      19.80
  U_Reg_File/mem_reg[9][1]/CK (DFFRQX2M)                  0.00      19.80 r
  library setup time                                     -0.31      19.49
  data required time                                                19.49
  --------------------------------------------------------------------------
  data required time                                                19.49
  data arrival time                                                 -3.54
  --------------------------------------------------------------------------
  slack (MET)                                                       15.96


  Startpoint: U_SYS_CTRL/Current_State_reg[0]
              (rising edge-triggered flip-flop clocked by REF_CLK)
  Endpoint: U_Reg_File/mem_reg[9][0]
            (rising edge-triggered flip-flop clocked by REF_CLK)
  Path Group: REF_CLK
  Path Type: max

  Point                                                   Incr       Path
  --------------------------------------------------------------------------
  clock REF_CLK (rise edge)                               0.00       0.00
  clock network delay (ideal)                             0.00       0.00
  U_SYS_CTRL/Current_State_reg[0]/CK (DFFRQX2M)           0.00       0.00 r
  U_SYS_CTRL/Current_State_reg[0]/Q (DFFRQX2M)            0.36       0.36 r
  U_SYS_CTRL/U59/Y (BUFX2M)                               0.39       0.76 r
  U_SYS_CTRL/U22/Y (INVX2M)                               0.17       0.93 f
  U_SYS_CTRL/U3/Y (NOR2X2M)                               0.30       1.23 r
  U_SYS_CTRL/U57/Y (MX2X2M)                               0.18       1.42 r
  U_SYS_CTRL/U56/Y (MX3X1M)                               0.23       1.64 r
  U_SYS_CTRL/Address[1] (SYS_CTRL)                        0.00       1.64 r
  U5/Y (BUFX2M)                                           0.59       2.23 r
  U_Reg_File/Address[1] (Reg_File)                        0.00       2.23 r
  U_Reg_File/U51/Y (INVX2M)                               0.15       2.38 f
  U_Reg_File/U14/Y (BUFX2M)                               0.17       2.55 f
  U_Reg_File/U11/Y (INVX2M)                               0.38       2.93 r
  U_Reg_File/U4/Y (NOR2X2M)                               0.16       3.10 f
  U_Reg_File/U22/Y (NAND2X2M)                             0.25       3.35 r
  U_Reg_File/U131/Y (OAI2BB2X1M)                          0.19       3.54 r
  U_Reg_File/mem_reg[9][0]/D (DFFRQX2M)                   0.00       3.54 r
  data arrival time                                                  3.54

  clock REF_CLK (rise edge)                              20.00      20.00
  clock network delay (ideal)                             0.00      20.00
  clock uncertainty                                      -0.20      19.80
  U_Reg_File/mem_reg[9][0]/CK (DFFRQX2M)                  0.00      19.80 r
  library setup time                                     -0.31      19.49
  data required time                                                19.49
  --------------------------------------------------------------------------
  data required time                                                19.49
  data arrival time                                                 -3.54
  --------------------------------------------------------------------------
  slack (MET)                                                       15.96


  Startpoint: U_SYS_CTRL/Current_State_reg[0]
              (rising edge-triggered flip-flop clocked by REF_CLK)
  Endpoint: U_Reg_File/mem_reg[1][7]
            (rising edge-triggered flip-flop clocked by REF_CLK)
  Path Group: REF_CLK
  Path Type: max

  Point                                                   Incr       Path
  --------------------------------------------------------------------------
  clock REF_CLK (rise edge)                               0.00       0.00
  clock network delay (ideal)                             0.00       0.00
  U_SYS_CTRL/Current_State_reg[0]/CK (DFFRQX2M)           0.00       0.00 r
  U_SYS_CTRL/Current_State_reg[0]/Q (DFFRQX2M)            0.36       0.36 r
  U_SYS_CTRL/U59/Y (BUFX2M)                               0.39       0.76 r
  U_SYS_CTRL/U22/Y (INVX2M)                               0.17       0.93 f
  U_SYS_CTRL/U3/Y (NOR2X2M)                               0.30       1.23 r
  U_SYS_CTRL/U57/Y (MX2X2M)                               0.18       1.42 r
  U_SYS_CTRL/U56/Y (MX3X1M)                               0.23       1.64 r
  U_SYS_CTRL/Address[1] (SYS_CTRL)                        0.00       1.64 r
  U5/Y (BUFX2M)                                           0.59       2.23 r
  U_Reg_File/Address[1] (Reg_File)                        0.00       2.23 r
  U_Reg_File/U51/Y (INVX2M)                               0.15       2.38 f
  U_Reg_File/U14/Y (BUFX2M)                               0.17       2.55 f
  U_Reg_File/U11/Y (INVX2M)                               0.38       2.93 r
  U_Reg_File/U4/Y (NOR2X2M)                               0.16       3.10 f
  U_Reg_File/U20/Y (NAND2X2M)                             0.25       3.35 r
  U_Reg_File/U77/Y (OAI2BB2X1M)                           0.19       3.54 r
  U_Reg_File/mem_reg[1][7]/D (DFFRQX2M)                   0.00       3.54 r
  data arrival time                                                  3.54

  clock REF_CLK (rise edge)                              20.00      20.00
  clock network delay (ideal)                             0.00      20.00
  clock uncertainty                                      -0.20      19.80
  U_Reg_File/mem_reg[1][7]/CK (DFFRQX2M)                  0.00      19.80 r
  library setup time                                     -0.31      19.49
  data required time                                                19.49
  --------------------------------------------------------------------------
  data required time                                                19.49
  data arrival time                                                 -3.54
  --------------------------------------------------------------------------
  slack (MET)                                                       15.96


  Startpoint: U_SYS_CTRL/Current_State_reg[0]
              (rising edge-triggered flip-flop clocked by REF_CLK)
  Endpoint: U_Reg_File/mem_reg[1][6]
            (rising edge-triggered flip-flop clocked by REF_CLK)
  Path Group: REF_CLK
  Path Type: max

  Point                                                   Incr       Path
  --------------------------------------------------------------------------
  clock REF_CLK (rise edge)                               0.00       0.00
  clock network delay (ideal)                             0.00       0.00
  U_SYS_CTRL/Current_State_reg[0]/CK (DFFRQX2M)           0.00       0.00 r
  U_SYS_CTRL/Current_State_reg[0]/Q (DFFRQX2M)            0.36       0.36 r
  U_SYS_CTRL/U59/Y (BUFX2M)                               0.39       0.76 r
  U_SYS_CTRL/U22/Y (INVX2M)                               0.17       0.93 f
  U_SYS_CTRL/U3/Y (NOR2X2M)                               0.30       1.23 r
  U_SYS_CTRL/U57/Y (MX2X2M)                               0.18       1.42 r
  U_SYS_CTRL/U56/Y (MX3X1M)                               0.23       1.64 r
  U_SYS_CTRL/Address[1] (SYS_CTRL)                        0.00       1.64 r
  U5/Y (BUFX2M)                                           0.59       2.23 r
  U_Reg_File/Address[1] (Reg_File)                        0.00       2.23 r
  U_Reg_File/U51/Y (INVX2M)                               0.15       2.38 f
  U_Reg_File/U14/Y (BUFX2M)                               0.17       2.55 f
  U_Reg_File/U11/Y (INVX2M)                               0.38       2.93 r
  U_Reg_File/U4/Y (NOR2X2M)                               0.16       3.10 f
  U_Reg_File/U20/Y (NAND2X2M)                             0.25       3.35 r
  U_Reg_File/U76/Y (OAI2BB2X1M)                           0.19       3.54 r
  U_Reg_File/mem_reg[1][6]/D (DFFRQX2M)                   0.00       3.54 r
  data arrival time                                                  3.54

  clock REF_CLK (rise edge)                              20.00      20.00
  clock network delay (ideal)                             0.00      20.00
  clock uncertainty                                      -0.20      19.80
  U_Reg_File/mem_reg[1][6]/CK (DFFRQX2M)                  0.00      19.80 r
  library setup time                                     -0.31      19.49
  data required time                                                19.49
  --------------------------------------------------------------------------
  data required time                                                19.49
  data arrival time                                                 -3.54
  --------------------------------------------------------------------------
  slack (MET)                                                       15.96


  Startpoint: U_SYS_CTRL/Current_State_reg[0]
              (rising edge-triggered flip-flop clocked by REF_CLK)
  Endpoint: U_Reg_File/mem_reg[1][1]
            (rising edge-triggered flip-flop clocked by REF_CLK)
  Path Group: REF_CLK
  Path Type: max

  Point                                                   Incr       Path
  --------------------------------------------------------------------------
  clock REF_CLK (rise edge)                               0.00       0.00
  clock network delay (ideal)                             0.00       0.00
  U_SYS_CTRL/Current_State_reg[0]/CK (DFFRQX2M)           0.00       0.00 r
  U_SYS_CTRL/Current_State_reg[0]/Q (DFFRQX2M)            0.36       0.36 r
  U_SYS_CTRL/U59/Y (BUFX2M)                               0.39       0.76 r
  U_SYS_CTRL/U22/Y (INVX2M)                               0.17       0.93 f
  U_SYS_CTRL/U3/Y (NOR2X2M)                               0.30       1.23 r
  U_SYS_CTRL/U57/Y (MX2X2M)                               0.18       1.42 r
  U_SYS_CTRL/U56/Y (MX3X1M)                               0.23       1.64 r
  U_SYS_CTRL/Address[1] (SYS_CTRL)                        0.00       1.64 r
  U5/Y (BUFX2M)                                           0.59       2.23 r
  U_Reg_File/Address[1] (Reg_File)                        0.00       2.23 r
  U_Reg_File/U51/Y (INVX2M)                               0.15       2.38 f
  U_Reg_File/U14/Y (BUFX2M)                               0.17       2.55 f
  U_Reg_File/U11/Y (INVX2M)                               0.38       2.93 r
  U_Reg_File/U4/Y (NOR2X2M)                               0.16       3.10 f
  U_Reg_File/U20/Y (NAND2X2M)                             0.25       3.35 r
  U_Reg_File/U71/Y (OAI2BB2X1M)                           0.19       3.54 r
  U_Reg_File/mem_reg[1][1]/D (DFFRQX2M)                   0.00       3.54 r
  data arrival time                                                  3.54

  clock REF_CLK (rise edge)                              20.00      20.00
  clock network delay (ideal)                             0.00      20.00
  clock uncertainty                                      -0.20      19.80
  U_Reg_File/mem_reg[1][1]/CK (DFFRQX2M)                  0.00      19.80 r
  library setup time                                     -0.31      19.49
  data required time                                                19.49
  --------------------------------------------------------------------------
  data required time                                                19.49
  data arrival time                                                 -3.54
  --------------------------------------------------------------------------
  slack (MET)                                                       15.96


  Startpoint: U_SYS_CTRL/Current_State_reg[0]
              (rising edge-triggered flip-flop clocked by REF_CLK)
  Endpoint: U_Reg_File/mem_reg[1][4]
            (rising edge-triggered flip-flop clocked by REF_CLK)
  Path Group: REF_CLK
  Path Type: max

  Point                                                   Incr       Path
  --------------------------------------------------------------------------
  clock REF_CLK (rise edge)                               0.00       0.00
  clock network delay (ideal)                             0.00       0.00
  U_SYS_CTRL/Current_State_reg[0]/CK (DFFRQX2M)           0.00       0.00 r
  U_SYS_CTRL/Current_State_reg[0]/Q (DFFRQX2M)            0.36       0.36 r
  U_SYS_CTRL/U59/Y (BUFX2M)                               0.39       0.76 r
  U_SYS_CTRL/U22/Y (INVX2M)                               0.17       0.93 f
  U_SYS_CTRL/U3/Y (NOR2X2M)                               0.30       1.23 r
  U_SYS_CTRL/U57/Y (MX2X2M)                               0.18       1.42 r
  U_SYS_CTRL/U56/Y (MX3X1M)                               0.23       1.64 r
  U_SYS_CTRL/Address[1] (SYS_CTRL)                        0.00       1.64 r
  U5/Y (BUFX2M)                                           0.59       2.23 r
  U_Reg_File/Address[1] (Reg_File)                        0.00       2.23 r
  U_Reg_File/U51/Y (INVX2M)                               0.15       2.38 f
  U_Reg_File/U14/Y (BUFX2M)                               0.17       2.55 f
  U_Reg_File/U11/Y (INVX2M)                               0.38       2.93 r
  U_Reg_File/U4/Y (NOR2X2M)                               0.16       3.10 f
  U_Reg_File/U20/Y (NAND2X2M)                             0.25       3.35 r
  U_Reg_File/U74/Y (OAI2BB2X1M)                           0.19       3.54 r
  U_Reg_File/mem_reg[1][4]/D (DFFRQX2M)                   0.00       3.54 r
  data arrival time                                                  3.54

  clock REF_CLK (rise edge)                              20.00      20.00
  clock network delay (ideal)                             0.00      20.00
  clock uncertainty                                      -0.20      19.80
  U_Reg_File/mem_reg[1][4]/CK (DFFRQX2M)                  0.00      19.80 r
  library setup time                                     -0.31      19.49
  data required time                                                19.49
  --------------------------------------------------------------------------
  data required time                                                19.49
  data arrival time                                                 -3.54
  --------------------------------------------------------------------------
  slack (MET)                                                       15.96


  Startpoint: U_SYS_CTRL/Current_State_reg[0]
              (rising edge-triggered flip-flop clocked by REF_CLK)
  Endpoint: U_Reg_File/mem_reg[1][5]
            (rising edge-triggered flip-flop clocked by REF_CLK)
  Path Group: REF_CLK
  Path Type: max

  Point                                                   Incr       Path
  --------------------------------------------------------------------------
  clock REF_CLK (rise edge)                               0.00       0.00
  clock network delay (ideal)                             0.00       0.00
  U_SYS_CTRL/Current_State_reg[0]/CK (DFFRQX2M)           0.00       0.00 r
  U_SYS_CTRL/Current_State_reg[0]/Q (DFFRQX2M)            0.36       0.36 r
  U_SYS_CTRL/U59/Y (BUFX2M)                               0.39       0.76 r
  U_SYS_CTRL/U22/Y (INVX2M)                               0.17       0.93 f
  U_SYS_CTRL/U3/Y (NOR2X2M)                               0.30       1.23 r
  U_SYS_CTRL/U57/Y (MX2X2M)                               0.18       1.42 r
  U_SYS_CTRL/U56/Y (MX3X1M)                               0.23       1.64 r
  U_SYS_CTRL/Address[1] (SYS_CTRL)                        0.00       1.64 r
  U5/Y (BUFX2M)                                           0.59       2.23 r
  U_Reg_File/Address[1] (Reg_File)                        0.00       2.23 r
  U_Reg_File/U51/Y (INVX2M)                               0.15       2.38 f
  U_Reg_File/U14/Y (BUFX2M)                               0.17       2.55 f
  U_Reg_File/U11/Y (INVX2M)                               0.38       2.93 r
  U_Reg_File/U4/Y (NOR2X2M)                               0.16       3.10 f
  U_Reg_File/U20/Y (NAND2X2M)                             0.25       3.35 r
  U_Reg_File/U75/Y (OAI2BB2X1M)                           0.19       3.54 r
  U_Reg_File/mem_reg[1][5]/D (DFFRQX2M)                   0.00       3.54 r
  data arrival time                                                  3.54

  clock REF_CLK (rise edge)                              20.00      20.00
  clock network delay (ideal)                             0.00      20.00
  clock uncertainty                                      -0.20      19.80
  U_Reg_File/mem_reg[1][5]/CK (DFFRQX2M)                  0.00      19.80 r
  library setup time                                     -0.31      19.49
  data required time                                                19.49
  --------------------------------------------------------------------------
  data required time                                                19.49
  data arrival time                                                 -3.54
  --------------------------------------------------------------------------
  slack (MET)                                                       15.96


  Startpoint: U_SYS_CTRL/Current_State_reg[0]
              (rising edge-triggered flip-flop clocked by REF_CLK)
  Endpoint: U_Reg_File/mem_reg[1][2]
            (rising edge-triggered flip-flop clocked by REF_CLK)
  Path Group: REF_CLK
  Path Type: max

  Point                                                   Incr       Path
  --------------------------------------------------------------------------
  clock REF_CLK (rise edge)                               0.00       0.00
  clock network delay (ideal)                             0.00       0.00
  U_SYS_CTRL/Current_State_reg[0]/CK (DFFRQX2M)           0.00       0.00 r
  U_SYS_CTRL/Current_State_reg[0]/Q (DFFRQX2M)            0.36       0.36 r
  U_SYS_CTRL/U59/Y (BUFX2M)                               0.39       0.76 r
  U_SYS_CTRL/U22/Y (INVX2M)                               0.17       0.93 f
  U_SYS_CTRL/U3/Y (NOR2X2M)                               0.30       1.23 r
  U_SYS_CTRL/U57/Y (MX2X2M)                               0.18       1.42 r
  U_SYS_CTRL/U56/Y (MX3X1M)                               0.23       1.64 r
  U_SYS_CTRL/Address[1] (SYS_CTRL)                        0.00       1.64 r
  U5/Y (BUFX2M)                                           0.59       2.23 r
  U_Reg_File/Address[1] (Reg_File)                        0.00       2.23 r
  U_Reg_File/U51/Y (INVX2M)                               0.15       2.38 f
  U_Reg_File/U14/Y (BUFX2M)                               0.17       2.55 f
  U_Reg_File/U11/Y (INVX2M)                               0.38       2.93 r
  U_Reg_File/U4/Y (NOR2X2M)                               0.16       3.10 f
  U_Reg_File/U20/Y (NAND2X2M)                             0.25       3.35 r
  U_Reg_File/U72/Y (OAI2BB2X1M)                           0.19       3.54 r
  U_Reg_File/mem_reg[1][2]/D (DFFRQX2M)                   0.00       3.54 r
  data arrival time                                                  3.54

  clock REF_CLK (rise edge)                              20.00      20.00
  clock network delay (ideal)                             0.00      20.00
  clock uncertainty                                      -0.20      19.80
  U_Reg_File/mem_reg[1][2]/CK (DFFRQX2M)                  0.00      19.80 r
  library setup time                                     -0.31      19.49
  data required time                                                19.49
  --------------------------------------------------------------------------
  data required time                                                19.49
  data arrival time                                                 -3.54
  --------------------------------------------------------------------------
  slack (MET)                                                       15.96


  Startpoint: U_SYS_CTRL/Current_State_reg[0]
              (rising edge-triggered flip-flop clocked by REF_CLK)
  Endpoint: U_Reg_File/mem_reg[1][3]
            (rising edge-triggered flip-flop clocked by REF_CLK)
  Path Group: REF_CLK
  Path Type: max

  Point                                                   Incr       Path
  --------------------------------------------------------------------------
  clock REF_CLK (rise edge)                               0.00       0.00
  clock network delay (ideal)                             0.00       0.00
  U_SYS_CTRL/Current_State_reg[0]/CK (DFFRQX2M)           0.00       0.00 r
  U_SYS_CTRL/Current_State_reg[0]/Q (DFFRQX2M)            0.36       0.36 r
  U_SYS_CTRL/U59/Y (BUFX2M)                               0.39       0.76 r
  U_SYS_CTRL/U22/Y (INVX2M)                               0.17       0.93 f
  U_SYS_CTRL/U3/Y (NOR2X2M)                               0.30       1.23 r
  U_SYS_CTRL/U57/Y (MX2X2M)                               0.18       1.42 r
  U_SYS_CTRL/U56/Y (MX3X1M)                               0.23       1.64 r
  U_SYS_CTRL/Address[1] (SYS_CTRL)                        0.00       1.64 r
  U5/Y (BUFX2M)                                           0.59       2.23 r
  U_Reg_File/Address[1] (Reg_File)                        0.00       2.23 r
  U_Reg_File/U51/Y (INVX2M)                               0.15       2.38 f
  U_Reg_File/U14/Y (BUFX2M)                               0.17       2.55 f
  U_Reg_File/U11/Y (INVX2M)                               0.38       2.93 r
  U_Reg_File/U4/Y (NOR2X2M)                               0.16       3.10 f
  U_Reg_File/U20/Y (NAND2X2M)                             0.25       3.35 r
  U_Reg_File/U73/Y (OAI2BB2X1M)                           0.19       3.54 r
  U_Reg_File/mem_reg[1][3]/D (DFFRQX2M)                   0.00       3.54 r
  data arrival time                                                  3.54

  clock REF_CLK (rise edge)                              20.00      20.00
  clock network delay (ideal)                             0.00      20.00
  clock uncertainty                                      -0.20      19.80
  U_Reg_File/mem_reg[1][3]/CK (DFFRQX2M)                  0.00      19.80 r
  library setup time                                     -0.31      19.49
  data required time                                                19.49
  --------------------------------------------------------------------------
  data required time                                                19.49
  data arrival time                                                 -3.54
  --------------------------------------------------------------------------
  slack (MET)                                                       15.96


  Startpoint: U_SYS_CTRL/Current_State_reg[0]
              (rising edge-triggered flip-flop clocked by REF_CLK)
  Endpoint: U_Reg_File/mem_reg[1][0]
            (rising edge-triggered flip-flop clocked by REF_CLK)
  Path Group: REF_CLK
  Path Type: max

  Point                                                   Incr       Path
  --------------------------------------------------------------------------
  clock REF_CLK (rise edge)                               0.00       0.00
  clock network delay (ideal)                             0.00       0.00
  U_SYS_CTRL/Current_State_reg[0]/CK (DFFRQX2M)           0.00       0.00 r
  U_SYS_CTRL/Current_State_reg[0]/Q (DFFRQX2M)            0.36       0.36 r
  U_SYS_CTRL/U59/Y (BUFX2M)                               0.39       0.76 r
  U_SYS_CTRL/U22/Y (INVX2M)                               0.17       0.93 f
  U_SYS_CTRL/U3/Y (NOR2X2M)                               0.30       1.23 r
  U_SYS_CTRL/U57/Y (MX2X2M)                               0.18       1.42 r
  U_SYS_CTRL/U56/Y (MX3X1M)                               0.23       1.64 r
  U_SYS_CTRL/Address[1] (SYS_CTRL)                        0.00       1.64 r
  U5/Y (BUFX2M)                                           0.59       2.23 r
  U_Reg_File/Address[1] (Reg_File)                        0.00       2.23 r
  U_Reg_File/U51/Y (INVX2M)                               0.15       2.38 f
  U_Reg_File/U14/Y (BUFX2M)                               0.17       2.55 f
  U_Reg_File/U11/Y (INVX2M)                               0.38       2.93 r
  U_Reg_File/U4/Y (NOR2X2M)                               0.16       3.10 f
  U_Reg_File/U20/Y (NAND2X2M)                             0.25       3.35 r
  U_Reg_File/U70/Y (OAI2BB2X1M)                           0.19       3.54 r
  U_Reg_File/mem_reg[1][0]/D (DFFRQX2M)                   0.00       3.54 r
  data arrival time                                                  3.54

  clock REF_CLK (rise edge)                              20.00      20.00
  clock network delay (ideal)                             0.00      20.00
  clock uncertainty                                      -0.20      19.80
  U_Reg_File/mem_reg[1][0]/CK (DFFRQX2M)                  0.00      19.80 r
  library setup time                                     -0.31      19.49
  data required time                                                19.49
  --------------------------------------------------------------------------
  data required time                                                19.49
  data arrival time                                                 -3.54
  --------------------------------------------------------------------------
  slack (MET)                                                       15.96


  Startpoint: U_SYS_CTRL/Current_State_reg[0]
              (rising edge-triggered flip-flop clocked by REF_CLK)
  Endpoint: U_Reg_File/mem_reg[0][1]
            (rising edge-triggered flip-flop clocked by REF_CLK)
  Path Group: REF_CLK
  Path Type: max

  Point                                                   Incr       Path
  --------------------------------------------------------------------------
  clock REF_CLK (rise edge)                               0.00       0.00
  clock network delay (ideal)                             0.00       0.00
  U_SYS_CTRL/Current_State_reg[0]/CK (DFFRQX2M)           0.00       0.00 r
  U_SYS_CTRL/Current_State_reg[0]/Q (DFFRQX2M)            0.36       0.36 r
  U_SYS_CTRL/U59/Y (BUFX2M)                               0.39       0.76 r
  U_SYS_CTRL/U22/Y (INVX2M)                               0.17       0.93 f
  U_SYS_CTRL/U3/Y (NOR2X2M)                               0.30       1.23 r
  U_SYS_CTRL/U57/Y (MX2X2M)                               0.18       1.42 r
  U_SYS_CTRL/U56/Y (MX3X1M)                               0.23       1.64 r
  U_SYS_CTRL/Address[1] (SYS_CTRL)                        0.00       1.64 r
  U5/Y (BUFX2M)                                           0.59       2.23 r
  U_Reg_File/Address[1] (Reg_File)                        0.00       2.23 r
  U_Reg_File/U51/Y (INVX2M)                               0.15       2.38 f
  U_Reg_File/U14/Y (BUFX2M)                               0.17       2.55 f
  U_Reg_File/U11/Y (INVX2M)                               0.38       2.93 r
  U_Reg_File/U4/Y (NOR2X2M)                               0.16       3.10 f
  U_Reg_File/U35/Y (NAND2X2M)                             0.24       3.34 r
  U_Reg_File/U63/Y (OAI2BB2X1M)                           0.19       3.53 r
  U_Reg_File/mem_reg[0][1]/D (DFFRQX2M)                   0.00       3.53 r
  data arrival time                                                  3.53

  clock REF_CLK (rise edge)                              20.00      20.00
  clock network delay (ideal)                             0.00      20.00
  clock uncertainty                                      -0.20      19.80
  U_Reg_File/mem_reg[0][1]/CK (DFFRQX2M)                  0.00      19.80 r
  library setup time                                     -0.31      19.49
  data required time                                                19.49
  --------------------------------------------------------------------------
  data required time                                                19.49
  data arrival time                                                 -3.53
  --------------------------------------------------------------------------
  slack (MET)                                                       15.96


  Startpoint: U_SYS_CTRL/Current_State_reg[0]
              (rising edge-triggered flip-flop clocked by REF_CLK)
  Endpoint: U_Reg_File/mem_reg[0][0]
            (rising edge-triggered flip-flop clocked by REF_CLK)
  Path Group: REF_CLK
  Path Type: max

  Point                                                   Incr       Path
  --------------------------------------------------------------------------
  clock REF_CLK (rise edge)                               0.00       0.00
  clock network delay (ideal)                             0.00       0.00
  U_SYS_CTRL/Current_State_reg[0]/CK (DFFRQX2M)           0.00       0.00 r
  U_SYS_CTRL/Current_State_reg[0]/Q (DFFRQX2M)            0.36       0.36 r
  U_SYS_CTRL/U59/Y (BUFX2M)                               0.39       0.76 r
  U_SYS_CTRL/U22/Y (INVX2M)                               0.17       0.93 f
  U_SYS_CTRL/U3/Y (NOR2X2M)                               0.30       1.23 r
  U_SYS_CTRL/U57/Y (MX2X2M)                               0.18       1.42 r
  U_SYS_CTRL/U56/Y (MX3X1M)                               0.23       1.64 r
  U_SYS_CTRL/Address[1] (SYS_CTRL)                        0.00       1.64 r
  U5/Y (BUFX2M)                                           0.59       2.23 r
  U_Reg_File/Address[1] (Reg_File)                        0.00       2.23 r
  U_Reg_File/U51/Y (INVX2M)                               0.15       2.38 f
  U_Reg_File/U14/Y (BUFX2M)                               0.17       2.55 f
  U_Reg_File/U11/Y (INVX2M)                               0.38       2.93 r
  U_Reg_File/U4/Y (NOR2X2M)                               0.16       3.10 f
  U_Reg_File/U35/Y (NAND2X2M)                             0.24       3.34 r
  U_Reg_File/U62/Y (OAI2BB2X1M)                           0.19       3.53 r
  U_Reg_File/mem_reg[0][0]/D (DFFRQX2M)                   0.00       3.53 r
  data arrival time                                                  3.53

  clock REF_CLK (rise edge)                              20.00      20.00
  clock network delay (ideal)                             0.00      20.00
  clock uncertainty                                      -0.20      19.80
  U_Reg_File/mem_reg[0][0]/CK (DFFRQX2M)                  0.00      19.80 r
  library setup time                                     -0.31      19.49
  data required time                                                19.49
  --------------------------------------------------------------------------
  data required time                                                19.49
  data arrival time                                                 -3.53
  --------------------------------------------------------------------------
  slack (MET)                                                       15.96


  Startpoint: U_SYS_CTRL/Current_State_reg[0]
              (rising edge-triggered flip-flop clocked by REF_CLK)
  Endpoint: U_Reg_File/mem_reg[0][2]
            (rising edge-triggered flip-flop clocked by REF_CLK)
  Path Group: REF_CLK
  Path Type: max

  Point                                                   Incr       Path
  --------------------------------------------------------------------------
  clock REF_CLK (rise edge)                               0.00       0.00
  clock network delay (ideal)                             0.00       0.00
  U_SYS_CTRL/Current_State_reg[0]/CK (DFFRQX2M)           0.00       0.00 r
  U_SYS_CTRL/Current_State_reg[0]/Q (DFFRQX2M)            0.36       0.36 r
  U_SYS_CTRL/U59/Y (BUFX2M)                               0.39       0.76 r
  U_SYS_CTRL/U22/Y (INVX2M)                               0.17       0.93 f
  U_SYS_CTRL/U3/Y (NOR2X2M)                               0.30       1.23 r
  U_SYS_CTRL/U57/Y (MX2X2M)                               0.18       1.42 r
  U_SYS_CTRL/U56/Y (MX3X1M)                               0.23       1.64 r
  U_SYS_CTRL/Address[1] (SYS_CTRL)                        0.00       1.64 r
  U5/Y (BUFX2M)                                           0.59       2.23 r
  U_Reg_File/Address[1] (Reg_File)                        0.00       2.23 r
  U_Reg_File/U51/Y (INVX2M)                               0.15       2.38 f
  U_Reg_File/U14/Y (BUFX2M)                               0.17       2.55 f
  U_Reg_File/U11/Y (INVX2M)                               0.38       2.93 r
  U_Reg_File/U4/Y (NOR2X2M)                               0.16       3.10 f
  U_Reg_File/U35/Y (NAND2X2M)                             0.24       3.34 r
  U_Reg_File/U64/Y (OAI2BB2X1M)                           0.19       3.53 r
  U_Reg_File/mem_reg[0][2]/D (DFFRQX2M)                   0.00       3.53 r
  data arrival time                                                  3.53

  clock REF_CLK (rise edge)                              20.00      20.00
  clock network delay (ideal)                             0.00      20.00
  clock uncertainty                                      -0.20      19.80
  U_Reg_File/mem_reg[0][2]/CK (DFFRQX2M)                  0.00      19.80 r
  library setup time                                     -0.31      19.49
  data required time                                                19.49
  --------------------------------------------------------------------------
  data required time                                                19.49
  data arrival time                                                 -3.53
  --------------------------------------------------------------------------
  slack (MET)                                                       15.96


  Startpoint: U_SYS_CTRL/Current_State_reg[0]
              (rising edge-triggered flip-flop clocked by REF_CLK)
  Endpoint: U_Reg_File/mem_reg[0][3]
            (rising edge-triggered flip-flop clocked by REF_CLK)
  Path Group: REF_CLK
  Path Type: max

  Point                                                   Incr       Path
  --------------------------------------------------------------------------
  clock REF_CLK (rise edge)                               0.00       0.00
  clock network delay (ideal)                             0.00       0.00
  U_SYS_CTRL/Current_State_reg[0]/CK (DFFRQX2M)           0.00       0.00 r
  U_SYS_CTRL/Current_State_reg[0]/Q (DFFRQX2M)            0.36       0.36 r
  U_SYS_CTRL/U59/Y (BUFX2M)                               0.39       0.76 r
  U_SYS_CTRL/U22/Y (INVX2M)                               0.17       0.93 f
  U_SYS_CTRL/U3/Y (NOR2X2M)                               0.30       1.23 r
  U_SYS_CTRL/U57/Y (MX2X2M)                               0.18       1.42 r
  U_SYS_CTRL/U56/Y (MX3X1M)                               0.23       1.64 r
  U_SYS_CTRL/Address[1] (SYS_CTRL)                        0.00       1.64 r
  U5/Y (BUFX2M)                                           0.59       2.23 r
  U_Reg_File/Address[1] (Reg_File)                        0.00       2.23 r
  U_Reg_File/U51/Y (INVX2M)                               0.15       2.38 f
  U_Reg_File/U14/Y (BUFX2M)                               0.17       2.55 f
  U_Reg_File/U11/Y (INVX2M)                               0.38       2.93 r
  U_Reg_File/U4/Y (NOR2X2M)                               0.16       3.10 f
  U_Reg_File/U35/Y (NAND2X2M)                             0.24       3.34 r
  U_Reg_File/U65/Y (OAI2BB2X1M)                           0.19       3.53 r
  U_Reg_File/mem_reg[0][3]/D (DFFRQX2M)                   0.00       3.53 r
  data arrival time                                                  3.53

  clock REF_CLK (rise edge)                              20.00      20.00
  clock network delay (ideal)                             0.00      20.00
  clock uncertainty                                      -0.20      19.80
  U_Reg_File/mem_reg[0][3]/CK (DFFRQX2M)                  0.00      19.80 r
  library setup time                                     -0.31      19.49
  data required time                                                19.49
  --------------------------------------------------------------------------
  data required time                                                19.49
  data arrival time                                                 -3.53
  --------------------------------------------------------------------------
  slack (MET)                                                       15.96


  Startpoint: U_SYS_CTRL/Current_State_reg[0]
              (rising edge-triggered flip-flop clocked by REF_CLK)
  Endpoint: U_Reg_File/mem_reg[0][4]
            (rising edge-triggered flip-flop clocked by REF_CLK)
  Path Group: REF_CLK
  Path Type: max

  Point                                                   Incr       Path
  --------------------------------------------------------------------------
  clock REF_CLK (rise edge)                               0.00       0.00
  clock network delay (ideal)                             0.00       0.00
  U_SYS_CTRL/Current_State_reg[0]/CK (DFFRQX2M)           0.00       0.00 r
  U_SYS_CTRL/Current_State_reg[0]/Q (DFFRQX2M)            0.36       0.36 r
  U_SYS_CTRL/U59/Y (BUFX2M)                               0.39       0.76 r
  U_SYS_CTRL/U22/Y (INVX2M)                               0.17       0.93 f
  U_SYS_CTRL/U3/Y (NOR2X2M)                               0.30       1.23 r
  U_SYS_CTRL/U57/Y (MX2X2M)                               0.18       1.42 r
  U_SYS_CTRL/U56/Y (MX3X1M)                               0.23       1.64 r
  U_SYS_CTRL/Address[1] (SYS_CTRL)                        0.00       1.64 r
  U5/Y (BUFX2M)                                           0.59       2.23 r
  U_Reg_File/Address[1] (Reg_File)                        0.00       2.23 r
  U_Reg_File/U51/Y (INVX2M)                               0.15       2.38 f
  U_Reg_File/U14/Y (BUFX2M)                               0.17       2.55 f
  U_Reg_File/U11/Y (INVX2M)                               0.38       2.93 r
  U_Reg_File/U4/Y (NOR2X2M)                               0.16       3.10 f
  U_Reg_File/U35/Y (NAND2X2M)                             0.24       3.34 r
  U_Reg_File/U66/Y (OAI2BB2X1M)                           0.19       3.53 r
  U_Reg_File/mem_reg[0][4]/D (DFFRQX2M)                   0.00       3.53 r
  data arrival time                                                  3.53

  clock REF_CLK (rise edge)                              20.00      20.00
  clock network delay (ideal)                             0.00      20.00
  clock uncertainty                                      -0.20      19.80
  U_Reg_File/mem_reg[0][4]/CK (DFFRQX2M)                  0.00      19.80 r
  library setup time                                     -0.31      19.49
  data required time                                                19.49
  --------------------------------------------------------------------------
  data required time                                                19.49
  data arrival time                                                 -3.53
  --------------------------------------------------------------------------
  slack (MET)                                                       15.96


  Startpoint: U_SYS_CTRL/Current_State_reg[0]
              (rising edge-triggered flip-flop clocked by REF_CLK)
  Endpoint: U_Reg_File/mem_reg[0][5]
            (rising edge-triggered flip-flop clocked by REF_CLK)
  Path Group: REF_CLK
  Path Type: max

  Point                                                   Incr       Path
  --------------------------------------------------------------------------
  clock REF_CLK (rise edge)                               0.00       0.00
  clock network delay (ideal)                             0.00       0.00
  U_SYS_CTRL/Current_State_reg[0]/CK (DFFRQX2M)           0.00       0.00 r
  U_SYS_CTRL/Current_State_reg[0]/Q (DFFRQX2M)            0.36       0.36 r
  U_SYS_CTRL/U59/Y (BUFX2M)                               0.39       0.76 r
  U_SYS_CTRL/U22/Y (INVX2M)                               0.17       0.93 f
  U_SYS_CTRL/U3/Y (NOR2X2M)                               0.30       1.23 r
  U_SYS_CTRL/U57/Y (MX2X2M)                               0.18       1.42 r
  U_SYS_CTRL/U56/Y (MX3X1M)                               0.23       1.64 r
  U_SYS_CTRL/Address[1] (SYS_CTRL)                        0.00       1.64 r
  U5/Y (BUFX2M)                                           0.59       2.23 r
  U_Reg_File/Address[1] (Reg_File)                        0.00       2.23 r
  U_Reg_File/U51/Y (INVX2M)                               0.15       2.38 f
  U_Reg_File/U14/Y (BUFX2M)                               0.17       2.55 f
  U_Reg_File/U11/Y (INVX2M)                               0.38       2.93 r
  U_Reg_File/U4/Y (NOR2X2M)                               0.16       3.10 f
  U_Reg_File/U35/Y (NAND2X2M)                             0.24       3.34 r
  U_Reg_File/U67/Y (OAI2BB2X1M)                           0.19       3.53 r
  U_Reg_File/mem_reg[0][5]/D (DFFRQX2M)                   0.00       3.53 r
  data arrival time                                                  3.53

  clock REF_CLK (rise edge)                              20.00      20.00
  clock network delay (ideal)                             0.00      20.00
  clock uncertainty                                      -0.20      19.80
  U_Reg_File/mem_reg[0][5]/CK (DFFRQX2M)                  0.00      19.80 r
  library setup time                                     -0.31      19.49
  data required time                                                19.49
  --------------------------------------------------------------------------
  data required time                                                19.49
  data arrival time                                                 -3.53
  --------------------------------------------------------------------------
  slack (MET)                                                       15.96


  Startpoint: U_SYS_CTRL/Current_State_reg[0]
              (rising edge-triggered flip-flop clocked by REF_CLK)
  Endpoint: U_Reg_File/mem_reg[0][7]
            (rising edge-triggered flip-flop clocked by REF_CLK)
  Path Group: REF_CLK
  Path Type: max

  Point                                                   Incr       Path
  --------------------------------------------------------------------------
  clock REF_CLK (rise edge)                               0.00       0.00
  clock network delay (ideal)                             0.00       0.00
  U_SYS_CTRL/Current_State_reg[0]/CK (DFFRQX2M)           0.00       0.00 r
  U_SYS_CTRL/Current_State_reg[0]/Q (DFFRQX2M)            0.36       0.36 r
  U_SYS_CTRL/U59/Y (BUFX2M)                               0.39       0.76 r
  U_SYS_CTRL/U22/Y (INVX2M)                               0.17       0.93 f
  U_SYS_CTRL/U3/Y (NOR2X2M)                               0.30       1.23 r
  U_SYS_CTRL/U57/Y (MX2X2M)                               0.18       1.42 r
  U_SYS_CTRL/U56/Y (MX3X1M)                               0.23       1.64 r
  U_SYS_CTRL/Address[1] (SYS_CTRL)                        0.00       1.64 r
  U5/Y (BUFX2M)                                           0.59       2.23 r
  U_Reg_File/Address[1] (Reg_File)                        0.00       2.23 r
  U_Reg_File/U51/Y (INVX2M)                               0.15       2.38 f
  U_Reg_File/U14/Y (BUFX2M)                               0.17       2.55 f
  U_Reg_File/U11/Y (INVX2M)                               0.38       2.93 r
  U_Reg_File/U4/Y (NOR2X2M)                               0.16       3.10 f
  U_Reg_File/U35/Y (NAND2X2M)                             0.24       3.34 r
  U_Reg_File/U69/Y (OAI2BB2X1M)                           0.19       3.53 r
  U_Reg_File/mem_reg[0][7]/D (DFFRQX2M)                   0.00       3.53 r
  data arrival time                                                  3.53

  clock REF_CLK (rise edge)                              20.00      20.00
  clock network delay (ideal)                             0.00      20.00
  clock uncertainty                                      -0.20      19.80
  U_Reg_File/mem_reg[0][7]/CK (DFFRQX2M)                  0.00      19.80 r
  library setup time                                     -0.31      19.49
  data required time                                                19.49
  --------------------------------------------------------------------------
  data required time                                                19.49
  data arrival time                                                 -3.53
  --------------------------------------------------------------------------
  slack (MET)                                                       15.96


  Startpoint: U_SYS_CTRL/Current_State_reg[0]
              (rising edge-triggered flip-flop clocked by REF_CLK)
  Endpoint: U_Reg_File/mem_reg[0][6]
            (rising edge-triggered flip-flop clocked by REF_CLK)
  Path Group: REF_CLK
  Path Type: max

  Point                                                   Incr       Path
  --------------------------------------------------------------------------
  clock REF_CLK (rise edge)                               0.00       0.00
  clock network delay (ideal)                             0.00       0.00
  U_SYS_CTRL/Current_State_reg[0]/CK (DFFRQX2M)           0.00       0.00 r
  U_SYS_CTRL/Current_State_reg[0]/Q (DFFRQX2M)            0.36       0.36 r
  U_SYS_CTRL/U59/Y (BUFX2M)                               0.39       0.76 r
  U_SYS_CTRL/U22/Y (INVX2M)                               0.17       0.93 f
  U_SYS_CTRL/U3/Y (NOR2X2M)                               0.30       1.23 r
  U_SYS_CTRL/U57/Y (MX2X2M)                               0.18       1.42 r
  U_SYS_CTRL/U56/Y (MX3X1M)                               0.23       1.64 r
  U_SYS_CTRL/Address[1] (SYS_CTRL)                        0.00       1.64 r
  U5/Y (BUFX2M)                                           0.59       2.23 r
  U_Reg_File/Address[1] (Reg_File)                        0.00       2.23 r
  U_Reg_File/U51/Y (INVX2M)                               0.15       2.38 f
  U_Reg_File/U14/Y (BUFX2M)                               0.17       2.55 f
  U_Reg_File/U11/Y (INVX2M)                               0.38       2.93 r
  U_Reg_File/U4/Y (NOR2X2M)                               0.16       3.10 f
  U_Reg_File/U35/Y (NAND2X2M)                             0.24       3.34 r
  U_Reg_File/U68/Y (OAI2BB2X1M)                           0.19       3.53 r
  U_Reg_File/mem_reg[0][6]/D (DFFRQX2M)                   0.00       3.53 r
  data arrival time                                                  3.53

  clock REF_CLK (rise edge)                              20.00      20.00
  clock network delay (ideal)                             0.00      20.00
  clock uncertainty                                      -0.20      19.80
  U_Reg_File/mem_reg[0][6]/CK (DFFRQX2M)                  0.00      19.80 r
  library setup time                                     -0.31      19.49
  data required time                                                19.49
  --------------------------------------------------------------------------
  data required time                                                19.49
  data arrival time                                                 -3.53
  --------------------------------------------------------------------------
  slack (MET)                                                       15.96


  Startpoint: U_SYS_CTRL/Current_State_reg[0]
              (rising edge-triggered flip-flop clocked by REF_CLK)
  Endpoint: U_Reg_File/mem_reg[3][5]
            (rising edge-triggered flip-flop clocked by REF_CLK)
  Path Group: REF_CLK
  Path Type: max

  Point                                                   Incr       Path
  --------------------------------------------------------------------------
  clock REF_CLK (rise edge)                               0.00       0.00
  clock network delay (ideal)                             0.00       0.00
  U_SYS_CTRL/Current_State_reg[0]/CK (DFFRQX2M)           0.00       0.00 r
  U_SYS_CTRL/Current_State_reg[0]/Q (DFFRQX2M)            0.36       0.36 r
  U_SYS_CTRL/U59/Y (BUFX2M)                               0.39       0.76 r
  U_SYS_CTRL/U22/Y (INVX2M)                               0.17       0.93 f
  U_SYS_CTRL/U3/Y (NOR2X2M)                               0.30       1.23 r
  U_SYS_CTRL/U65/Y (MX2X2M)                               0.27       1.50 f
  U_SYS_CTRL/U6/Y (MX3X1M)                                0.79       2.29 f
  U_SYS_CTRL/Address[3] (SYS_CTRL)                        0.00       2.29 f
  U_Reg_File/Address[3] (Reg_File)                        0.00       2.29 f
  U_Reg_File/U48/Y (NOR2BX2M)                             0.23       2.52 r
  U_Reg_File/U17/Y (NOR2BX2M)                             0.28       2.81 r
  U_Reg_File/U30/Y (NAND2X2M)                             0.23       3.04 f
  U_Reg_File/U189/Y (OAI2BB2X1M)                          0.28       3.32 f
  U_Reg_File/mem_reg[3][5]/D (DFFSQX2M)                   0.00       3.32 f
  data arrival time                                                  3.32

  clock REF_CLK (rise edge)                              20.00      20.00
  clock network delay (ideal)                             0.00      20.00
  clock uncertainty                                      -0.20      19.80
  U_Reg_File/mem_reg[3][5]/CK (DFFSQX2M)                  0.00      19.80 r
  library setup time                                     -0.25      19.55
  data required time                                                19.55
  --------------------------------------------------------------------------
  data required time                                                19.55
  data arrival time                                                 -3.32
  --------------------------------------------------------------------------
  slack (MET)                                                       16.23


  Startpoint: U_SYS_CTRL/Current_State_reg[0]
              (rising edge-triggered flip-flop clocked by REF_CLK)
  Endpoint: U_Reg_File/mem_reg[2][0]
            (rising edge-triggered flip-flop clocked by REF_CLK)
  Path Group: REF_CLK
  Path Type: max

  Point                                                   Incr       Path
  --------------------------------------------------------------------------
  clock REF_CLK (rise edge)                               0.00       0.00
  clock network delay (ideal)                             0.00       0.00
  U_SYS_CTRL/Current_State_reg[0]/CK (DFFRQX2M)           0.00       0.00 r
  U_SYS_CTRL/Current_State_reg[0]/Q (DFFRQX2M)            0.36       0.36 r
  U_SYS_CTRL/U59/Y (BUFX2M)                               0.39       0.76 r
  U_SYS_CTRL/U22/Y (INVX2M)                               0.17       0.93 f
  U_SYS_CTRL/U3/Y (NOR2X2M)                               0.30       1.23 r
  U_SYS_CTRL/U65/Y (MX2X2M)                               0.27       1.50 f
  U_SYS_CTRL/U6/Y (MX3X1M)                                0.79       2.29 f
  U_SYS_CTRL/Address[3] (SYS_CTRL)                        0.00       2.29 f
  U_Reg_File/Address[3] (Reg_File)                        0.00       2.29 f
  U_Reg_File/U48/Y (NOR2BX2M)                             0.23       2.52 r
  U_Reg_File/U16/Y (NOR2BX2M)                             0.28       2.80 r
  U_Reg_File/U25/Y (NAND2X2M)                             0.23       3.04 f
  U_Reg_File/U187/Y (OAI2BB2X1M)                          0.28       3.32 f
  U_Reg_File/mem_reg[2][0]/D (DFFSQX2M)                   0.00       3.32 f
  data arrival time                                                  3.32

  clock REF_CLK (rise edge)                              20.00      20.00
  clock network delay (ideal)                             0.00      20.00
  clock uncertainty                                      -0.20      19.80
  U_Reg_File/mem_reg[2][0]/CK (DFFSQX2M)                  0.00      19.80 r
  library setup time                                     -0.25      19.55
  data required time                                                19.55
  --------------------------------------------------------------------------
  data required time                                                19.55
  data arrival time                                                 -3.32
  --------------------------------------------------------------------------
  slack (MET)                                                       16.24


  Startpoint: U_SYS_CTRL/Current_State_reg[0]
              (rising edge-triggered flip-flop clocked by REF_CLK)
  Endpoint: U_Reg_File/mem_reg[2][7]
            (rising edge-triggered flip-flop clocked by REF_CLK)
  Path Group: REF_CLK
  Path Type: max

  Point                                                   Incr       Path
  --------------------------------------------------------------------------
  clock REF_CLK (rise edge)                               0.00       0.00
  clock network delay (ideal)                             0.00       0.00
  U_SYS_CTRL/Current_State_reg[0]/CK (DFFRQX2M)           0.00       0.00 r
  U_SYS_CTRL/Current_State_reg[0]/Q (DFFRQX2M)            0.36       0.36 r
  U_SYS_CTRL/U59/Y (BUFX2M)                               0.39       0.76 r
  U_SYS_CTRL/U22/Y (INVX2M)                               0.17       0.93 f
  U_SYS_CTRL/U3/Y (NOR2X2M)                               0.30       1.23 r
  U_SYS_CTRL/U65/Y (MX2X2M)                               0.27       1.50 f
  U_SYS_CTRL/U6/Y (MX3X1M)                                0.79       2.29 f
  U_SYS_CTRL/Address[3] (SYS_CTRL)                        0.00       2.29 f
  U_Reg_File/Address[3] (Reg_File)                        0.00       2.29 f
  U_Reg_File/U48/Y (NOR2BX2M)                             0.23       2.52 r
  U_Reg_File/U16/Y (NOR2BX2M)                             0.28       2.80 r
  U_Reg_File/U25/Y (NAND2X2M)                             0.23       3.04 f
  U_Reg_File/U188/Y (OAI2BB2X1M)                          0.28       3.32 f
  U_Reg_File/mem_reg[2][7]/D (DFFSQX2M)                   0.00       3.32 f
  data arrival time                                                  3.32

  clock REF_CLK (rise edge)                              20.00      20.00
  clock network delay (ideal)                             0.00      20.00
  clock uncertainty                                      -0.20      19.80
  U_Reg_File/mem_reg[2][7]/CK (DFFSQX2M)                  0.00      19.80 r
  library setup time                                     -0.25      19.55
  data required time                                                19.55
  --------------------------------------------------------------------------
  data required time                                                19.55
  data arrival time                                                 -3.32
  --------------------------------------------------------------------------
  slack (MET)                                                       16.24


  Startpoint: U_SYS_CTRL/Current_State_reg[0]
              (rising edge-triggered flip-flop clocked by REF_CLK)
  Endpoint: U_Reg_File/mem_reg[14][7]
            (rising edge-triggered flip-flop clocked by REF_CLK)
  Path Group: REF_CLK
  Path Type: max

  Point                                                   Incr       Path
  --------------------------------------------------------------------------
  clock REF_CLK (rise edge)                               0.00       0.00
  clock network delay (ideal)                             0.00       0.00
  U_SYS_CTRL/Current_State_reg[0]/CK (DFFRQX2M)           0.00       0.00 r
  U_SYS_CTRL/Current_State_reg[0]/Q (DFFRQX2M)            0.36       0.36 r
  U_SYS_CTRL/U59/Y (BUFX2M)                               0.39       0.76 r
  U_SYS_CTRL/U22/Y (INVX2M)                               0.17       0.93 f
  U_SYS_CTRL/U3/Y (NOR2X2M)                               0.30       1.23 r
  U_SYS_CTRL/U65/Y (MX2X2M)                               0.18       1.42 r
  U_SYS_CTRL/U6/Y (MX3X1M)                                0.90       2.32 r
  U_SYS_CTRL/Address[3] (SYS_CTRL)                        0.00       2.32 r
  U_Reg_File/Address[3] (Reg_File)                        0.00       2.32 r
  U_Reg_File/U49/Y (AND2X2M)                              0.24       2.56 r
  U_Reg_File/U18/Y (NOR2BX2M)                             0.27       2.83 r
  U_Reg_File/U28/Y (NAND2X2M)                             0.25       3.07 f
  U_Reg_File/U178/Y (OAI2BB2X1M)                          0.18       3.25 r
  U_Reg_File/mem_reg[14][7]/D (DFFRQX2M)                  0.00       3.25 r
  data arrival time                                                  3.25

  clock REF_CLK (rise edge)                              20.00      20.00
  clock network delay (ideal)                             0.00      20.00
  clock uncertainty                                      -0.20      19.80
  U_Reg_File/mem_reg[14][7]/CK (DFFRQX2M)                 0.00      19.80 r
  library setup time                                     -0.31      19.49
  data required time                                                19.49
  --------------------------------------------------------------------------
  data required time                                                19.49
  data arrival time                                                 -3.25
  --------------------------------------------------------------------------
  slack (MET)                                                       16.24


  Startpoint: U_SYS_CTRL/Current_State_reg[0]
              (rising edge-triggered flip-flop clocked by REF_CLK)
  Endpoint: U_Reg_File/mem_reg[14][6]
            (rising edge-triggered flip-flop clocked by REF_CLK)
  Path Group: REF_CLK
  Path Type: max

  Point                                                   Incr       Path
  --------------------------------------------------------------------------
  clock REF_CLK (rise edge)                               0.00       0.00
  clock network delay (ideal)                             0.00       0.00
  U_SYS_CTRL/Current_State_reg[0]/CK (DFFRQX2M)           0.00       0.00 r
  U_SYS_CTRL/Current_State_reg[0]/Q (DFFRQX2M)            0.36       0.36 r
  U_SYS_CTRL/U59/Y (BUFX2M)                               0.39       0.76 r
  U_SYS_CTRL/U22/Y (INVX2M)                               0.17       0.93 f
  U_SYS_CTRL/U3/Y (NOR2X2M)                               0.30       1.23 r
  U_SYS_CTRL/U65/Y (MX2X2M)                               0.18       1.42 r
  U_SYS_CTRL/U6/Y (MX3X1M)                                0.90       2.32 r
  U_SYS_CTRL/Address[3] (SYS_CTRL)                        0.00       2.32 r
  U_Reg_File/Address[3] (Reg_File)                        0.00       2.32 r
  U_Reg_File/U49/Y (AND2X2M)                              0.24       2.56 r
  U_Reg_File/U18/Y (NOR2BX2M)                             0.27       2.83 r
  U_Reg_File/U28/Y (NAND2X2M)                             0.25       3.07 f
  U_Reg_File/U177/Y (OAI2BB2X1M)                          0.18       3.25 r
  U_Reg_File/mem_reg[14][6]/D (DFFRQX2M)                  0.00       3.25 r
  data arrival time                                                  3.25

  clock REF_CLK (rise edge)                              20.00      20.00
  clock network delay (ideal)                             0.00      20.00
  clock uncertainty                                      -0.20      19.80
  U_Reg_File/mem_reg[14][6]/CK (DFFRQX2M)                 0.00      19.80 r
  library setup time                                     -0.31      19.49
  data required time                                                19.49
  --------------------------------------------------------------------------
  data required time                                                19.49
  data arrival time                                                 -3.25
  --------------------------------------------------------------------------
  slack (MET)                                                       16.24


  Startpoint: U_SYS_CTRL/Current_State_reg[0]
              (rising edge-triggered flip-flop clocked by REF_CLK)
  Endpoint: U_Reg_File/mem_reg[14][5]
            (rising edge-triggered flip-flop clocked by REF_CLK)
  Path Group: REF_CLK
  Path Type: max

  Point                                                   Incr       Path
  --------------------------------------------------------------------------
  clock REF_CLK (rise edge)                               0.00       0.00
  clock network delay (ideal)                             0.00       0.00
  U_SYS_CTRL/Current_State_reg[0]/CK (DFFRQX2M)           0.00       0.00 r
  U_SYS_CTRL/Current_State_reg[0]/Q (DFFRQX2M)            0.36       0.36 r
  U_SYS_CTRL/U59/Y (BUFX2M)                               0.39       0.76 r
  U_SYS_CTRL/U22/Y (INVX2M)                               0.17       0.93 f
  U_SYS_CTRL/U3/Y (NOR2X2M)                               0.30       1.23 r
  U_SYS_CTRL/U65/Y (MX2X2M)                               0.18       1.42 r
  U_SYS_CTRL/U6/Y (MX3X1M)                                0.90       2.32 r
  U_SYS_CTRL/Address[3] (SYS_CTRL)                        0.00       2.32 r
  U_Reg_File/Address[3] (Reg_File)                        0.00       2.32 r
  U_Reg_File/U49/Y (AND2X2M)                              0.24       2.56 r
  U_Reg_File/U18/Y (NOR2BX2M)                             0.27       2.83 r
  U_Reg_File/U28/Y (NAND2X2M)                             0.25       3.07 f
  U_Reg_File/U176/Y (OAI2BB2X1M)                          0.18       3.25 r
  U_Reg_File/mem_reg[14][5]/D (DFFRQX2M)                  0.00       3.25 r
  data arrival time                                                  3.25

  clock REF_CLK (rise edge)                              20.00      20.00
  clock network delay (ideal)                             0.00      20.00
  clock uncertainty                                      -0.20      19.80
  U_Reg_File/mem_reg[14][5]/CK (DFFRQX2M)                 0.00      19.80 r
  library setup time                                     -0.31      19.49
  data required time                                                19.49
  --------------------------------------------------------------------------
  data required time                                                19.49
  data arrival time                                                 -3.25
  --------------------------------------------------------------------------
  slack (MET)                                                       16.24


  Startpoint: U_SYS_CTRL/Current_State_reg[0]
              (rising edge-triggered flip-flop clocked by REF_CLK)
  Endpoint: U_Reg_File/mem_reg[14][4]
            (rising edge-triggered flip-flop clocked by REF_CLK)
  Path Group: REF_CLK
  Path Type: max

  Point                                                   Incr       Path
  --------------------------------------------------------------------------
  clock REF_CLK (rise edge)                               0.00       0.00
  clock network delay (ideal)                             0.00       0.00
  U_SYS_CTRL/Current_State_reg[0]/CK (DFFRQX2M)           0.00       0.00 r
  U_SYS_CTRL/Current_State_reg[0]/Q (DFFRQX2M)            0.36       0.36 r
  U_SYS_CTRL/U59/Y (BUFX2M)                               0.39       0.76 r
  U_SYS_CTRL/U22/Y (INVX2M)                               0.17       0.93 f
  U_SYS_CTRL/U3/Y (NOR2X2M)                               0.30       1.23 r
  U_SYS_CTRL/U65/Y (MX2X2M)                               0.18       1.42 r
  U_SYS_CTRL/U6/Y (MX3X1M)                                0.90       2.32 r
  U_SYS_CTRL/Address[3] (SYS_CTRL)                        0.00       2.32 r
  U_Reg_File/Address[3] (Reg_File)                        0.00       2.32 r
  U_Reg_File/U49/Y (AND2X2M)                              0.24       2.56 r
  U_Reg_File/U18/Y (NOR2BX2M)                             0.27       2.83 r
  U_Reg_File/U28/Y (NAND2X2M)                             0.25       3.07 f
  U_Reg_File/U175/Y (OAI2BB2X1M)                          0.18       3.25 r
  U_Reg_File/mem_reg[14][4]/D (DFFRQX2M)                  0.00       3.25 r
  data arrival time                                                  3.25

  clock REF_CLK (rise edge)                              20.00      20.00
  clock network delay (ideal)                             0.00      20.00
  clock uncertainty                                      -0.20      19.80
  U_Reg_File/mem_reg[14][4]/CK (DFFRQX2M)                 0.00      19.80 r
  library setup time                                     -0.31      19.49
  data required time                                                19.49
  --------------------------------------------------------------------------
  data required time                                                19.49
  data arrival time                                                 -3.25
  --------------------------------------------------------------------------
  slack (MET)                                                       16.24


  Startpoint: U_SYS_CTRL/Current_State_reg[0]
              (rising edge-triggered flip-flop clocked by REF_CLK)
  Endpoint: U_Reg_File/mem_reg[14][3]
            (rising edge-triggered flip-flop clocked by REF_CLK)
  Path Group: REF_CLK
  Path Type: max

  Point                                                   Incr       Path
  --------------------------------------------------------------------------
  clock REF_CLK (rise edge)                               0.00       0.00
  clock network delay (ideal)                             0.00       0.00
  U_SYS_CTRL/Current_State_reg[0]/CK (DFFRQX2M)           0.00       0.00 r
  U_SYS_CTRL/Current_State_reg[0]/Q (DFFRQX2M)            0.36       0.36 r
  U_SYS_CTRL/U59/Y (BUFX2M)                               0.39       0.76 r
  U_SYS_CTRL/U22/Y (INVX2M)                               0.17       0.93 f
  U_SYS_CTRL/U3/Y (NOR2X2M)                               0.30       1.23 r
  U_SYS_CTRL/U65/Y (MX2X2M)                               0.18       1.42 r
  U_SYS_CTRL/U6/Y (MX3X1M)                                0.90       2.32 r
  U_SYS_CTRL/Address[3] (SYS_CTRL)                        0.00       2.32 r
  U_Reg_File/Address[3] (Reg_File)                        0.00       2.32 r
  U_Reg_File/U49/Y (AND2X2M)                              0.24       2.56 r
  U_Reg_File/U18/Y (NOR2BX2M)                             0.27       2.83 r
  U_Reg_File/U28/Y (NAND2X2M)                             0.25       3.07 f
  U_Reg_File/U174/Y (OAI2BB2X1M)                          0.18       3.25 r
  U_Reg_File/mem_reg[14][3]/D (DFFRQX2M)                  0.00       3.25 r
  data arrival time                                                  3.25

  clock REF_CLK (rise edge)                              20.00      20.00
  clock network delay (ideal)                             0.00      20.00
  clock uncertainty                                      -0.20      19.80
  U_Reg_File/mem_reg[14][3]/CK (DFFRQX2M)                 0.00      19.80 r
  library setup time                                     -0.31      19.49
  data required time                                                19.49
  --------------------------------------------------------------------------
  data required time                                                19.49
  data arrival time                                                 -3.25
  --------------------------------------------------------------------------
  slack (MET)                                                       16.24


  Startpoint: U_SYS_CTRL/Current_State_reg[0]
              (rising edge-triggered flip-flop clocked by REF_CLK)
  Endpoint: U_Reg_File/mem_reg[14][2]
            (rising edge-triggered flip-flop clocked by REF_CLK)
  Path Group: REF_CLK
  Path Type: max

  Point                                                   Incr       Path
  --------------------------------------------------------------------------
  clock REF_CLK (rise edge)                               0.00       0.00
  clock network delay (ideal)                             0.00       0.00
  U_SYS_CTRL/Current_State_reg[0]/CK (DFFRQX2M)           0.00       0.00 r
  U_SYS_CTRL/Current_State_reg[0]/Q (DFFRQX2M)            0.36       0.36 r
  U_SYS_CTRL/U59/Y (BUFX2M)                               0.39       0.76 r
  U_SYS_CTRL/U22/Y (INVX2M)                               0.17       0.93 f
  U_SYS_CTRL/U3/Y (NOR2X2M)                               0.30       1.23 r
  U_SYS_CTRL/U65/Y (MX2X2M)                               0.18       1.42 r
  U_SYS_CTRL/U6/Y (MX3X1M)                                0.90       2.32 r
  U_SYS_CTRL/Address[3] (SYS_CTRL)                        0.00       2.32 r
  U_Reg_File/Address[3] (Reg_File)                        0.00       2.32 r
  U_Reg_File/U49/Y (AND2X2M)                              0.24       2.56 r
  U_Reg_File/U18/Y (NOR2BX2M)                             0.27       2.83 r
  U_Reg_File/U28/Y (NAND2X2M)                             0.25       3.07 f
  U_Reg_File/U173/Y (OAI2BB2X1M)                          0.18       3.25 r
  U_Reg_File/mem_reg[14][2]/D (DFFRQX2M)                  0.00       3.25 r
  data arrival time                                                  3.25

  clock REF_CLK (rise edge)                              20.00      20.00
  clock network delay (ideal)                             0.00      20.00
  clock uncertainty                                      -0.20      19.80
  U_Reg_File/mem_reg[14][2]/CK (DFFRQX2M)                 0.00      19.80 r
  library setup time                                     -0.31      19.49
  data required time                                                19.49
  --------------------------------------------------------------------------
  data required time                                                19.49
  data arrival time                                                 -3.25
  --------------------------------------------------------------------------
  slack (MET)                                                       16.24


  Startpoint: U_SYS_CTRL/Current_State_reg[0]
              (rising edge-triggered flip-flop clocked by REF_CLK)
  Endpoint: U_Reg_File/mem_reg[14][1]
            (rising edge-triggered flip-flop clocked by REF_CLK)
  Path Group: REF_CLK
  Path Type: max

  Point                                                   Incr       Path
  --------------------------------------------------------------------------
  clock REF_CLK (rise edge)                               0.00       0.00
  clock network delay (ideal)                             0.00       0.00
  U_SYS_CTRL/Current_State_reg[0]/CK (DFFRQX2M)           0.00       0.00 r
  U_SYS_CTRL/Current_State_reg[0]/Q (DFFRQX2M)            0.36       0.36 r
  U_SYS_CTRL/U59/Y (BUFX2M)                               0.39       0.76 r
  U_SYS_CTRL/U22/Y (INVX2M)                               0.17       0.93 f
  U_SYS_CTRL/U3/Y (NOR2X2M)                               0.30       1.23 r
  U_SYS_CTRL/U65/Y (MX2X2M)                               0.18       1.42 r
  U_SYS_CTRL/U6/Y (MX3X1M)                                0.90       2.32 r
  U_SYS_CTRL/Address[3] (SYS_CTRL)                        0.00       2.32 r
  U_Reg_File/Address[3] (Reg_File)                        0.00       2.32 r
  U_Reg_File/U49/Y (AND2X2M)                              0.24       2.56 r
  U_Reg_File/U18/Y (NOR2BX2M)                             0.27       2.83 r
  U_Reg_File/U28/Y (NAND2X2M)                             0.25       3.07 f
  U_Reg_File/U172/Y (OAI2BB2X1M)                          0.18       3.25 r
  U_Reg_File/mem_reg[14][1]/D (DFFRQX2M)                  0.00       3.25 r
  data arrival time                                                  3.25

  clock REF_CLK (rise edge)                              20.00      20.00
  clock network delay (ideal)                             0.00      20.00
  clock uncertainty                                      -0.20      19.80
  U_Reg_File/mem_reg[14][1]/CK (DFFRQX2M)                 0.00      19.80 r
  library setup time                                     -0.31      19.49
  data required time                                                19.49
  --------------------------------------------------------------------------
  data required time                                                19.49
  data arrival time                                                 -3.25
  --------------------------------------------------------------------------
  slack (MET)                                                       16.24


  Startpoint: U_SYS_CTRL/Current_State_reg[0]
              (rising edge-triggered flip-flop clocked by REF_CLK)
  Endpoint: U_Reg_File/mem_reg[14][0]
            (rising edge-triggered flip-flop clocked by REF_CLK)
  Path Group: REF_CLK
  Path Type: max

  Point                                                   Incr       Path
  --------------------------------------------------------------------------
  clock REF_CLK (rise edge)                               0.00       0.00
  clock network delay (ideal)                             0.00       0.00
  U_SYS_CTRL/Current_State_reg[0]/CK (DFFRQX2M)           0.00       0.00 r
  U_SYS_CTRL/Current_State_reg[0]/Q (DFFRQX2M)            0.36       0.36 r
  U_SYS_CTRL/U59/Y (BUFX2M)                               0.39       0.76 r
  U_SYS_CTRL/U22/Y (INVX2M)                               0.17       0.93 f
  U_SYS_CTRL/U3/Y (NOR2X2M)                               0.30       1.23 r
  U_SYS_CTRL/U65/Y (MX2X2M)                               0.18       1.42 r
  U_SYS_CTRL/U6/Y (MX3X1M)                                0.90       2.32 r
  U_SYS_CTRL/Address[3] (SYS_CTRL)                        0.00       2.32 r
  U_Reg_File/Address[3] (Reg_File)                        0.00       2.32 r
  U_Reg_File/U49/Y (AND2X2M)                              0.24       2.56 r
  U_Reg_File/U18/Y (NOR2BX2M)                             0.27       2.83 r
  U_Reg_File/U28/Y (NAND2X2M)                             0.25       3.07 f
  U_Reg_File/U171/Y (OAI2BB2X1M)                          0.18       3.25 r
  U_Reg_File/mem_reg[14][0]/D (DFFRQX2M)                  0.00       3.25 r
  data arrival time                                                  3.25

  clock REF_CLK (rise edge)                              20.00      20.00
  clock network delay (ideal)                             0.00      20.00
  clock uncertainty                                      -0.20      19.80
  U_Reg_File/mem_reg[14][0]/CK (DFFRQX2M)                 0.00      19.80 r
  library setup time                                     -0.31      19.49
  data required time                                                19.49
  --------------------------------------------------------------------------
  data required time                                                19.49
  data arrival time                                                 -3.25
  --------------------------------------------------------------------------
  slack (MET)                                                       16.24


  Startpoint: U_SYS_CTRL/Current_State_reg[0]
              (rising edge-triggered flip-flop clocked by REF_CLK)
  Endpoint: U_Reg_File/mem_reg[10][7]
            (rising edge-triggered flip-flop clocked by REF_CLK)
  Path Group: REF_CLK
  Path Type: max

  Point                                                   Incr       Path
  --------------------------------------------------------------------------
  clock REF_CLK (rise edge)                               0.00       0.00
  clock network delay (ideal)                             0.00       0.00
  U_SYS_CTRL/Current_State_reg[0]/CK (DFFRQX2M)           0.00       0.00 r
  U_SYS_CTRL/Current_State_reg[0]/Q (DFFRQX2M)            0.36       0.36 r
  U_SYS_CTRL/U59/Y (BUFX2M)                               0.39       0.76 r
  U_SYS_CTRL/U22/Y (INVX2M)                               0.17       0.93 f
  U_SYS_CTRL/U3/Y (NOR2X2M)                               0.30       1.23 r
  U_SYS_CTRL/U65/Y (MX2X2M)                               0.18       1.42 r
  U_SYS_CTRL/U6/Y (MX3X1M)                                0.90       2.32 r
  U_SYS_CTRL/Address[3] (SYS_CTRL)                        0.00       2.32 r
  U_Reg_File/Address[3] (Reg_File)                        0.00       2.32 r
  U_Reg_File/U49/Y (AND2X2M)                              0.24       2.56 r
  U_Reg_File/U18/Y (NOR2BX2M)                             0.27       2.83 r
  U_Reg_File/U23/Y (NAND2X2M)                             0.25       3.07 f
  U_Reg_File/U146/Y (OAI2BB2X1M)                          0.18       3.25 r
  U_Reg_File/mem_reg[10][7]/D (DFFRQX2M)                  0.00       3.25 r
  data arrival time                                                  3.25

  clock REF_CLK (rise edge)                              20.00      20.00
  clock network delay (ideal)                             0.00      20.00
  clock uncertainty                                      -0.20      19.80
  U_Reg_File/mem_reg[10][7]/CK (DFFRQX2M)                 0.00      19.80 r
  library setup time                                     -0.31      19.49
  data required time                                                19.49
  --------------------------------------------------------------------------
  data required time                                                19.49
  data arrival time                                                 -3.25
  --------------------------------------------------------------------------
  slack (MET)                                                       16.24


  Startpoint: U_SYS_CTRL/Current_State_reg[0]
              (rising edge-triggered flip-flop clocked by REF_CLK)
  Endpoint: U_Reg_File/mem_reg[10][6]
            (rising edge-triggered flip-flop clocked by REF_CLK)
  Path Group: REF_CLK
  Path Type: max

  Point                                                   Incr       Path
  --------------------------------------------------------------------------
  clock REF_CLK (rise edge)                               0.00       0.00
  clock network delay (ideal)                             0.00       0.00
  U_SYS_CTRL/Current_State_reg[0]/CK (DFFRQX2M)           0.00       0.00 r
  U_SYS_CTRL/Current_State_reg[0]/Q (DFFRQX2M)            0.36       0.36 r
  U_SYS_CTRL/U59/Y (BUFX2M)                               0.39       0.76 r
  U_SYS_CTRL/U22/Y (INVX2M)                               0.17       0.93 f
  U_SYS_CTRL/U3/Y (NOR2X2M)                               0.30       1.23 r
  U_SYS_CTRL/U65/Y (MX2X2M)                               0.18       1.42 r
  U_SYS_CTRL/U6/Y (MX3X1M)                                0.90       2.32 r
  U_SYS_CTRL/Address[3] (SYS_CTRL)                        0.00       2.32 r
  U_Reg_File/Address[3] (Reg_File)                        0.00       2.32 r
  U_Reg_File/U49/Y (AND2X2M)                              0.24       2.56 r
  U_Reg_File/U18/Y (NOR2BX2M)                             0.27       2.83 r
  U_Reg_File/U23/Y (NAND2X2M)                             0.25       3.07 f
  U_Reg_File/U145/Y (OAI2BB2X1M)                          0.18       3.25 r
  U_Reg_File/mem_reg[10][6]/D (DFFRQX2M)                  0.00       3.25 r
  data arrival time                                                  3.25

  clock REF_CLK (rise edge)                              20.00      20.00
  clock network delay (ideal)                             0.00      20.00
  clock uncertainty                                      -0.20      19.80
  U_Reg_File/mem_reg[10][6]/CK (DFFRQX2M)                 0.00      19.80 r
  library setup time                                     -0.31      19.49
  data required time                                                19.49
  --------------------------------------------------------------------------
  data required time                                                19.49
  data arrival time                                                 -3.25
  --------------------------------------------------------------------------
  slack (MET)                                                       16.24


  Startpoint: U_SYS_CTRL/Current_State_reg[0]
              (rising edge-triggered flip-flop clocked by REF_CLK)
  Endpoint: U_Reg_File/mem_reg[10][5]
            (rising edge-triggered flip-flop clocked by REF_CLK)
  Path Group: REF_CLK
  Path Type: max

  Point                                                   Incr       Path
  --------------------------------------------------------------------------
  clock REF_CLK (rise edge)                               0.00       0.00
  clock network delay (ideal)                             0.00       0.00
  U_SYS_CTRL/Current_State_reg[0]/CK (DFFRQX2M)           0.00       0.00 r
  U_SYS_CTRL/Current_State_reg[0]/Q (DFFRQX2M)            0.36       0.36 r
  U_SYS_CTRL/U59/Y (BUFX2M)                               0.39       0.76 r
  U_SYS_CTRL/U22/Y (INVX2M)                               0.17       0.93 f
  U_SYS_CTRL/U3/Y (NOR2X2M)                               0.30       1.23 r
  U_SYS_CTRL/U65/Y (MX2X2M)                               0.18       1.42 r
  U_SYS_CTRL/U6/Y (MX3X1M)                                0.90       2.32 r
  U_SYS_CTRL/Address[3] (SYS_CTRL)                        0.00       2.32 r
  U_Reg_File/Address[3] (Reg_File)                        0.00       2.32 r
  U_Reg_File/U49/Y (AND2X2M)                              0.24       2.56 r
  U_Reg_File/U18/Y (NOR2BX2M)                             0.27       2.83 r
  U_Reg_File/U23/Y (NAND2X2M)                             0.25       3.07 f
  U_Reg_File/U144/Y (OAI2BB2X1M)                          0.18       3.25 r
  U_Reg_File/mem_reg[10][5]/D (DFFRQX2M)                  0.00       3.25 r
  data arrival time                                                  3.25

  clock REF_CLK (rise edge)                              20.00      20.00
  clock network delay (ideal)                             0.00      20.00
  clock uncertainty                                      -0.20      19.80
  U_Reg_File/mem_reg[10][5]/CK (DFFRQX2M)                 0.00      19.80 r
  library setup time                                     -0.31      19.49
  data required time                                                19.49
  --------------------------------------------------------------------------
  data required time                                                19.49
  data arrival time                                                 -3.25
  --------------------------------------------------------------------------
  slack (MET)                                                       16.24


  Startpoint: U_SYS_CTRL/Current_State_reg[0]
              (rising edge-triggered flip-flop clocked by REF_CLK)
  Endpoint: U_Reg_File/mem_reg[10][4]
            (rising edge-triggered flip-flop clocked by REF_CLK)
  Path Group: REF_CLK
  Path Type: max

  Point                                                   Incr       Path
  --------------------------------------------------------------------------
  clock REF_CLK (rise edge)                               0.00       0.00
  clock network delay (ideal)                             0.00       0.00
  U_SYS_CTRL/Current_State_reg[0]/CK (DFFRQX2M)           0.00       0.00 r
  U_SYS_CTRL/Current_State_reg[0]/Q (DFFRQX2M)            0.36       0.36 r
  U_SYS_CTRL/U59/Y (BUFX2M)                               0.39       0.76 r
  U_SYS_CTRL/U22/Y (INVX2M)                               0.17       0.93 f
  U_SYS_CTRL/U3/Y (NOR2X2M)                               0.30       1.23 r
  U_SYS_CTRL/U65/Y (MX2X2M)                               0.18       1.42 r
  U_SYS_CTRL/U6/Y (MX3X1M)                                0.90       2.32 r
  U_SYS_CTRL/Address[3] (SYS_CTRL)                        0.00       2.32 r
  U_Reg_File/Address[3] (Reg_File)                        0.00       2.32 r
  U_Reg_File/U49/Y (AND2X2M)                              0.24       2.56 r
  U_Reg_File/U18/Y (NOR2BX2M)                             0.27       2.83 r
  U_Reg_File/U23/Y (NAND2X2M)                             0.25       3.07 f
  U_Reg_File/U143/Y (OAI2BB2X1M)                          0.18       3.25 r
  U_Reg_File/mem_reg[10][4]/D (DFFRQX2M)                  0.00       3.25 r
  data arrival time                                                  3.25

  clock REF_CLK (rise edge)                              20.00      20.00
  clock network delay (ideal)                             0.00      20.00
  clock uncertainty                                      -0.20      19.80
  U_Reg_File/mem_reg[10][4]/CK (DFFRQX2M)                 0.00      19.80 r
  library setup time                                     -0.31      19.49
  data required time                                                19.49
  --------------------------------------------------------------------------
  data required time                                                19.49
  data arrival time                                                 -3.25
  --------------------------------------------------------------------------
  slack (MET)                                                       16.24


  Startpoint: U_SYS_CTRL/Current_State_reg[0]
              (rising edge-triggered flip-flop clocked by REF_CLK)
  Endpoint: U_Reg_File/mem_reg[10][3]
            (rising edge-triggered flip-flop clocked by REF_CLK)
  Path Group: REF_CLK
  Path Type: max

  Point                                                   Incr       Path
  --------------------------------------------------------------------------
  clock REF_CLK (rise edge)                               0.00       0.00
  clock network delay (ideal)                             0.00       0.00
  U_SYS_CTRL/Current_State_reg[0]/CK (DFFRQX2M)           0.00       0.00 r
  U_SYS_CTRL/Current_State_reg[0]/Q (DFFRQX2M)            0.36       0.36 r
  U_SYS_CTRL/U59/Y (BUFX2M)                               0.39       0.76 r
  U_SYS_CTRL/U22/Y (INVX2M)                               0.17       0.93 f
  U_SYS_CTRL/U3/Y (NOR2X2M)                               0.30       1.23 r
  U_SYS_CTRL/U65/Y (MX2X2M)                               0.18       1.42 r
  U_SYS_CTRL/U6/Y (MX3X1M)                                0.90       2.32 r
  U_SYS_CTRL/Address[3] (SYS_CTRL)                        0.00       2.32 r
  U_Reg_File/Address[3] (Reg_File)                        0.00       2.32 r
  U_Reg_File/U49/Y (AND2X2M)                              0.24       2.56 r
  U_Reg_File/U18/Y (NOR2BX2M)                             0.27       2.83 r
  U_Reg_File/U23/Y (NAND2X2M)                             0.25       3.07 f
  U_Reg_File/U142/Y (OAI2BB2X1M)                          0.18       3.25 r
  U_Reg_File/mem_reg[10][3]/D (DFFRQX2M)                  0.00       3.25 r
  data arrival time                                                  3.25

  clock REF_CLK (rise edge)                              20.00      20.00
  clock network delay (ideal)                             0.00      20.00
  clock uncertainty                                      -0.20      19.80
  U_Reg_File/mem_reg[10][3]/CK (DFFRQX2M)                 0.00      19.80 r
  library setup time                                     -0.31      19.49
  data required time                                                19.49
  --------------------------------------------------------------------------
  data required time                                                19.49
  data arrival time                                                 -3.25
  --------------------------------------------------------------------------
  slack (MET)                                                       16.24


  Startpoint: U_SYS_CTRL/Current_State_reg[0]
              (rising edge-triggered flip-flop clocked by REF_CLK)
  Endpoint: U_Reg_File/mem_reg[10][2]
            (rising edge-triggered flip-flop clocked by REF_CLK)
  Path Group: REF_CLK
  Path Type: max

  Point                                                   Incr       Path
  --------------------------------------------------------------------------
  clock REF_CLK (rise edge)                               0.00       0.00
  clock network delay (ideal)                             0.00       0.00
  U_SYS_CTRL/Current_State_reg[0]/CK (DFFRQX2M)           0.00       0.00 r
  U_SYS_CTRL/Current_State_reg[0]/Q (DFFRQX2M)            0.36       0.36 r
  U_SYS_CTRL/U59/Y (BUFX2M)                               0.39       0.76 r
  U_SYS_CTRL/U22/Y (INVX2M)                               0.17       0.93 f
  U_SYS_CTRL/U3/Y (NOR2X2M)                               0.30       1.23 r
  U_SYS_CTRL/U65/Y (MX2X2M)                               0.18       1.42 r
  U_SYS_CTRL/U6/Y (MX3X1M)                                0.90       2.32 r
  U_SYS_CTRL/Address[3] (SYS_CTRL)                        0.00       2.32 r
  U_Reg_File/Address[3] (Reg_File)                        0.00       2.32 r
  U_Reg_File/U49/Y (AND2X2M)                              0.24       2.56 r
  U_Reg_File/U18/Y (NOR2BX2M)                             0.27       2.83 r
  U_Reg_File/U23/Y (NAND2X2M)                             0.25       3.07 f
  U_Reg_File/U141/Y (OAI2BB2X1M)                          0.18       3.25 r
  U_Reg_File/mem_reg[10][2]/D (DFFRQX2M)                  0.00       3.25 r
  data arrival time                                                  3.25

  clock REF_CLK (rise edge)                              20.00      20.00
  clock network delay (ideal)                             0.00      20.00
  clock uncertainty                                      -0.20      19.80
  U_Reg_File/mem_reg[10][2]/CK (DFFRQX2M)                 0.00      19.80 r
  library setup time                                     -0.31      19.49
  data required time                                                19.49
  --------------------------------------------------------------------------
  data required time                                                19.49
  data arrival time                                                 -3.25
  --------------------------------------------------------------------------
  slack (MET)                                                       16.24


  Startpoint: U_SYS_CTRL/Current_State_reg[0]
              (rising edge-triggered flip-flop clocked by REF_CLK)
  Endpoint: U_Reg_File/mem_reg[10][1]
            (rising edge-triggered flip-flop clocked by REF_CLK)
  Path Group: REF_CLK
  Path Type: max

  Point                                                   Incr       Path
  --------------------------------------------------------------------------
  clock REF_CLK (rise edge)                               0.00       0.00
  clock network delay (ideal)                             0.00       0.00
  U_SYS_CTRL/Current_State_reg[0]/CK (DFFRQX2M)           0.00       0.00 r
  U_SYS_CTRL/Current_State_reg[0]/Q (DFFRQX2M)            0.36       0.36 r
  U_SYS_CTRL/U59/Y (BUFX2M)                               0.39       0.76 r
  U_SYS_CTRL/U22/Y (INVX2M)                               0.17       0.93 f
  U_SYS_CTRL/U3/Y (NOR2X2M)                               0.30       1.23 r
  U_SYS_CTRL/U65/Y (MX2X2M)                               0.18       1.42 r
  U_SYS_CTRL/U6/Y (MX3X1M)                                0.90       2.32 r
  U_SYS_CTRL/Address[3] (SYS_CTRL)                        0.00       2.32 r
  U_Reg_File/Address[3] (Reg_File)                        0.00       2.32 r
  U_Reg_File/U49/Y (AND2X2M)                              0.24       2.56 r
  U_Reg_File/U18/Y (NOR2BX2M)                             0.27       2.83 r
  U_Reg_File/U23/Y (NAND2X2M)                             0.25       3.07 f
  U_Reg_File/U140/Y (OAI2BB2X1M)                          0.18       3.25 r
  U_Reg_File/mem_reg[10][1]/D (DFFRQX2M)                  0.00       3.25 r
  data arrival time                                                  3.25

  clock REF_CLK (rise edge)                              20.00      20.00
  clock network delay (ideal)                             0.00      20.00
  clock uncertainty                                      -0.20      19.80
  U_Reg_File/mem_reg[10][1]/CK (DFFRQX2M)                 0.00      19.80 r
  library setup time                                     -0.31      19.49
  data required time                                                19.49
  --------------------------------------------------------------------------
  data required time                                                19.49
  data arrival time                                                 -3.25
  --------------------------------------------------------------------------
  slack (MET)                                                       16.24


  Startpoint: U_SYS_CTRL/Current_State_reg[0]
              (rising edge-triggered flip-flop clocked by REF_CLK)
  Endpoint: U_Reg_File/mem_reg[10][0]
            (rising edge-triggered flip-flop clocked by REF_CLK)
  Path Group: REF_CLK
  Path Type: max

  Point                                                   Incr       Path
  --------------------------------------------------------------------------
  clock REF_CLK (rise edge)                               0.00       0.00
  clock network delay (ideal)                             0.00       0.00
  U_SYS_CTRL/Current_State_reg[0]/CK (DFFRQX2M)           0.00       0.00 r
  U_SYS_CTRL/Current_State_reg[0]/Q (DFFRQX2M)            0.36       0.36 r
  U_SYS_CTRL/U59/Y (BUFX2M)                               0.39       0.76 r
  U_SYS_CTRL/U22/Y (INVX2M)                               0.17       0.93 f
  U_SYS_CTRL/U3/Y (NOR2X2M)                               0.30       1.23 r
  U_SYS_CTRL/U65/Y (MX2X2M)                               0.18       1.42 r
  U_SYS_CTRL/U6/Y (MX3X1M)                                0.90       2.32 r
  U_SYS_CTRL/Address[3] (SYS_CTRL)                        0.00       2.32 r
  U_Reg_File/Address[3] (Reg_File)                        0.00       2.32 r
  U_Reg_File/U49/Y (AND2X2M)                              0.24       2.56 r
  U_Reg_File/U18/Y (NOR2BX2M)                             0.27       2.83 r
  U_Reg_File/U23/Y (NAND2X2M)                             0.25       3.07 f
  U_Reg_File/U139/Y (OAI2BB2X1M)                          0.18       3.25 r
  U_Reg_File/mem_reg[10][0]/D (DFFRQX2M)                  0.00       3.25 r
  data arrival time                                                  3.25

  clock REF_CLK (rise edge)                              20.00      20.00
  clock network delay (ideal)                             0.00      20.00
  clock uncertainty                                      -0.20      19.80
  U_Reg_File/mem_reg[10][0]/CK (DFFRQX2M)                 0.00      19.80 r
  library setup time                                     -0.31      19.49
  data required time                                                19.49
  --------------------------------------------------------------------------
  data required time                                                19.49
  data arrival time                                                 -3.25
  --------------------------------------------------------------------------
  slack (MET)                                                       16.24


  Startpoint: U_SYS_CTRL/Current_State_reg[0]
              (rising edge-triggered flip-flop clocked by REF_CLK)
  Endpoint: U_Reg_File/mem_reg[15][0]
            (rising edge-triggered flip-flop clocked by REF_CLK)
  Path Group: REF_CLK
  Path Type: max

  Point                                                   Incr       Path
  --------------------------------------------------------------------------
  clock REF_CLK (rise edge)                               0.00       0.00
  clock network delay (ideal)                             0.00       0.00
  U_SYS_CTRL/Current_State_reg[0]/CK (DFFRQX2M)           0.00       0.00 r
  U_SYS_CTRL/Current_State_reg[0]/Q (DFFRQX2M)            0.36       0.36 r
  U_SYS_CTRL/U59/Y (BUFX2M)                               0.39       0.76 r
  U_SYS_CTRL/U22/Y (INVX2M)                               0.17       0.93 f
  U_SYS_CTRL/U3/Y (NOR2X2M)                               0.30       1.23 r
  U_SYS_CTRL/U65/Y (MX2X2M)                               0.18       1.42 r
  U_SYS_CTRL/U6/Y (MX3X1M)                                0.90       2.32 r
  U_SYS_CTRL/Address[3] (SYS_CTRL)                        0.00       2.32 r
  U_Reg_File/Address[3] (Reg_File)                        0.00       2.32 r
  U_Reg_File/U49/Y (AND2X2M)                              0.24       2.56 r
  U_Reg_File/U19/Y (NOR2BX2M)                             0.27       2.83 r
  U_Reg_File/U29/Y (NAND2X2M)                             0.25       3.07 f
  U_Reg_File/U179/Y (OAI2BB2X1M)                          0.18       3.25 r
  U_Reg_File/mem_reg[15][0]/D (DFFRQX2M)                  0.00       3.25 r
  data arrival time                                                  3.25

  clock REF_CLK (rise edge)                              20.00      20.00
  clock network delay (ideal)                             0.00      20.00
  clock uncertainty                                      -0.20      19.80
  U_Reg_File/mem_reg[15][0]/CK (DFFRQX2M)                 0.00      19.80 r
  library setup time                                     -0.31      19.49
  data required time                                                19.49
  --------------------------------------------------------------------------
  data required time                                                19.49
  data arrival time                                                 -3.25
  --------------------------------------------------------------------------
  slack (MET)                                                       16.24


  Startpoint: U_SYS_CTRL/Current_State_reg[0]
              (rising edge-triggered flip-flop clocked by REF_CLK)
  Endpoint: U_Reg_File/mem_reg[11][7]
            (rising edge-triggered flip-flop clocked by REF_CLK)
  Path Group: REF_CLK
  Path Type: max

  Point                                                   Incr       Path
  --------------------------------------------------------------------------
  clock REF_CLK (rise edge)                               0.00       0.00
  clock network delay (ideal)                             0.00       0.00
  U_SYS_CTRL/Current_State_reg[0]/CK (DFFRQX2M)           0.00       0.00 r
  U_SYS_CTRL/Current_State_reg[0]/Q (DFFRQX2M)            0.36       0.36 r
  U_SYS_CTRL/U59/Y (BUFX2M)                               0.39       0.76 r
  U_SYS_CTRL/U22/Y (INVX2M)                               0.17       0.93 f
  U_SYS_CTRL/U3/Y (NOR2X2M)                               0.30       1.23 r
  U_SYS_CTRL/U65/Y (MX2X2M)                               0.18       1.42 r
  U_SYS_CTRL/U6/Y (MX3X1M)                                0.90       2.32 r
  U_SYS_CTRL/Address[3] (SYS_CTRL)                        0.00       2.32 r
  U_Reg_File/Address[3] (Reg_File)                        0.00       2.32 r
  U_Reg_File/U49/Y (AND2X2M)                              0.24       2.56 r
  U_Reg_File/U19/Y (NOR2BX2M)                             0.27       2.83 r
  U_Reg_File/U24/Y (NAND2X2M)                             0.25       3.07 f
  U_Reg_File/U154/Y (OAI2BB2X1M)                          0.18       3.25 r
  U_Reg_File/mem_reg[11][7]/D (DFFRQX2M)                  0.00       3.25 r
  data arrival time                                                  3.25

  clock REF_CLK (rise edge)                              20.00      20.00
  clock network delay (ideal)                             0.00      20.00
  clock uncertainty                                      -0.20      19.80
  U_Reg_File/mem_reg[11][7]/CK (DFFRQX2M)                 0.00      19.80 r
  library setup time                                     -0.31      19.49
  data required time                                                19.49
  --------------------------------------------------------------------------
  data required time                                                19.49
  data arrival time                                                 -3.25
  --------------------------------------------------------------------------
  slack (MET)                                                       16.24


  Startpoint: U_SYS_CTRL/Current_State_reg[0]
              (rising edge-triggered flip-flop clocked by REF_CLK)
  Endpoint: U_Reg_File/mem_reg[11][6]
            (rising edge-triggered flip-flop clocked by REF_CLK)
  Path Group: REF_CLK
  Path Type: max

  Point                                                   Incr       Path
  --------------------------------------------------------------------------
  clock REF_CLK (rise edge)                               0.00       0.00
  clock network delay (ideal)                             0.00       0.00
  U_SYS_CTRL/Current_State_reg[0]/CK (DFFRQX2M)           0.00       0.00 r
  U_SYS_CTRL/Current_State_reg[0]/Q (DFFRQX2M)            0.36       0.36 r
  U_SYS_CTRL/U59/Y (BUFX2M)                               0.39       0.76 r
  U_SYS_CTRL/U22/Y (INVX2M)                               0.17       0.93 f
  U_SYS_CTRL/U3/Y (NOR2X2M)                               0.30       1.23 r
  U_SYS_CTRL/U65/Y (MX2X2M)                               0.18       1.42 r
  U_SYS_CTRL/U6/Y (MX3X1M)                                0.90       2.32 r
  U_SYS_CTRL/Address[3] (SYS_CTRL)                        0.00       2.32 r
  U_Reg_File/Address[3] (Reg_File)                        0.00       2.32 r
  U_Reg_File/U49/Y (AND2X2M)                              0.24       2.56 r
  U_Reg_File/U19/Y (NOR2BX2M)                             0.27       2.83 r
  U_Reg_File/U24/Y (NAND2X2M)                             0.25       3.07 f
  U_Reg_File/U153/Y (OAI2BB2X1M)                          0.18       3.25 r
  U_Reg_File/mem_reg[11][6]/D (DFFRQX2M)                  0.00       3.25 r
  data arrival time                                                  3.25

  clock REF_CLK (rise edge)                              20.00      20.00
  clock network delay (ideal)                             0.00      20.00
  clock uncertainty                                      -0.20      19.80
  U_Reg_File/mem_reg[11][6]/CK (DFFRQX2M)                 0.00      19.80 r
  library setup time                                     -0.31      19.49
  data required time                                                19.49
  --------------------------------------------------------------------------
  data required time                                                19.49
  data arrival time                                                 -3.25
  --------------------------------------------------------------------------
  slack (MET)                                                       16.24


  Startpoint: U_SYS_CTRL/Current_State_reg[0]
              (rising edge-triggered flip-flop clocked by REF_CLK)
  Endpoint: U_Reg_File/mem_reg[11][5]
            (rising edge-triggered flip-flop clocked by REF_CLK)
  Path Group: REF_CLK
  Path Type: max

  Point                                                   Incr       Path
  --------------------------------------------------------------------------
  clock REF_CLK (rise edge)                               0.00       0.00
  clock network delay (ideal)                             0.00       0.00
  U_SYS_CTRL/Current_State_reg[0]/CK (DFFRQX2M)           0.00       0.00 r
  U_SYS_CTRL/Current_State_reg[0]/Q (DFFRQX2M)            0.36       0.36 r
  U_SYS_CTRL/U59/Y (BUFX2M)                               0.39       0.76 r
  U_SYS_CTRL/U22/Y (INVX2M)                               0.17       0.93 f
  U_SYS_CTRL/U3/Y (NOR2X2M)                               0.30       1.23 r
  U_SYS_CTRL/U65/Y (MX2X2M)                               0.18       1.42 r
  U_SYS_CTRL/U6/Y (MX3X1M)                                0.90       2.32 r
  U_SYS_CTRL/Address[3] (SYS_CTRL)                        0.00       2.32 r
  U_Reg_File/Address[3] (Reg_File)                        0.00       2.32 r
  U_Reg_File/U49/Y (AND2X2M)                              0.24       2.56 r
  U_Reg_File/U19/Y (NOR2BX2M)                             0.27       2.83 r
  U_Reg_File/U24/Y (NAND2X2M)                             0.25       3.07 f
  U_Reg_File/U152/Y (OAI2BB2X1M)                          0.18       3.25 r
  U_Reg_File/mem_reg[11][5]/D (DFFRQX2M)                  0.00       3.25 r
  data arrival time                                                  3.25

  clock REF_CLK (rise edge)                              20.00      20.00
  clock network delay (ideal)                             0.00      20.00
  clock uncertainty                                      -0.20      19.80
  U_Reg_File/mem_reg[11][5]/CK (DFFRQX2M)                 0.00      19.80 r
  library setup time                                     -0.31      19.49
  data required time                                                19.49
  --------------------------------------------------------------------------
  data required time                                                19.49
  data arrival time                                                 -3.25
  --------------------------------------------------------------------------
  slack (MET)                                                       16.24


  Startpoint: U_SYS_CTRL/Current_State_reg[0]
              (rising edge-triggered flip-flop clocked by REF_CLK)
  Endpoint: U_Reg_File/mem_reg[11][4]
            (rising edge-triggered flip-flop clocked by REF_CLK)
  Path Group: REF_CLK
  Path Type: max

  Point                                                   Incr       Path
  --------------------------------------------------------------------------
  clock REF_CLK (rise edge)                               0.00       0.00
  clock network delay (ideal)                             0.00       0.00
  U_SYS_CTRL/Current_State_reg[0]/CK (DFFRQX2M)           0.00       0.00 r
  U_SYS_CTRL/Current_State_reg[0]/Q (DFFRQX2M)            0.36       0.36 r
  U_SYS_CTRL/U59/Y (BUFX2M)                               0.39       0.76 r
  U_SYS_CTRL/U22/Y (INVX2M)                               0.17       0.93 f
  U_SYS_CTRL/U3/Y (NOR2X2M)                               0.30       1.23 r
  U_SYS_CTRL/U65/Y (MX2X2M)                               0.18       1.42 r
  U_SYS_CTRL/U6/Y (MX3X1M)                                0.90       2.32 r
  U_SYS_CTRL/Address[3] (SYS_CTRL)                        0.00       2.32 r
  U_Reg_File/Address[3] (Reg_File)                        0.00       2.32 r
  U_Reg_File/U49/Y (AND2X2M)                              0.24       2.56 r
  U_Reg_File/U19/Y (NOR2BX2M)                             0.27       2.83 r
  U_Reg_File/U24/Y (NAND2X2M)                             0.25       3.07 f
  U_Reg_File/U151/Y (OAI2BB2X1M)                          0.18       3.25 r
  U_Reg_File/mem_reg[11][4]/D (DFFRQX2M)                  0.00       3.25 r
  data arrival time                                                  3.25

  clock REF_CLK (rise edge)                              20.00      20.00
  clock network delay (ideal)                             0.00      20.00
  clock uncertainty                                      -0.20      19.80
  U_Reg_File/mem_reg[11][4]/CK (DFFRQX2M)                 0.00      19.80 r
  library setup time                                     -0.31      19.49
  data required time                                                19.49
  --------------------------------------------------------------------------
  data required time                                                19.49
  data arrival time                                                 -3.25
  --------------------------------------------------------------------------
  slack (MET)                                                       16.24


  Startpoint: U_SYS_CTRL/Current_State_reg[0]
              (rising edge-triggered flip-flop clocked by REF_CLK)
  Endpoint: U_Reg_File/mem_reg[11][3]
            (rising edge-triggered flip-flop clocked by REF_CLK)
  Path Group: REF_CLK
  Path Type: max

  Point                                                   Incr       Path
  --------------------------------------------------------------------------
  clock REF_CLK (rise edge)                               0.00       0.00
  clock network delay (ideal)                             0.00       0.00
  U_SYS_CTRL/Current_State_reg[0]/CK (DFFRQX2M)           0.00       0.00 r
  U_SYS_CTRL/Current_State_reg[0]/Q (DFFRQX2M)            0.36       0.36 r
  U_SYS_CTRL/U59/Y (BUFX2M)                               0.39       0.76 r
  U_SYS_CTRL/U22/Y (INVX2M)                               0.17       0.93 f
  U_SYS_CTRL/U3/Y (NOR2X2M)                               0.30       1.23 r
  U_SYS_CTRL/U65/Y (MX2X2M)                               0.18       1.42 r
  U_SYS_CTRL/U6/Y (MX3X1M)                                0.90       2.32 r
  U_SYS_CTRL/Address[3] (SYS_CTRL)                        0.00       2.32 r
  U_Reg_File/Address[3] (Reg_File)                        0.00       2.32 r
  U_Reg_File/U49/Y (AND2X2M)                              0.24       2.56 r
  U_Reg_File/U19/Y (NOR2BX2M)                             0.27       2.83 r
  U_Reg_File/U24/Y (NAND2X2M)                             0.25       3.07 f
  U_Reg_File/U150/Y (OAI2BB2X1M)                          0.18       3.25 r
  U_Reg_File/mem_reg[11][3]/D (DFFRQX2M)                  0.00       3.25 r
  data arrival time                                                  3.25

  clock REF_CLK (rise edge)                              20.00      20.00
  clock network delay (ideal)                             0.00      20.00
  clock uncertainty                                      -0.20      19.80
  U_Reg_File/mem_reg[11][3]/CK (DFFRQX2M)                 0.00      19.80 r
  library setup time                                     -0.31      19.49
  data required time                                                19.49
  --------------------------------------------------------------------------
  data required time                                                19.49
  data arrival time                                                 -3.25
  --------------------------------------------------------------------------
  slack (MET)                                                       16.24


  Startpoint: U_SYS_CTRL/Current_State_reg[0]
              (rising edge-triggered flip-flop clocked by REF_CLK)
  Endpoint: U_Reg_File/mem_reg[11][2]
            (rising edge-triggered flip-flop clocked by REF_CLK)
  Path Group: REF_CLK
  Path Type: max

  Point                                                   Incr       Path
  --------------------------------------------------------------------------
  clock REF_CLK (rise edge)                               0.00       0.00
  clock network delay (ideal)                             0.00       0.00
  U_SYS_CTRL/Current_State_reg[0]/CK (DFFRQX2M)           0.00       0.00 r
  U_SYS_CTRL/Current_State_reg[0]/Q (DFFRQX2M)            0.36       0.36 r
  U_SYS_CTRL/U59/Y (BUFX2M)                               0.39       0.76 r
  U_SYS_CTRL/U22/Y (INVX2M)                               0.17       0.93 f
  U_SYS_CTRL/U3/Y (NOR2X2M)                               0.30       1.23 r
  U_SYS_CTRL/U65/Y (MX2X2M)                               0.18       1.42 r
  U_SYS_CTRL/U6/Y (MX3X1M)                                0.90       2.32 r
  U_SYS_CTRL/Address[3] (SYS_CTRL)                        0.00       2.32 r
  U_Reg_File/Address[3] (Reg_File)                        0.00       2.32 r
  U_Reg_File/U49/Y (AND2X2M)                              0.24       2.56 r
  U_Reg_File/U19/Y (NOR2BX2M)                             0.27       2.83 r
  U_Reg_File/U24/Y (NAND2X2M)                             0.25       3.07 f
  U_Reg_File/U149/Y (OAI2BB2X1M)                          0.18       3.25 r
  U_Reg_File/mem_reg[11][2]/D (DFFRQX2M)                  0.00       3.25 r
  data arrival time                                                  3.25

  clock REF_CLK (rise edge)                              20.00      20.00
  clock network delay (ideal)                             0.00      20.00
  clock uncertainty                                      -0.20      19.80
  U_Reg_File/mem_reg[11][2]/CK (DFFRQX2M)                 0.00      19.80 r
  library setup time                                     -0.31      19.49
  data required time                                                19.49
  --------------------------------------------------------------------------
  data required time                                                19.49
  data arrival time                                                 -3.25
  --------------------------------------------------------------------------
  slack (MET)                                                       16.24


  Startpoint: U_SYS_CTRL/Current_State_reg[0]
              (rising edge-triggered flip-flop clocked by REF_CLK)
  Endpoint: U_Reg_File/mem_reg[11][1]
            (rising edge-triggered flip-flop clocked by REF_CLK)
  Path Group: REF_CLK
  Path Type: max

  Point                                                   Incr       Path
  --------------------------------------------------------------------------
  clock REF_CLK (rise edge)                               0.00       0.00
  clock network delay (ideal)                             0.00       0.00
  U_SYS_CTRL/Current_State_reg[0]/CK (DFFRQX2M)           0.00       0.00 r
  U_SYS_CTRL/Current_State_reg[0]/Q (DFFRQX2M)            0.36       0.36 r
  U_SYS_CTRL/U59/Y (BUFX2M)                               0.39       0.76 r
  U_SYS_CTRL/U22/Y (INVX2M)                               0.17       0.93 f
  U_SYS_CTRL/U3/Y (NOR2X2M)                               0.30       1.23 r
  U_SYS_CTRL/U65/Y (MX2X2M)                               0.18       1.42 r
  U_SYS_CTRL/U6/Y (MX3X1M)                                0.90       2.32 r
  U_SYS_CTRL/Address[3] (SYS_CTRL)                        0.00       2.32 r
  U_Reg_File/Address[3] (Reg_File)                        0.00       2.32 r
  U_Reg_File/U49/Y (AND2X2M)                              0.24       2.56 r
  U_Reg_File/U19/Y (NOR2BX2M)                             0.27       2.83 r
  U_Reg_File/U24/Y (NAND2X2M)                             0.25       3.07 f
  U_Reg_File/U148/Y (OAI2BB2X1M)                          0.18       3.25 r
  U_Reg_File/mem_reg[11][1]/D (DFFRQX2M)                  0.00       3.25 r
  data arrival time                                                  3.25

  clock REF_CLK (rise edge)                              20.00      20.00
  clock network delay (ideal)                             0.00      20.00
  clock uncertainty                                      -0.20      19.80
  U_Reg_File/mem_reg[11][1]/CK (DFFRQX2M)                 0.00      19.80 r
  library setup time                                     -0.31      19.49
  data required time                                                19.49
  --------------------------------------------------------------------------
  data required time                                                19.49
  data arrival time                                                 -3.25
  --------------------------------------------------------------------------
  slack (MET)                                                       16.24


  Startpoint: U_SYS_CTRL/Current_State_reg[0]
              (rising edge-triggered flip-flop clocked by REF_CLK)
  Endpoint: U_Reg_File/mem_reg[11][0]
            (rising edge-triggered flip-flop clocked by REF_CLK)
  Path Group: REF_CLK
  Path Type: max

  Point                                                   Incr       Path
  --------------------------------------------------------------------------
  clock REF_CLK (rise edge)                               0.00       0.00
  clock network delay (ideal)                             0.00       0.00
  U_SYS_CTRL/Current_State_reg[0]/CK (DFFRQX2M)           0.00       0.00 r
  U_SYS_CTRL/Current_State_reg[0]/Q (DFFRQX2M)            0.36       0.36 r
  U_SYS_CTRL/U59/Y (BUFX2M)                               0.39       0.76 r
  U_SYS_CTRL/U22/Y (INVX2M)                               0.17       0.93 f
  U_SYS_CTRL/U3/Y (NOR2X2M)                               0.30       1.23 r
  U_SYS_CTRL/U65/Y (MX2X2M)                               0.18       1.42 r
  U_SYS_CTRL/U6/Y (MX3X1M)                                0.90       2.32 r
  U_SYS_CTRL/Address[3] (SYS_CTRL)                        0.00       2.32 r
  U_Reg_File/Address[3] (Reg_File)                        0.00       2.32 r
  U_Reg_File/U49/Y (AND2X2M)                              0.24       2.56 r
  U_Reg_File/U19/Y (NOR2BX2M)                             0.27       2.83 r
  U_Reg_File/U24/Y (NAND2X2M)                             0.25       3.07 f
  U_Reg_File/U147/Y (OAI2BB2X1M)                          0.18       3.25 r
  U_Reg_File/mem_reg[11][0]/D (DFFRQX2M)                  0.00       3.25 r
  data arrival time                                                  3.25

  clock REF_CLK (rise edge)                              20.00      20.00
  clock network delay (ideal)                             0.00      20.00
  clock uncertainty                                      -0.20      19.80
  U_Reg_File/mem_reg[11][0]/CK (DFFRQX2M)                 0.00      19.80 r
  library setup time                                     -0.31      19.49
  data required time                                                19.49
  --------------------------------------------------------------------------
  data required time                                                19.49
  data arrival time                                                 -3.25
  --------------------------------------------------------------------------
  slack (MET)                                                       16.24


  Startpoint: U_UART_RX/U0_parity_check/Par_err_reg
              (rising edge-triggered flip-flop clocked by RX_CLK)
  Endpoint: parity_error
            (output port clocked by RX_CLK)
  Path Group: REGOUT
  Path Type: max

  Point                                                   Incr       Path
  --------------------------------------------------------------------------
  clock RX_CLK (rise edge)                                0.00       0.00
  clock network delay (ideal)                             0.00       0.00
  U_UART_RX/U0_parity_check/Par_err_reg/CK (DFFRQX2M)     0.00       0.00 r
  U_UART_RX/U0_parity_check/Par_err_reg/Q (DFFRQX2M)      0.91       0.91 r
  U_UART_RX/U0_parity_check/Par_err (Parity_Check)        0.00       0.91 r
  U_UART_RX/Parity_Error (UART_RX)                        0.00       0.91 r
  parity_error (out)                                      0.00       0.91 r
  data arrival time                                                  0.91

  clock RX_CLK (rise edge)                              271.30     271.30
  clock network delay (ideal)                             0.00     271.30
  clock uncertainty                                      -0.20     271.10
  output external delay                                 -54.25     216.84
  data required time                                               216.84
  --------------------------------------------------------------------------
  data required time                                               216.84
  data arrival time                                                 -0.91
  --------------------------------------------------------------------------
  slack (MET)                                                      215.94


  Startpoint: U_UART_RX/U0_stop_check/Stp_err_reg
              (rising edge-triggered flip-flop clocked by RX_CLK)
  Endpoint: framing_error
            (output port clocked by RX_CLK)
  Path Group: REGOUT
  Path Type: max

  Point                                                   Incr       Path
  --------------------------------------------------------------------------
  clock RX_CLK (rise edge)                                0.00       0.00
  clock network delay (ideal)                             0.00       0.00
  U_UART_RX/U0_stop_check/Stp_err_reg/CK (DFFRQX2M)       0.00       0.00 r
  U_UART_RX/U0_stop_check/Stp_err_reg/Q (DFFRQX2M)        0.89       0.89 r
  U_UART_RX/U0_stop_check/Stp_err (Stop_Check)            0.00       0.89 r
  U_UART_RX/Stop_Error (UART_RX)                          0.00       0.89 r
  framing_error (out)                                     0.00       0.89 r
  data arrival time                                                  0.89

  clock RX_CLK (rise edge)                              271.30     271.30
  clock network delay (ideal)                             0.00     271.30
  clock uncertainty                                      -0.20     271.10
  output external delay                                 -54.25     216.84
  data required time                                               216.84
  --------------------------------------------------------------------------
  data required time                                               216.84
  data arrival time                                                 -0.89
  --------------------------------------------------------------------------
  slack (MET)                                                      215.95


  Startpoint: U_UART_TX/fsm/Current_State_reg[1]
              (rising edge-triggered flip-flop clocked by TX_CLK)
  Endpoint: UART_TX_O (output port clocked by TX_CLK)
  Path Group: REGOUT
  Path Type: max

  Point                                                   Incr       Path
  --------------------------------------------------------------------------
  clock TX_CLK (rise edge)                                0.00       0.00
  clock network delay (ideal)                             0.00       0.00
  U_UART_TX/fsm/Current_State_reg[1]/CK (DFFRQX2M)        0.00       0.00 r
  U_UART_TX/fsm/Current_State_reg[1]/Q (DFFRQX2M)         0.50       0.50 f
  U_UART_TX/fsm/U9/Y (NAND2X2M)                           0.13       0.63 r
  U_UART_TX/fsm/U11/Y (NOR2X2M)                           0.07       0.70 f
  U_UART_TX/fsm/U12/Y (NAND2BX2M)                         0.17       0.86 f
  U_UART_TX/fsm/mux_sel[1] (TX_FSM)                       0.00       0.86 f
  U_UART_TX/mux/mux_sel[1] (MUX)                          0.00       0.86 f
  U_UART_TX/mux/U5/Y (NOR2BX2M)                           0.16       1.02 f
  U_UART_TX/mux/U3/Y (OAI21X4M)                           0.69       1.71 r
  U_UART_TX/mux/TX_OUT (MUX)                              0.00       1.71 r
  U_UART_TX/TX_OUT (UART_TX)                              0.00       1.71 r
  UART_TX_O (out)                                         0.00       1.71 r
  data arrival time                                                  1.71

  clock TX_CLK (rise edge)                             8681.47    8681.47
  clock network delay (ideal)                             0.00    8681.47
  clock uncertainty                                      -0.20    8681.27
  output external delay                               -1736.06    6945.21
  data required time                                              6945.21
  --------------------------------------------------------------------------
  data required time                                              6945.21
  data arrival time                                                 -1.71
  --------------------------------------------------------------------------
  slack (MET)                                                     6943.50


  Startpoint: U_UART_RX/U0_edge_bit_counter/Edge_cnt_reg[4]
              (rising edge-triggered flip-flop clocked by RX_CLK)
  Endpoint: U_UART_RX/U0_edge_bit_counter/Bit_cnt_reg[2]
            (rising edge-triggered flip-flop clocked by RX_CLK)
  Path Group: RX_CLK
  Path Type: max

  Point                                                   Incr       Path
  --------------------------------------------------------------------------
  clock RX_CLK (rise edge)                                0.00       0.00
  clock network delay (ideal)                             0.00       0.00
  U_UART_RX/U0_edge_bit_counter/Edge_cnt_reg[4]/CK (DFFRQX2M)
                                                          0.00       0.00 r
  U_UART_RX/U0_edge_bit_counter/Edge_cnt_reg[4]/Q (DFFRQX2M)
                                                          0.54       0.54 f
  U_UART_RX/U0_edge_bit_counter/U30/Y (NOR4BX1M)          0.31       0.84 r
  U_UART_RX/U0_edge_bit_counter/U40/Y (AND2X2M)           0.21       1.05 r
  U_UART_RX/U0_edge_bit_counter/U14/Y (NAND2X2M)          0.09       1.14 f
  U_UART_RX/U0_edge_bit_counter/U9/Y (AOI33X2M)           0.26       1.40 r
  U_UART_RX/U0_edge_bit_counter/U7/Y (OAI31X1M)           0.18       1.58 f
  U_UART_RX/U0_edge_bit_counter/U12/Y (AOI211X2M)         0.23       1.81 r
  U_UART_RX/U0_edge_bit_counter/U10/Y (OAI211X2M)         0.17       1.99 f
  U_UART_RX/U0_edge_bit_counter/U6/Y (INVX2M)             0.10       2.09 r
  U_UART_RX/U0_edge_bit_counter/U29/Y (AOI21X2M)          0.05       2.14 f
  U_UART_RX/U0_edge_bit_counter/U28/Y (OAI32X1M)          0.10       2.24 r
  U_UART_RX/U0_edge_bit_counter/Bit_cnt_reg[2]/D (DFFRQX2M)
                                                          0.00       2.24 r
  data arrival time                                                  2.24

  clock RX_CLK (rise edge)                              271.30     271.30
  clock network delay (ideal)                             0.00     271.30
  clock uncertainty                                      -0.20     271.10
  U_UART_RX/U0_edge_bit_counter/Bit_cnt_reg[2]/CK (DFFRQX2M)
                                                          0.00     271.10 r
  library setup time                                     -0.35     270.75
  data required time                                               270.75
  --------------------------------------------------------------------------
  data required time                                               270.75
  data arrival time                                                 -2.24
  --------------------------------------------------------------------------
  slack (MET)                                                      268.51


  Startpoint: U_UART_RX/U0_edge_bit_counter/Edge_cnt_reg[4]
              (rising edge-triggered flip-flop clocked by RX_CLK)
  Endpoint: U_UART_RX/U0_edge_bit_counter/Bit_cnt_reg[1]
            (rising edge-triggered flip-flop clocked by RX_CLK)
  Path Group: RX_CLK
  Path Type: max

  Point                                                   Incr       Path
  --------------------------------------------------------------------------
  clock RX_CLK (rise edge)                                0.00       0.00
  clock network delay (ideal)                             0.00       0.00
  U_UART_RX/U0_edge_bit_counter/Edge_cnt_reg[4]/CK (DFFRQX2M)
                                                          0.00       0.00 r
  U_UART_RX/U0_edge_bit_counter/Edge_cnt_reg[4]/Q (DFFRQX2M)
                                                          0.54       0.54 f
  U_UART_RX/U0_edge_bit_counter/U30/Y (NOR4BX1M)          0.31       0.84 r
  U_UART_RX/U0_edge_bit_counter/U40/Y (AND2X2M)           0.21       1.05 r
  U_UART_RX/U0_edge_bit_counter/U14/Y (NAND2X2M)          0.09       1.14 f
  U_UART_RX/U0_edge_bit_counter/U9/Y (AOI33X2M)           0.26       1.40 r
  U_UART_RX/U0_edge_bit_counter/U7/Y (OAI31X1M)           0.18       1.58 f
  U_UART_RX/U0_edge_bit_counter/U12/Y (AOI211X2M)         0.23       1.81 r
  U_UART_RX/U0_edge_bit_counter/U10/Y (OAI211X2M)         0.17       1.99 f
  U_UART_RX/U0_edge_bit_counter/U6/Y (INVX2M)             0.10       2.09 r
  U_UART_RX/U0_edge_bit_counter/U27/Y (AOI21X2M)          0.05       2.14 f
  U_UART_RX/U0_edge_bit_counter/U26/Y (OAI32X1M)          0.10       2.24 r
  U_UART_RX/U0_edge_bit_counter/Bit_cnt_reg[1]/D (DFFRQX2M)
                                                          0.00       2.24 r
  data arrival time                                                  2.24

  clock RX_CLK (rise edge)                              271.30     271.30
  clock network delay (ideal)                             0.00     271.30
  clock uncertainty                                      -0.20     271.10
  U_UART_RX/U0_edge_bit_counter/Bit_cnt_reg[1]/CK (DFFRQX2M)
                                                          0.00     271.10 r
  library setup time                                     -0.35     270.75
  data required time                                               270.75
  --------------------------------------------------------------------------
  data required time                                               270.75
  data arrival time                                                 -2.24
  --------------------------------------------------------------------------
  slack (MET)                                                      268.51


  Startpoint: U_UART_RX/U0_edge_bit_counter/Edge_cnt_reg[4]
              (rising edge-triggered flip-flop clocked by RX_CLK)
  Endpoint: U_UART_RX/U0_edge_bit_counter/Bit_cnt_reg[3]
            (rising edge-triggered flip-flop clocked by RX_CLK)
  Path Group: RX_CLK
  Path Type: max

  Point                                                   Incr       Path
  --------------------------------------------------------------------------
  clock RX_CLK (rise edge)                                0.00       0.00
  clock network delay (ideal)                             0.00       0.00
  U_UART_RX/U0_edge_bit_counter/Edge_cnt_reg[4]/CK (DFFRQX2M)
                                                          0.00       0.00 r
  U_UART_RX/U0_edge_bit_counter/Edge_cnt_reg[4]/Q (DFFRQX2M)
                                                          0.54       0.54 f
  U_UART_RX/U0_edge_bit_counter/U30/Y (NOR4BX1M)          0.31       0.84 r
  U_UART_RX/U0_edge_bit_counter/U40/Y (AND2X2M)           0.21       1.05 r
  U_UART_RX/U0_edge_bit_counter/U14/Y (NAND2X2M)          0.09       1.14 f
  U_UART_RX/U0_edge_bit_counter/U9/Y (AOI33X2M)           0.26       1.40 r
  U_UART_RX/U0_edge_bit_counter/U7/Y (OAI31X1M)           0.18       1.58 f
  U_UART_RX/U0_edge_bit_counter/U12/Y (AOI211X2M)         0.23       1.81 r
  U_UART_RX/U0_edge_bit_counter/U10/Y (OAI211X2M)         0.17       1.99 f
  U_UART_RX/U0_edge_bit_counter/U31/Y (OAI22X1M)          0.14       2.12 r
  U_UART_RX/U0_edge_bit_counter/Bit_cnt_reg[3]/D (DFFRQX2M)
                                                          0.00       2.12 r
  data arrival time                                                  2.12

  clock RX_CLK (rise edge)                              271.30     271.30
  clock network delay (ideal)                             0.00     271.30
  clock uncertainty                                      -0.20     271.10
  U_UART_RX/U0_edge_bit_counter/Bit_cnt_reg[3]/CK (DFFRQX2M)
                                                          0.00     271.10 r
  library setup time                                     -0.33     270.77
  data required time                                               270.77
  --------------------------------------------------------------------------
  data required time                                               270.77
  data arrival time                                                 -2.12
  --------------------------------------------------------------------------
  slack (MET)                                                      268.64


  Startpoint: U_UART_RX/U0_edge_bit_counter/Edge_cnt_reg[4]
              (rising edge-triggered flip-flop clocked by RX_CLK)
  Endpoint: U_UART_RX/U0_edge_bit_counter/Bit_cnt_reg[0]
            (rising edge-triggered flip-flop clocked by RX_CLK)
  Path Group: RX_CLK
  Path Type: max

  Point                                                   Incr       Path
  --------------------------------------------------------------------------
  clock RX_CLK (rise edge)                                0.00       0.00
  clock network delay (ideal)                             0.00       0.00
  U_UART_RX/U0_edge_bit_counter/Edge_cnt_reg[4]/CK (DFFRQX2M)
                                                          0.00       0.00 r
  U_UART_RX/U0_edge_bit_counter/Edge_cnt_reg[4]/Q (DFFRQX2M)
                                                          0.54       0.54 f
  U_UART_RX/U0_edge_bit_counter/U30/Y (NOR4BX1M)          0.31       0.84 r
  U_UART_RX/U0_edge_bit_counter/U40/Y (AND2X2M)           0.21       1.05 r
  U_UART_RX/U0_edge_bit_counter/U14/Y (NAND2X2M)          0.09       1.14 f
  U_UART_RX/U0_edge_bit_counter/U9/Y (AOI33X2M)           0.26       1.40 r
  U_UART_RX/U0_edge_bit_counter/U7/Y (OAI31X1M)           0.18       1.58 f
  U_UART_RX/U0_edge_bit_counter/U12/Y (AOI211X2M)         0.23       1.81 r
  U_UART_RX/U0_edge_bit_counter/U10/Y (OAI211X2M)         0.17       1.99 f
  U_UART_RX/U0_edge_bit_counter/U34/Y (OAI22X1M)          0.14       2.12 r
  U_UART_RX/U0_edge_bit_counter/Bit_cnt_reg[0]/D (DFFRQX2M)
                                                          0.00       2.12 r
  data arrival time                                                  2.12

  clock RX_CLK (rise edge)                              271.30     271.30
  clock network delay (ideal)                             0.00     271.30
  clock uncertainty                                      -0.20     271.10
  U_UART_RX/U0_edge_bit_counter/Bit_cnt_reg[0]/CK (DFFRQX2M)
                                                          0.00     271.10 r
  library setup time                                     -0.33     270.77
  data required time                                               270.77
  --------------------------------------------------------------------------
  data required time                                               270.77
  data arrival time                                                 -2.12
  --------------------------------------------------------------------------
  slack (MET)                                                      268.64


  Startpoint: U_UART_RX/U0_edge_bit_counter/Edge_cnt_reg[0]
              (rising edge-triggered flip-flop clocked by RX_CLK)
  Endpoint: U_UART_RX/U0_FSM/Current_State_reg[1]
            (rising edge-triggered flip-flop clocked by RX_CLK)
  Path Group: RX_CLK
  Path Type: max

  Point                                                   Incr       Path
  --------------------------------------------------------------------------
  clock RX_CLK (rise edge)                                0.00       0.00
  clock network delay (ideal)                             0.00       0.00
  U_UART_RX/U0_edge_bit_counter/Edge_cnt_reg[0]/CK (DFFRX1M)
                                                          0.00       0.00 r
  U_UART_RX/U0_edge_bit_counter/Edge_cnt_reg[0]/Q (DFFRX1M)
                                                          0.64       0.64 r
  U_UART_RX/U0_edge_bit_counter/Edge_cnt[0] (Edge_bit_counter)
                                                          0.00       0.64 r
  U_UART_RX/U0_FSM/Edge_cnt[0] (RX_FSM)                   0.00       0.64 r
  U_UART_RX/U0_FSM/U45/Y (NOR2X1M)                        0.12       0.76 f
  U_UART_RX/U0_FSM/U46/Y (OAI22X1M)                       0.20       0.96 r
  U_UART_RX/U0_FSM/U49/Y (NOR4BX1M)                       0.24       1.20 r
  U_UART_RX/U0_FSM/U50/Y (NAND4X1M)                       0.34       1.53 f
  U_UART_RX/U0_FSM/U17/Y (OAI31X1M)                       0.32       1.85 r
  U_UART_RX/U0_FSM/U16/Y (INVX2M)                         0.08       1.93 f
  U_UART_RX/U0_FSM/U14/Y (OAI211X2M)                      0.08       2.01 r
  U_UART_RX/U0_FSM/Current_State_reg[1]/D (DFFRQX2M)      0.00       2.01 r
  data arrival time                                                  2.01

  clock RX_CLK (rise edge)                              271.30     271.30
  clock network delay (ideal)                             0.00     271.30
  clock uncertainty                                      -0.20     271.10
  U_UART_RX/U0_FSM/Current_State_reg[1]/CK (DFFRQX2M)     0.00     271.10 r
  library setup time                                     -0.32     270.78
  data required time                                               270.78
  --------------------------------------------------------------------------
  data required time                                               270.78
  data arrival time                                                 -2.01
  --------------------------------------------------------------------------
  slack (MET)                                                      268.77


  Startpoint: U_UART_RX/U0_edge_bit_counter/Edge_cnt_reg[0]
              (rising edge-triggered flip-flop clocked by RX_CLK)
  Endpoint: U_UART_RX/U0_deserializer/P_DATA_reg[7]
            (rising edge-triggered flip-flop clocked by RX_CLK)
  Path Group: RX_CLK
  Path Type: max

  Point                                                   Incr       Path
  --------------------------------------------------------------------------
  clock RX_CLK (rise edge)                                0.00       0.00
  clock network delay (ideal)                             0.00       0.00
  U_UART_RX/U0_edge_bit_counter/Edge_cnt_reg[0]/CK (DFFRX1M)
                                                          0.00       0.00 r
  U_UART_RX/U0_edge_bit_counter/Edge_cnt_reg[0]/Q (DFFRX1M)
                                                          0.61       0.61 f
  U_UART_RX/U0_edge_bit_counter/Edge_cnt[0] (Edge_bit_counter)
                                                          0.00       0.61 f
  U_UART_RX/U0_deserializer/Edge_cnt[0] (Deserializer)
                                                          0.00       0.61 f
  U_UART_RX/U0_deserializer/U31/Y (NOR2BX1M)              0.23       0.84 f
  U_UART_RX/U0_deserializer/U32/Y (OAI2B2X1M)             0.21       1.04 r
  U_UART_RX/U0_deserializer/U35/Y (NAND4BBX1M)            0.21       1.25 f
  U_UART_RX/U0_deserializer/U39/Y (NOR4X1M)               0.21       1.46 r
  U_UART_RX/U0_deserializer/U10/Y (NAND2X2M)              0.20       1.67 f
  U_UART_RX/U0_deserializer/U9/Y (INVX2M)                 0.18       1.84 r
  U_UART_RX/U0_deserializer/U12/Y (OAI2BB2X1M)            0.17       2.01 r
  U_UART_RX/U0_deserializer/P_DATA_reg[7]/D (DFFRQX2M)
                                                          0.00       2.01 r
  data arrival time                                                  2.01

  clock RX_CLK (rise edge)                              271.30     271.30
  clock network delay (ideal)                             0.00     271.30
  clock uncertainty                                      -0.20     271.10
  U_UART_RX/U0_deserializer/P_DATA_reg[7]/CK (DFFRQX2M)
                                                          0.00     271.10 r
  library setup time                                     -0.31     270.78
  data required time                                               270.78
  --------------------------------------------------------------------------
  data required time                                               270.78
  data arrival time                                                 -2.01
  --------------------------------------------------------------------------
  slack (MET)                                                      268.77


  Startpoint: U_UART_RX/U0_edge_bit_counter/Edge_cnt_reg[0]
              (rising edge-triggered flip-flop clocked by RX_CLK)
  Endpoint: U_UART_RX/U0_FSM/Current_State_reg[2]
            (rising edge-triggered flip-flop clocked by RX_CLK)
  Path Group: RX_CLK
  Path Type: max

  Point                                                   Incr       Path
  --------------------------------------------------------------------------
  clock RX_CLK (rise edge)                                0.00       0.00
  clock network delay (ideal)                             0.00       0.00
  U_UART_RX/U0_edge_bit_counter/Edge_cnt_reg[0]/CK (DFFRX1M)
                                                          0.00       0.00 r
  U_UART_RX/U0_edge_bit_counter/Edge_cnt_reg[0]/Q (DFFRX1M)
                                                          0.64       0.64 r
  U_UART_RX/U0_edge_bit_counter/Edge_cnt[0] (Edge_bit_counter)
                                                          0.00       0.64 r
  U_UART_RX/U0_FSM/Edge_cnt[0] (RX_FSM)                   0.00       0.64 r
  U_UART_RX/U0_FSM/U45/Y (NOR2X1M)                        0.12       0.76 f
  U_UART_RX/U0_FSM/U46/Y (OAI22X1M)                       0.20       0.96 r
  U_UART_RX/U0_FSM/U49/Y (NOR4BX1M)                       0.24       1.20 r
  U_UART_RX/U0_FSM/U50/Y (NAND4X1M)                       0.34       1.53 f
  U_UART_RX/U0_FSM/U24/Y (OAI33X2M)                       0.27       1.80 r
  U_UART_RX/U0_FSM/U23/Y (OAI21BX1M)                      0.17       1.97 r
  U_UART_RX/U0_FSM/Current_State_reg[2]/D (DFFRQX2M)      0.00       1.97 r
  data arrival time                                                  1.97

  clock RX_CLK (rise edge)                              271.30     271.30
  clock network delay (ideal)                             0.00     271.30
  clock uncertainty                                      -0.20     271.10
  U_UART_RX/U0_FSM/Current_State_reg[2]/CK (DFFRQX2M)     0.00     271.10 r
  library setup time                                     -0.31     270.78
  data required time                                               270.78
  --------------------------------------------------------------------------
  data required time                                               270.78
  data arrival time                                                 -1.97
  --------------------------------------------------------------------------
  slack (MET)                                                      268.81


  Startpoint: U_UART_RX/U0_edge_bit_counter/Edge_cnt_reg[0]
              (rising edge-triggered flip-flop clocked by RX_CLK)
  Endpoint: U_UART_RX/U0_FSM/Current_State_reg[0]
            (rising edge-triggered flip-flop clocked by RX_CLK)
  Path Group: RX_CLK
  Path Type: max

  Point                                                   Incr       Path
  --------------------------------------------------------------------------
  clock RX_CLK (rise edge)                                0.00       0.00
  clock network delay (ideal)                             0.00       0.00
  U_UART_RX/U0_edge_bit_counter/Edge_cnt_reg[0]/CK (DFFRX1M)
                                                          0.00       0.00 r
  U_UART_RX/U0_edge_bit_counter/Edge_cnt_reg[0]/Q (DFFRX1M)
                                                          0.64       0.64 r
  U_UART_RX/U0_edge_bit_counter/Edge_cnt[0] (Edge_bit_counter)
                                                          0.00       0.64 r
  U_UART_RX/U0_FSM/Edge_cnt[0] (RX_FSM)                   0.00       0.64 r
  U_UART_RX/U0_FSM/U45/Y (NOR2X1M)                        0.12       0.76 f
  U_UART_RX/U0_FSM/U46/Y (OAI22X1M)                       0.20       0.96 r
  U_UART_RX/U0_FSM/U49/Y (NOR4BX1M)                       0.24       1.20 r
  U_UART_RX/U0_FSM/U50/Y (NAND4X1M)                       0.34       1.53 f
  U_UART_RX/U0_FSM/U4/Y (INVX2M)                          0.17       1.70 r
  U_UART_RX/U0_FSM/U25/Y (AOI21X2M)                       0.09       1.79 f
  U_UART_RX/U0_FSM/U13/Y (AOI31X2M)                       0.14       1.93 r
  U_UART_RX/U0_FSM/U10/Y (OAI221X1M)                      0.14       2.08 f
  U_UART_RX/U0_FSM/Current_State_reg[0]/D (DFFRX1M)       0.00       2.08 f
  data arrival time                                                  2.08

  clock RX_CLK (rise edge)                              271.30     271.30
  clock network delay (ideal)                             0.00     271.30
  clock uncertainty                                      -0.20     271.10
  U_UART_RX/U0_FSM/Current_State_reg[0]/CK (DFFRX1M)      0.00     271.10 r
  library setup time                                     -0.18     270.92
  data required time                                               270.92
  --------------------------------------------------------------------------
  data required time                                               270.92
  data arrival time                                                 -2.08
  --------------------------------------------------------------------------
  slack (MET)                                                      268.84


  Startpoint: U_UART_RX/U0_edge_bit_counter/Edge_cnt_reg[2]
              (rising edge-triggered flip-flop clocked by RX_CLK)
  Endpoint: U_UART_RX/U0_data_sampling/Sample_reg[2]
            (rising edge-triggered flip-flop clocked by RX_CLK)
  Path Group: RX_CLK
  Path Type: max

  Point                                                   Incr       Path
  --------------------------------------------------------------------------
  clock RX_CLK (rise edge)                                0.00       0.00
  clock network delay (ideal)                             0.00       0.00
  U_UART_RX/U0_edge_bit_counter/Edge_cnt_reg[2]/CK (DFFRQX2M)
                                                          0.00       0.00 r
  U_UART_RX/U0_edge_bit_counter/Edge_cnt_reg[2]/Q (DFFRQX2M)
                                                          0.54       0.54 f
  U_UART_RX/U0_edge_bit_counter/Edge_cnt[2] (Edge_bit_counter)
                                                          0.00       0.54 f
  U_UART_RX/U0_data_sampling/Edge_cnt[2] (Data_sampling)
                                                          0.00       0.54 f
  U_UART_RX/U0_data_sampling/U5/Y (OAI33X2M)              0.39       0.93 r
  U_UART_RX/U0_data_sampling/U11/Y (AOI33X2M)             0.21       1.14 f
  U_UART_RX/U0_data_sampling/U9/Y (OAI33X2M)              0.40       1.55 r
  U_UART_RX/U0_data_sampling/U8/Y (NAND2X2M)              0.15       1.69 f
  U_UART_RX/U0_data_sampling/U3/Y (INVX2M)                0.11       1.80 r
  U_UART_RX/U0_data_sampling/U4/Y (OAI2BB2X1M)            0.15       1.95 r
  U_UART_RX/U0_data_sampling/Sample_reg[2]/D (DFFRX1M)
                                                          0.00       1.95 r
  data arrival time                                                  1.95

  clock RX_CLK (rise edge)                              271.30     271.30
  clock network delay (ideal)                             0.00     271.30
  clock uncertainty                                      -0.20     271.10
  U_UART_RX/U0_data_sampling/Sample_reg[2]/CK (DFFRX1M)
                                                          0.00     271.10 r
  library setup time                                     -0.26     270.84
  data required time                                               270.84
  --------------------------------------------------------------------------
  data required time                                               270.84
  data arrival time                                                 -1.95
  --------------------------------------------------------------------------
  slack (MET)                                                      268.89


  Startpoint: U_UART_RX/U0_edge_bit_counter/Edge_cnt_reg[0]
              (rising edge-triggered flip-flop clocked by RX_CLK)
  Endpoint: U_UART_RX/U0_deserializer/P_DATA_reg[5]
            (rising edge-triggered flip-flop clocked by RX_CLK)
  Path Group: RX_CLK
  Path Type: max

  Point                                                   Incr       Path
  --------------------------------------------------------------------------
  clock RX_CLK (rise edge)                                0.00       0.00
  clock network delay (ideal)                             0.00       0.00
  U_UART_RX/U0_edge_bit_counter/Edge_cnt_reg[0]/CK (DFFRX1M)
                                                          0.00       0.00 r
  U_UART_RX/U0_edge_bit_counter/Edge_cnt_reg[0]/Q (DFFRX1M)
                                                          0.61       0.61 f
  U_UART_RX/U0_edge_bit_counter/Edge_cnt[0] (Edge_bit_counter)
                                                          0.00       0.61 f
  U_UART_RX/U0_deserializer/Edge_cnt[0] (Deserializer)
                                                          0.00       0.61 f
  U_UART_RX/U0_deserializer/U31/Y (NOR2BX1M)              0.23       0.84 f
  U_UART_RX/U0_deserializer/U32/Y (OAI2B2X1M)             0.21       1.04 r
  U_UART_RX/U0_deserializer/U35/Y (NAND4BBX1M)            0.21       1.25 f
  U_UART_RX/U0_deserializer/U39/Y (NOR4X1M)               0.21       1.46 r
  U_UART_RX/U0_deserializer/U10/Y (NAND2X2M)              0.20       1.67 f
  U_UART_RX/U0_deserializer/U7/Y (OAI22X1M)               0.20       1.87 r
  U_UART_RX/U0_deserializer/P_DATA_reg[5]/D (DFFRQX2M)
                                                          0.00       1.87 r
  data arrival time                                                  1.87

  clock RX_CLK (rise edge)                              271.30     271.30
  clock network delay (ideal)                             0.00     271.30
  clock uncertainty                                      -0.20     271.10
  U_UART_RX/U0_deserializer/P_DATA_reg[5]/CK (DFFRQX2M)
                                                          0.00     271.10 r
  library setup time                                     -0.33     270.77
  data required time                                               270.77
  --------------------------------------------------------------------------
  data required time                                               270.77
  data arrival time                                                 -1.87
  --------------------------------------------------------------------------
  slack (MET)                                                      268.90


  Startpoint: U_UART_RX/U0_edge_bit_counter/Edge_cnt_reg[0]
              (rising edge-triggered flip-flop clocked by RX_CLK)
  Endpoint: U_UART_RX/U0_deserializer/P_DATA_reg[1]
            (rising edge-triggered flip-flop clocked by RX_CLK)
  Path Group: RX_CLK
  Path Type: max

  Point                                                   Incr       Path
  --------------------------------------------------------------------------
  clock RX_CLK (rise edge)                                0.00       0.00
  clock network delay (ideal)                             0.00       0.00
  U_UART_RX/U0_edge_bit_counter/Edge_cnt_reg[0]/CK (DFFRX1M)
                                                          0.00       0.00 r
  U_UART_RX/U0_edge_bit_counter/Edge_cnt_reg[0]/Q (DFFRX1M)
                                                          0.61       0.61 f
  U_UART_RX/U0_edge_bit_counter/Edge_cnt[0] (Edge_bit_counter)
                                                          0.00       0.61 f
  U_UART_RX/U0_deserializer/Edge_cnt[0] (Deserializer)
                                                          0.00       0.61 f
  U_UART_RX/U0_deserializer/U31/Y (NOR2BX1M)              0.23       0.84 f
  U_UART_RX/U0_deserializer/U32/Y (OAI2B2X1M)             0.21       1.04 r
  U_UART_RX/U0_deserializer/U35/Y (NAND4BBX1M)            0.21       1.25 f
  U_UART_RX/U0_deserializer/U39/Y (NOR4X1M)               0.21       1.46 r
  U_UART_RX/U0_deserializer/U10/Y (NAND2X2M)              0.20       1.67 f
  U_UART_RX/U0_deserializer/U3/Y (OAI22X1M)               0.20       1.87 r
  U_UART_RX/U0_deserializer/P_DATA_reg[1]/D (DFFRQX2M)
                                                          0.00       1.87 r
  data arrival time                                                  1.87

  clock RX_CLK (rise edge)                              271.30     271.30
  clock network delay (ideal)                             0.00     271.30
  clock uncertainty                                      -0.20     271.10
  U_UART_RX/U0_deserializer/P_DATA_reg[1]/CK (DFFRQX2M)
                                                          0.00     271.10 r
  library setup time                                     -0.33     270.77
  data required time                                               270.77
  --------------------------------------------------------------------------
  data required time                                               270.77
  data arrival time                                                 -1.87
  --------------------------------------------------------------------------
  slack (MET)                                                      268.90


  Startpoint: U_UART_RX/U0_edge_bit_counter/Edge_cnt_reg[0]
              (rising edge-triggered flip-flop clocked by RX_CLK)
  Endpoint: U_UART_RX/U0_deserializer/P_DATA_reg[4]
            (rising edge-triggered flip-flop clocked by RX_CLK)
  Path Group: RX_CLK
  Path Type: max

  Point                                                   Incr       Path
  --------------------------------------------------------------------------
  clock RX_CLK (rise edge)                                0.00       0.00
  clock network delay (ideal)                             0.00       0.00
  U_UART_RX/U0_edge_bit_counter/Edge_cnt_reg[0]/CK (DFFRX1M)
                                                          0.00       0.00 r
  U_UART_RX/U0_edge_bit_counter/Edge_cnt_reg[0]/Q (DFFRX1M)
                                                          0.61       0.61 f
  U_UART_RX/U0_edge_bit_counter/Edge_cnt[0] (Edge_bit_counter)
                                                          0.00       0.61 f
  U_UART_RX/U0_deserializer/Edge_cnt[0] (Deserializer)
                                                          0.00       0.61 f
  U_UART_RX/U0_deserializer/U31/Y (NOR2BX1M)              0.23       0.84 f
  U_UART_RX/U0_deserializer/U32/Y (OAI2B2X1M)             0.21       1.04 r
  U_UART_RX/U0_deserializer/U35/Y (NAND4BBX1M)            0.21       1.25 f
  U_UART_RX/U0_deserializer/U39/Y (NOR4X1M)               0.21       1.46 r
  U_UART_RX/U0_deserializer/U10/Y (NAND2X2M)              0.20       1.67 f
  U_UART_RX/U0_deserializer/U6/Y (OAI22X1M)               0.20       1.87 r
  U_UART_RX/U0_deserializer/P_DATA_reg[4]/D (DFFRQX2M)
                                                          0.00       1.87 r
  data arrival time                                                  1.87

  clock RX_CLK (rise edge)                              271.30     271.30
  clock network delay (ideal)                             0.00     271.30
  clock uncertainty                                      -0.20     271.10
  U_UART_RX/U0_deserializer/P_DATA_reg[4]/CK (DFFRQX2M)
                                                          0.00     271.10 r
  library setup time                                     -0.33     270.77
  data required time                                               270.77
  --------------------------------------------------------------------------
  data required time                                               270.77
  data arrival time                                                 -1.87
  --------------------------------------------------------------------------
  slack (MET)                                                      268.90


  Startpoint: U_UART_RX/U0_edge_bit_counter/Edge_cnt_reg[0]
              (rising edge-triggered flip-flop clocked by RX_CLK)
  Endpoint: U_UART_RX/U0_deserializer/P_DATA_reg[3]
            (rising edge-triggered flip-flop clocked by RX_CLK)
  Path Group: RX_CLK
  Path Type: max

  Point                                                   Incr       Path
  --------------------------------------------------------------------------
  clock RX_CLK (rise edge)                                0.00       0.00
  clock network delay (ideal)                             0.00       0.00
  U_UART_RX/U0_edge_bit_counter/Edge_cnt_reg[0]/CK (DFFRX1M)
                                                          0.00       0.00 r
  U_UART_RX/U0_edge_bit_counter/Edge_cnt_reg[0]/Q (DFFRX1M)
                                                          0.61       0.61 f
  U_UART_RX/U0_edge_bit_counter/Edge_cnt[0] (Edge_bit_counter)
                                                          0.00       0.61 f
  U_UART_RX/U0_deserializer/Edge_cnt[0] (Deserializer)
                                                          0.00       0.61 f
  U_UART_RX/U0_deserializer/U31/Y (NOR2BX1M)              0.23       0.84 f
  U_UART_RX/U0_deserializer/U32/Y (OAI2B2X1M)             0.21       1.04 r
  U_UART_RX/U0_deserializer/U35/Y (NAND4BBX1M)            0.21       1.25 f
  U_UART_RX/U0_deserializer/U39/Y (NOR4X1M)               0.21       1.46 r
  U_UART_RX/U0_deserializer/U10/Y (NAND2X2M)              0.20       1.67 f
  U_UART_RX/U0_deserializer/U5/Y (OAI22X1M)               0.20       1.87 r
  U_UART_RX/U0_deserializer/P_DATA_reg[3]/D (DFFRQX2M)
                                                          0.00       1.87 r
  data arrival time                                                  1.87

  clock RX_CLK (rise edge)                              271.30     271.30
  clock network delay (ideal)                             0.00     271.30
  clock uncertainty                                      -0.20     271.10
  U_UART_RX/U0_deserializer/P_DATA_reg[3]/CK (DFFRQX2M)
                                                          0.00     271.10 r
  library setup time                                     -0.33     270.77
  data required time                                               270.77
  --------------------------------------------------------------------------
  data required time                                               270.77
  data arrival time                                                 -1.87
  --------------------------------------------------------------------------
  slack (MET)                                                      268.90


  Startpoint: U_UART_RX/U0_edge_bit_counter/Edge_cnt_reg[0]
              (rising edge-triggered flip-flop clocked by RX_CLK)
  Endpoint: U_UART_RX/U0_deserializer/P_DATA_reg[6]
            (rising edge-triggered flip-flop clocked by RX_CLK)
  Path Group: RX_CLK
  Path Type: max

  Point                                                   Incr       Path
  --------------------------------------------------------------------------
  clock RX_CLK (rise edge)                                0.00       0.00
  clock network delay (ideal)                             0.00       0.00
  U_UART_RX/U0_edge_bit_counter/Edge_cnt_reg[0]/CK (DFFRX1M)
                                                          0.00       0.00 r
  U_UART_RX/U0_edge_bit_counter/Edge_cnt_reg[0]/Q (DFFRX1M)
                                                          0.61       0.61 f
  U_UART_RX/U0_edge_bit_counter/Edge_cnt[0] (Edge_bit_counter)
                                                          0.00       0.61 f
  U_UART_RX/U0_deserializer/Edge_cnt[0] (Deserializer)
                                                          0.00       0.61 f
  U_UART_RX/U0_deserializer/U31/Y (NOR2BX1M)              0.23       0.84 f
  U_UART_RX/U0_deserializer/U32/Y (OAI2B2X1M)             0.21       1.04 r
  U_UART_RX/U0_deserializer/U35/Y (NAND4BBX1M)            0.21       1.25 f
  U_UART_RX/U0_deserializer/U39/Y (NOR4X1M)               0.21       1.46 r
  U_UART_RX/U0_deserializer/U10/Y (NAND2X2M)              0.20       1.67 f
  U_UART_RX/U0_deserializer/U8/Y (OAI22X1M)               0.20       1.87 r
  U_UART_RX/U0_deserializer/P_DATA_reg[6]/D (DFFRQX2M)
                                                          0.00       1.87 r
  data arrival time                                                  1.87

  clock RX_CLK (rise edge)                              271.30     271.30
  clock network delay (ideal)                             0.00     271.30
  clock uncertainty                                      -0.20     271.10
  U_UART_RX/U0_deserializer/P_DATA_reg[6]/CK (DFFRQX2M)
                                                          0.00     271.10 r
  library setup time                                     -0.33     270.77
  data required time                                               270.77
  --------------------------------------------------------------------------
  data required time                                               270.77
  data arrival time                                                 -1.87
  --------------------------------------------------------------------------
  slack (MET)                                                      268.90


  Startpoint: U_UART_RX/U0_edge_bit_counter/Edge_cnt_reg[0]
              (rising edge-triggered flip-flop clocked by RX_CLK)
  Endpoint: U_UART_RX/U0_deserializer/P_DATA_reg[2]
            (rising edge-triggered flip-flop clocked by RX_CLK)
  Path Group: RX_CLK
  Path Type: max

  Point                                                   Incr       Path
  --------------------------------------------------------------------------
  clock RX_CLK (rise edge)                                0.00       0.00
  clock network delay (ideal)                             0.00       0.00
  U_UART_RX/U0_edge_bit_counter/Edge_cnt_reg[0]/CK (DFFRX1M)
                                                          0.00       0.00 r
  U_UART_RX/U0_edge_bit_counter/Edge_cnt_reg[0]/Q (DFFRX1M)
                                                          0.61       0.61 f
  U_UART_RX/U0_edge_bit_counter/Edge_cnt[0] (Edge_bit_counter)
                                                          0.00       0.61 f
  U_UART_RX/U0_deserializer/Edge_cnt[0] (Deserializer)
                                                          0.00       0.61 f
  U_UART_RX/U0_deserializer/U31/Y (NOR2BX1M)              0.23       0.84 f
  U_UART_RX/U0_deserializer/U32/Y (OAI2B2X1M)             0.21       1.04 r
  U_UART_RX/U0_deserializer/U35/Y (NAND4BBX1M)            0.21       1.25 f
  U_UART_RX/U0_deserializer/U39/Y (NOR4X1M)               0.21       1.46 r
  U_UART_RX/U0_deserializer/U10/Y (NAND2X2M)              0.20       1.67 f
  U_UART_RX/U0_deserializer/U4/Y (OAI22X1M)               0.20       1.87 r
  U_UART_RX/U0_deserializer/P_DATA_reg[2]/D (DFFRQX2M)
                                                          0.00       1.87 r
  data arrival time                                                  1.87

  clock RX_CLK (rise edge)                              271.30     271.30
  clock network delay (ideal)                             0.00     271.30
  clock uncertainty                                      -0.20     271.10
  U_UART_RX/U0_deserializer/P_DATA_reg[2]/CK (DFFRQX2M)
                                                          0.00     271.10 r
  library setup time                                     -0.33     270.77
  data required time                                               270.77
  --------------------------------------------------------------------------
  data required time                                               270.77
  data arrival time                                                 -1.87
  --------------------------------------------------------------------------
  slack (MET)                                                      268.90


  Startpoint: U_UART_RX/U0_edge_bit_counter/Edge_cnt_reg[2]
              (rising edge-triggered flip-flop clocked by RX_CLK)
  Endpoint: U_UART_RX/U0_data_sampling/Sample_reg[0]
            (rising edge-triggered flip-flop clocked by RX_CLK)
  Path Group: RX_CLK
  Path Type: max

  Point                                                   Incr       Path
  --------------------------------------------------------------------------
  clock RX_CLK (rise edge)                                0.00       0.00
  clock network delay (ideal)                             0.00       0.00
  U_UART_RX/U0_edge_bit_counter/Edge_cnt_reg[2]/CK (DFFRQX2M)
                                                          0.00       0.00 r
  U_UART_RX/U0_edge_bit_counter/Edge_cnt_reg[2]/Q (DFFRQX2M)
                                                          0.54       0.54 f
  U_UART_RX/U0_edge_bit_counter/Edge_cnt[2] (Edge_bit_counter)
                                                          0.00       0.54 f
  U_UART_RX/U0_data_sampling/Edge_cnt[2] (Data_sampling)
                                                          0.00       0.54 f
  U_UART_RX/U0_data_sampling/U5/Y (OAI33X2M)              0.39       0.93 r
  U_UART_RX/U0_data_sampling/U11/Y (AOI33X2M)             0.21       1.14 f
  U_UART_RX/U0_data_sampling/U9/Y (OAI33X2M)              0.40       1.55 r
  U_UART_RX/U0_data_sampling/U8/Y (NAND2X2M)              0.15       1.69 f
  U_UART_RX/U0_data_sampling/U2/Y (OAI22X1M)              0.13       1.82 r
  U_UART_RX/U0_data_sampling/Sample_reg[0]/D (DFFRQX2M)
                                                          0.00       1.82 r
  data arrival time                                                  1.82

  clock RX_CLK (rise edge)                              271.30     271.30
  clock network delay (ideal)                             0.00     271.30
  clock uncertainty                                      -0.20     271.10
  U_UART_RX/U0_data_sampling/Sample_reg[0]/CK (DFFRQX2M)
                                                          0.00     271.10 r
  library setup time                                     -0.33     270.77
  data required time                                               270.77
  --------------------------------------------------------------------------
  data required time                                               270.77
  data arrival time                                                 -1.82
  --------------------------------------------------------------------------
  slack (MET)                                                      268.94


  Startpoint: U_UART_RX/U0_edge_bit_counter/Edge_cnt_reg[2]
              (rising edge-triggered flip-flop clocked by RX_CLK)
  Endpoint: U_UART_RX/U0_data_sampling/Sample_reg[1]
            (rising edge-triggered flip-flop clocked by RX_CLK)
  Path Group: RX_CLK
  Path Type: max

  Point                                                   Incr       Path
  --------------------------------------------------------------------------
  clock RX_CLK (rise edge)                                0.00       0.00
  clock network delay (ideal)                             0.00       0.00
  U_UART_RX/U0_edge_bit_counter/Edge_cnt_reg[2]/CK (DFFRQX2M)
                                                          0.00       0.00 r
  U_UART_RX/U0_edge_bit_counter/Edge_cnt_reg[2]/Q (DFFRQX2M)
                                                          0.54       0.54 f
  U_UART_RX/U0_edge_bit_counter/Edge_cnt[2] (Edge_bit_counter)
                                                          0.00       0.54 f
  U_UART_RX/U0_data_sampling/Edge_cnt[2] (Data_sampling)
                                                          0.00       0.54 f
  U_UART_RX/U0_data_sampling/U5/Y (OAI33X2M)              0.39       0.93 r
  U_UART_RX/U0_data_sampling/U11/Y (AOI33X2M)             0.21       1.14 f
  U_UART_RX/U0_data_sampling/U9/Y (OAI33X2M)              0.40       1.55 r
  U_UART_RX/U0_data_sampling/U8/Y (NAND2X2M)              0.15       1.69 f
  U_UART_RX/U0_data_sampling/U12/Y (OAI22X1M)             0.13       1.82 r
  U_UART_RX/U0_data_sampling/Sample_reg[1]/D (DFFRQX2M)
                                                          0.00       1.82 r
  data arrival time                                                  1.82

  clock RX_CLK (rise edge)                              271.30     271.30
  clock network delay (ideal)                             0.00     271.30
  clock uncertainty                                      -0.20     271.10
  U_UART_RX/U0_data_sampling/Sample_reg[1]/CK (DFFRQX2M)
                                                          0.00     271.10 r
  library setup time                                     -0.33     270.77
  data required time                                               270.77
  --------------------------------------------------------------------------
  data required time                                               270.77
  data arrival time                                                 -1.82
  --------------------------------------------------------------------------
  slack (MET)                                                      268.94


  Startpoint: U_UART_RX/U0_edge_bit_counter/Edge_cnt_reg[0]
              (rising edge-triggered flip-flop clocked by RX_CLK)
  Endpoint: U_UART_RX/U0_deserializer/P_DATA_reg[0]
            (rising edge-triggered flip-flop clocked by RX_CLK)
  Path Group: RX_CLK
  Path Type: max

  Point                                                   Incr       Path
  --------------------------------------------------------------------------
  clock RX_CLK (rise edge)                                0.00       0.00
  clock network delay (ideal)                             0.00       0.00
  U_UART_RX/U0_edge_bit_counter/Edge_cnt_reg[0]/CK (DFFRX1M)
                                                          0.00       0.00 r
  U_UART_RX/U0_edge_bit_counter/Edge_cnt_reg[0]/Q (DFFRX1M)
                                                          0.61       0.61 f
  U_UART_RX/U0_edge_bit_counter/Edge_cnt[0] (Edge_bit_counter)
                                                          0.00       0.61 f
  U_UART_RX/U0_deserializer/Edge_cnt[0] (Deserializer)
                                                          0.00       0.61 f
  U_UART_RX/U0_deserializer/U31/Y (NOR2BX1M)              0.23       0.84 f
  U_UART_RX/U0_deserializer/U32/Y (OAI2B2X1M)             0.21       1.04 r
  U_UART_RX/U0_deserializer/U35/Y (NAND4BBX1M)            0.21       1.25 f
  U_UART_RX/U0_deserializer/U39/Y (NOR4X1M)               0.21       1.46 r
  U_UART_RX/U0_deserializer/U10/Y (NAND2X2M)              0.20       1.67 f
  U_UART_RX/U0_deserializer/U11/Y (OAI2BB2X1M)            0.16       1.83 r
  U_UART_RX/U0_deserializer/P_DATA_reg[0]/D (DFFRQX2M)
                                                          0.00       1.83 r
  data arrival time                                                  1.83

  clock RX_CLK (rise edge)                              271.30     271.30
  clock network delay (ideal)                             0.00     271.30
  clock uncertainty                                      -0.20     271.10
  U_UART_RX/U0_deserializer/P_DATA_reg[0]/CK (DFFRQX2M)
                                                          0.00     271.10 r
  library setup time                                     -0.31     270.78
  data required time                                               270.78
  --------------------------------------------------------------------------
  data required time                                               270.78
  data arrival time                                                 -1.83
  --------------------------------------------------------------------------
  slack (MET)                                                      268.95


  Startpoint: U_UART_RX/U0_FSM/Current_State_reg[0]
              (rising edge-triggered flip-flop clocked by RX_CLK)
  Endpoint: U_UART_RX/U0_data_sampling/Sampled_bit_reg
            (rising edge-triggered flip-flop clocked by RX_CLK)
  Path Group: RX_CLK
  Path Type: max

  Point                                                   Incr       Path
  --------------------------------------------------------------------------
  clock RX_CLK (rise edge)                                0.00       0.00
  clock network delay (ideal)                             0.00       0.00
  U_UART_RX/U0_FSM/Current_State_reg[0]/CK (DFFRX1M)      0.00       0.00 r
  U_UART_RX/U0_FSM/Current_State_reg[0]/Q (DFFRX1M)       0.52       0.52 f
  U_UART_RX/U0_FSM/U20/Y (NOR3X2M)                        0.31       0.83 r
  U_UART_RX/U0_FSM/U5/Y (INVX2M)                          0.12       0.95 f
  U_UART_RX/U0_FSM/U32/Y (NAND4X2M)                       0.12       1.07 r
  U_UART_RX/U0_FSM/U31/Y (BUFX2M)                         0.11       1.19 r
  U_UART_RX/U0_FSM/Dat_samp_en (RX_FSM)                   0.00       1.19 r
  U_UART_RX/U0_data_sampling/Dat_samp_en (Data_sampling)
                                                          0.00       1.19 r
  U_UART_RX/U0_data_sampling/U19/Y (AND3X2M)              0.19       1.37 r
  U_UART_RX/U0_data_sampling/U24/Y (NAND4X2M)             0.12       1.50 f
  U_UART_RX/U0_data_sampling/U22/Y (OAI2BB2X1M)           0.16       1.66 r
  U_UART_RX/U0_data_sampling/Sampled_bit_reg/D (DFFRQX2M)
                                                          0.00       1.66 r
  data arrival time                                                  1.66

  clock RX_CLK (rise edge)                              271.30     271.30
  clock network delay (ideal)                             0.00     271.30
  clock uncertainty                                      -0.20     271.10
  U_UART_RX/U0_data_sampling/Sampled_bit_reg/CK (DFFRQX2M)
                                                          0.00     271.10 r
  library setup time                                     -0.31     270.78
  data required time                                               270.78
  --------------------------------------------------------------------------
  data required time                                               270.78
  data arrival time                                                 -1.66
  --------------------------------------------------------------------------
  slack (MET)                                                      269.12


  Startpoint: U_UART_RX/U0_deserializer/P_DATA_reg[5]
              (rising edge-triggered flip-flop clocked by RX_CLK)
  Endpoint: U_UART_RX/U0_parity_check/Par_err_reg
            (rising edge-triggered flip-flop clocked by RX_CLK)
  Path Group: RX_CLK
  Path Type: max

  Point                                                   Incr       Path
  --------------------------------------------------------------------------
  clock RX_CLK (rise edge)                                0.00       0.00
  clock network delay (ideal)                             0.00       0.00
  U_UART_RX/U0_deserializer/P_DATA_reg[5]/CK (DFFRQX2M)
                                                          0.00       0.00 r
  U_UART_RX/U0_deserializer/P_DATA_reg[5]/Q (DFFRQX2M)
                                                          0.48       0.48 f
  U_UART_RX/U0_deserializer/P_DATA[5] (Deserializer)      0.00       0.48 f
  U_UART_RX/U0_parity_check/P_DATA[5] (Parity_Check)      0.00       0.48 f
  U_UART_RX/U0_parity_check/U9/Y (XOR3XLM)                0.50       0.98 f
  U_UART_RX/U0_parity_check/U6/Y (XOR3XLM)                0.42       1.40 r
  U_UART_RX/U0_parity_check/U4/Y (AOI22X1M)               0.10       1.50 f
  U_UART_RX/U0_parity_check/U3/Y (NOR2BX2M)               0.13       1.63 r
  U_UART_RX/U0_parity_check/Par_err_reg/D (DFFRQX2M)      0.00       1.63 r
  data arrival time                                                  1.63

  clock RX_CLK (rise edge)                              271.30     271.30
  clock network delay (ideal)                             0.00     271.30
  clock uncertainty                                      -0.20     271.10
  U_UART_RX/U0_parity_check/Par_err_reg/CK (DFFRQX2M)     0.00     271.10 r
  library setup time                                     -0.31     270.79
  data required time                                               270.79
  --------------------------------------------------------------------------
  data required time                                               270.79
  data arrival time                                                 -1.63
  --------------------------------------------------------------------------
  slack (MET)                                                      269.16


  Startpoint: U_UART_RX/U0_FSM/Current_State_reg[0]
              (rising edge-triggered flip-flop clocked by RX_CLK)
  Endpoint: U_UART_RX/U0_edge_bit_counter/Edge_cnt_reg[2]
            (rising edge-triggered flip-flop clocked by RX_CLK)
  Path Group: RX_CLK
  Path Type: max

  Point                                                   Incr       Path
  --------------------------------------------------------------------------
  clock RX_CLK (rise edge)                                0.00       0.00
  clock network delay (ideal)                             0.00       0.00
  U_UART_RX/U0_FSM/Current_State_reg[0]/CK (DFFRX1M)      0.00       0.00 r
  U_UART_RX/U0_FSM/Current_State_reg[0]/Q (DFFRX1M)       0.52       0.52 f
  U_UART_RX/U0_FSM/U20/Y (NOR3X2M)                        0.31       0.83 r
  U_UART_RX/U0_FSM/U5/Y (INVX2M)                          0.12       0.95 f
  U_UART_RX/U0_FSM/U32/Y (NAND4X2M)                       0.12       1.07 r
  U_UART_RX/U0_FSM/Enable (RX_FSM)                        0.00       1.07 r
  U_UART_RX/U0_edge_bit_counter/Enable (Edge_bit_counter)
                                                          0.00       1.07 r
  U_UART_RX/U0_edge_bit_counter/U35/Y (NAND3BX2M)         0.13       1.20 f
  U_UART_RX/U0_edge_bit_counter/U22/Y (INVX2M)            0.10       1.30 r
  U_UART_RX/U0_edge_bit_counter/U17/Y (NAND2X2M)          0.12       1.42 f
  U_UART_RX/U0_edge_bit_counter/U20/Y (NOR2BX2M)          0.12       1.54 r
  U_UART_RX/U0_edge_bit_counter/Edge_cnt_reg[2]/D (DFFRQX2M)
                                                          0.00       1.54 r
  data arrival time                                                  1.54

  clock RX_CLK (rise edge)                              271.30     271.30
  clock network delay (ideal)                             0.00     271.30
  clock uncertainty                                      -0.20     271.10
  U_UART_RX/U0_edge_bit_counter/Edge_cnt_reg[2]/CK (DFFRQX2M)
                                                          0.00     271.10 r
  library setup time                                     -0.31     270.79
  data required time                                               270.79
  --------------------------------------------------------------------------
  data required time                                               270.79
  data arrival time                                                 -1.54
  --------------------------------------------------------------------------
  slack (MET)                                                      269.25


  Startpoint: U_UART_RX/U0_FSM/Current_State_reg[0]
              (rising edge-triggered flip-flop clocked by RX_CLK)
  Endpoint: U_UART_RX/U0_edge_bit_counter/Edge_cnt_reg[3]
            (rising edge-triggered flip-flop clocked by RX_CLK)
  Path Group: RX_CLK
  Path Type: max

  Point                                                   Incr       Path
  --------------------------------------------------------------------------
  clock RX_CLK (rise edge)                                0.00       0.00
  clock network delay (ideal)                             0.00       0.00
  U_UART_RX/U0_FSM/Current_State_reg[0]/CK (DFFRX1M)      0.00       0.00 r
  U_UART_RX/U0_FSM/Current_State_reg[0]/Q (DFFRX1M)       0.52       0.52 f
  U_UART_RX/U0_FSM/U20/Y (NOR3X2M)                        0.31       0.83 r
  U_UART_RX/U0_FSM/U5/Y (INVX2M)                          0.12       0.95 f
  U_UART_RX/U0_FSM/U32/Y (NAND4X2M)                       0.12       1.07 r
  U_UART_RX/U0_FSM/Enable (RX_FSM)                        0.00       1.07 r
  U_UART_RX/U0_edge_bit_counter/Enable (Edge_bit_counter)
                                                          0.00       1.07 r
  U_UART_RX/U0_edge_bit_counter/U35/Y (NAND3BX2M)         0.13       1.20 f
  U_UART_RX/U0_edge_bit_counter/U22/Y (INVX2M)            0.10       1.30 r
  U_UART_RX/U0_edge_bit_counter/U17/Y (NAND2X2M)          0.12       1.42 f
  U_UART_RX/U0_edge_bit_counter/U19/Y (NOR2BX2M)          0.12       1.54 r
  U_UART_RX/U0_edge_bit_counter/Edge_cnt_reg[3]/D (DFFRQX2M)
                                                          0.00       1.54 r
  data arrival time                                                  1.54

  clock RX_CLK (rise edge)                              271.30     271.30
  clock network delay (ideal)                             0.00     271.30
  clock uncertainty                                      -0.20     271.10
  U_UART_RX/U0_edge_bit_counter/Edge_cnt_reg[3]/CK (DFFRQX2M)
                                                          0.00     271.10 r
  library setup time                                     -0.31     270.79
  data required time                                               270.79
  --------------------------------------------------------------------------
  data required time                                               270.79
  data arrival time                                                 -1.54
  --------------------------------------------------------------------------
  slack (MET)                                                      269.25


  Startpoint: U_UART_RX/U0_FSM/Current_State_reg[0]
              (rising edge-triggered flip-flop clocked by RX_CLK)
  Endpoint: U_UART_RX/U0_edge_bit_counter/Edge_cnt_reg[4]
            (rising edge-triggered flip-flop clocked by RX_CLK)
  Path Group: RX_CLK
  Path Type: max

  Point                                                   Incr       Path
  --------------------------------------------------------------------------
  clock RX_CLK (rise edge)                                0.00       0.00
  clock network delay (ideal)                             0.00       0.00
  U_UART_RX/U0_FSM/Current_State_reg[0]/CK (DFFRX1M)      0.00       0.00 r
  U_UART_RX/U0_FSM/Current_State_reg[0]/Q (DFFRX1M)       0.52       0.52 f
  U_UART_RX/U0_FSM/U20/Y (NOR3X2M)                        0.31       0.83 r
  U_UART_RX/U0_FSM/U5/Y (INVX2M)                          0.12       0.95 f
  U_UART_RX/U0_FSM/U32/Y (NAND4X2M)                       0.12       1.07 r
  U_UART_RX/U0_FSM/Enable (RX_FSM)                        0.00       1.07 r
  U_UART_RX/U0_edge_bit_counter/Enable (Edge_bit_counter)
                                                          0.00       1.07 r
  U_UART_RX/U0_edge_bit_counter/U35/Y (NAND3BX2M)         0.13       1.20 f
  U_UART_RX/U0_edge_bit_counter/U22/Y (INVX2M)            0.10       1.30 r
  U_UART_RX/U0_edge_bit_counter/U17/Y (NAND2X2M)          0.12       1.42 f
  U_UART_RX/U0_edge_bit_counter/U44/Y (NOR2X2M)           0.12       1.54 r
  U_UART_RX/U0_edge_bit_counter/Edge_cnt_reg[4]/D (DFFRQX2M)
                                                          0.00       1.54 r
  data arrival time                                                  1.54

  clock RX_CLK (rise edge)                              271.30     271.30
  clock network delay (ideal)                             0.00     271.30
  clock uncertainty                                      -0.20     271.10
  U_UART_RX/U0_edge_bit_counter/Edge_cnt_reg[4]/CK (DFFRQX2M)
                                                          0.00     271.10 r
  library setup time                                     -0.31     270.79
  data required time                                               270.79
  --------------------------------------------------------------------------
  data required time                                               270.79
  data arrival time                                                 -1.54
  --------------------------------------------------------------------------
  slack (MET)                                                      269.25


  Startpoint: U_UART_RX/U0_FSM/Current_State_reg[0]
              (rising edge-triggered flip-flop clocked by RX_CLK)
  Endpoint: U_UART_RX/U0_edge_bit_counter/Edge_cnt_reg[1]
            (rising edge-triggered flip-flop clocked by RX_CLK)
  Path Group: RX_CLK
  Path Type: max

  Point                                                   Incr       Path
  --------------------------------------------------------------------------
  clock RX_CLK (rise edge)                                0.00       0.00
  clock network delay (ideal)                             0.00       0.00
  U_UART_RX/U0_FSM/Current_State_reg[0]/CK (DFFRX1M)      0.00       0.00 r
  U_UART_RX/U0_FSM/Current_State_reg[0]/Q (DFFRX1M)       0.52       0.52 f
  U_UART_RX/U0_FSM/U20/Y (NOR3X2M)                        0.31       0.83 r
  U_UART_RX/U0_FSM/U5/Y (INVX2M)                          0.12       0.95 f
  U_UART_RX/U0_FSM/U32/Y (NAND4X2M)                       0.12       1.07 r
  U_UART_RX/U0_FSM/Enable (RX_FSM)                        0.00       1.07 r
  U_UART_RX/U0_edge_bit_counter/Enable (Edge_bit_counter)
                                                          0.00       1.07 r
  U_UART_RX/U0_edge_bit_counter/U35/Y (NAND3BX2M)         0.13       1.20 f
  U_UART_RX/U0_edge_bit_counter/U22/Y (INVX2M)            0.10       1.30 r
  U_UART_RX/U0_edge_bit_counter/U17/Y (NAND2X2M)          0.12       1.42 f
  U_UART_RX/U0_edge_bit_counter/U21/Y (NOR2BX2M)          0.12       1.54 r
  U_UART_RX/U0_edge_bit_counter/Edge_cnt_reg[1]/D (DFFRX1M)
                                                          0.00       1.54 r
  data arrival time                                                  1.54

  clock RX_CLK (rise edge)                              271.30     271.30
  clock network delay (ideal)                             0.00     271.30
  clock uncertainty                                      -0.20     271.10
  U_UART_RX/U0_edge_bit_counter/Edge_cnt_reg[1]/CK (DFFRX1M)
                                                          0.00     271.10 r
  library setup time                                     -0.25     270.85
  data required time                                               270.85
  --------------------------------------------------------------------------
  data required time                                               270.85
  data arrival time                                                 -1.54
  --------------------------------------------------------------------------
  slack (MET)                                                      269.31


  Startpoint: U_UART_RX/U0_FSM/Current_State_reg[0]
              (rising edge-triggered flip-flop clocked by RX_CLK)
  Endpoint: U_UART_RX/U0_edge_bit_counter/Edge_cnt_reg[0]
            (rising edge-triggered flip-flop clocked by RX_CLK)
  Path Group: RX_CLK
  Path Type: max

  Point                                                   Incr       Path
  --------------------------------------------------------------------------
  clock RX_CLK (rise edge)                                0.00       0.00
  clock network delay (ideal)                             0.00       0.00
  U_UART_RX/U0_FSM/Current_State_reg[0]/CK (DFFRX1M)      0.00       0.00 r
  U_UART_RX/U0_FSM/Current_State_reg[0]/Q (DFFRX1M)       0.52       0.52 f
  U_UART_RX/U0_FSM/U20/Y (NOR3X2M)                        0.31       0.83 r
  U_UART_RX/U0_FSM/U5/Y (INVX2M)                          0.12       0.95 f
  U_UART_RX/U0_FSM/U32/Y (NAND4X2M)                       0.12       1.07 r
  U_UART_RX/U0_FSM/Enable (RX_FSM)                        0.00       1.07 r
  U_UART_RX/U0_edge_bit_counter/Enable (Edge_bit_counter)
                                                          0.00       1.07 r
  U_UART_RX/U0_edge_bit_counter/U35/Y (NAND3BX2M)         0.13       1.20 f
  U_UART_RX/U0_edge_bit_counter/U22/Y (INVX2M)            0.10       1.30 r
  U_UART_RX/U0_edge_bit_counter/U17/Y (NAND2X2M)          0.12       1.42 f
  U_UART_RX/U0_edge_bit_counter/U46/Y (NOR2X2M)           0.12       1.54 r
  U_UART_RX/U0_edge_bit_counter/Edge_cnt_reg[0]/D (DFFRX1M)
                                                          0.00       1.54 r
  data arrival time                                                  1.54

  clock RX_CLK (rise edge)                              271.30     271.30
  clock network delay (ideal)                             0.00     271.30
  clock uncertainty                                      -0.20     271.10
  U_UART_RX/U0_edge_bit_counter/Edge_cnt_reg[0]/CK (DFFRX1M)
                                                          0.00     271.10 r
  library setup time                                     -0.25     270.85
  data required time                                               270.85
  --------------------------------------------------------------------------
  data required time                                               270.85
  data arrival time                                                 -1.54
  --------------------------------------------------------------------------
  slack (MET)                                                      269.31


  Startpoint: U_UART_RX/U0_stop_check/Stp_err_reg
              (rising edge-triggered flip-flop clocked by RX_CLK)
  Endpoint: U_UART_RX/U0_stop_check/Stp_err_reg
            (rising edge-triggered flip-flop clocked by RX_CLK)
  Path Group: RX_CLK
  Path Type: max

  Point                                                   Incr       Path
  --------------------------------------------------------------------------
  clock RX_CLK (rise edge)                                0.00       0.00
  clock network delay (ideal)                             0.00       0.00
  U_UART_RX/U0_stop_check/Stp_err_reg/CK (DFFRQX2M)       0.00       0.00 r
  U_UART_RX/U0_stop_check/Stp_err_reg/Q (DFFRQX2M)        0.89       0.89 r
  U_UART_RX/U0_stop_check/U2/Y (OAI2BB2X1M)               0.22       1.11 r
  U_UART_RX/U0_stop_check/Stp_err_reg/D (DFFRQX2M)        0.00       1.11 r
  data arrival time                                                  1.11

  clock RX_CLK (rise edge)                              271.30     271.30
  clock network delay (ideal)                             0.00     271.30
  clock uncertainty                                      -0.20     271.10
  U_UART_RX/U0_stop_check/Stp_err_reg/CK (DFFRQX2M)       0.00     271.10 r
  library setup time                                     -0.31     270.78
  data required time                                               270.78
  --------------------------------------------------------------------------
  data required time                                               270.78
  data arrival time                                                 -1.11
  --------------------------------------------------------------------------
  slack (MET)                                                      269.67


  Startpoint: U_UART_RX/U0_FSM/Current_State_reg[2]
              (rising edge-triggered flip-flop clocked by RX_CLK)
  Endpoint: U_UART_RX/U0_strt_check/Strt_glitch_reg
            (rising edge-triggered flip-flop clocked by RX_CLK)
  Path Group: RX_CLK
  Path Type: max

  Point                                                   Incr       Path
  --------------------------------------------------------------------------
  clock RX_CLK (rise edge)                                0.00       0.00
  clock network delay (ideal)                             0.00       0.00
  U_UART_RX/U0_FSM/Current_State_reg[2]/CK (DFFRQX2M)     0.00       0.00 r
  U_UART_RX/U0_FSM/Current_State_reg[2]/Q (DFFRQX2M)      0.50       0.50 f
  U_UART_RX/U0_FSM/U22/Y (NOR3X2M)                        0.26       0.77 r
  U_UART_RX/U0_FSM/Strt_chk_en (RX_FSM)                   0.00       0.77 r
  U_UART_RX/U0_strt_check/Strt_chk_en (Strt_Check)        0.00       0.77 r
  U_UART_RX/U0_strt_check/U2/Y (AO2B2X2M)                 0.36       1.12 f
  U_UART_RX/U0_strt_check/Strt_glitch_reg/D (DFFRQX2M)
                                                          0.00       1.12 f
  data arrival time                                                  1.12

  clock RX_CLK (rise edge)                              271.30     271.30
  clock network delay (ideal)                             0.00     271.30
  clock uncertainty                                      -0.20     271.10
  U_UART_RX/U0_strt_check/Strt_glitch_reg/CK (DFFRQX2M)
                                                          0.00     271.10 r
  library setup time                                     -0.16     270.93
  data required time                                               270.93
  --------------------------------------------------------------------------
  data required time                                               270.93
  data arrival time                                                 -1.12
  --------------------------------------------------------------------------
  slack (MET)                                                      269.81


  Startpoint: U_ASYC_FIFO/Rptr_empty/R_bin_reg[0]
              (rising edge-triggered flip-flop clocked by TX_CLK)
  Endpoint: U_UART_TX/parit_calc/par_bit_reg
            (rising edge-triggered flip-flop clocked by TX_CLK)
  Path Group: TX_CLK
  Path Type: max

  Point                                                   Incr       Path
  --------------------------------------------------------------------------
  clock TX_CLK (rise edge)                                0.00       0.00
  clock network delay (ideal)                             0.00       0.00
  U_ASYC_FIFO/Rptr_empty/R_bin_reg[0]/CK (DFFRQX2M)       0.00       0.00 r
  U_ASYC_FIFO/Rptr_empty/R_bin_reg[0]/Q (DFFRQX2M)        0.39       0.39 r
  U_ASYC_FIFO/Rptr_empty/R_addr[0] (Rptr_empty_ADDR_WIDTH3)
                                                          0.00       0.39 r
  U_ASYC_FIFO/FIFO_memory/R_addr[0] (FIFO_Memory_BUS_WIDTH8_ADDR_WIDTH3_DEPTH8)
                                                          0.00       0.39 r
  U_ASYC_FIFO/FIFO_memory/U110/Y (BUFX2M)                 0.54       0.93 r
  U_ASYC_FIFO/FIFO_memory/U107/Y (MX4X1M)                 0.45       1.38 f
  U_ASYC_FIFO/FIFO_memory/U106/Y (MX2X2M)                 0.25       1.62 f
  U_ASYC_FIFO/FIFO_memory/R_data[5] (FIFO_Memory_BUS_WIDTH8_ADDR_WIDTH3_DEPTH8)
                                                          0.00       1.62 f
  U_ASYC_FIFO/RD_DATA[5] (ASYC_FIFO)                      0.00       1.62 f
  U_UART_TX/P_Data[5] (UART_TX)                           0.00       1.62 f
  U_UART_TX/parit_calc/P_Data[5] (Parity_Calc)            0.00       1.62 f
  U_UART_TX/parit_calc/U2/Y (XOR3XLM)                     0.49       2.11 f
  U_UART_TX/parit_calc/U7/Y (XOR3XLM)                     0.51       2.62 f
  U_UART_TX/parit_calc/U5/Y (OAI2BB2X1M)                  0.14       2.77 r
  U_UART_TX/parit_calc/par_bit_reg/D (DFFRQX2M)           0.00       2.77 r
  data arrival time                                                  2.77

  clock TX_CLK (rise edge)                             8681.47    8681.47
  clock network delay (ideal)                             0.00    8681.47
  clock uncertainty                                      -0.20    8681.27
  U_UART_TX/parit_calc/par_bit_reg/CK (DFFRQX2M)          0.00    8681.27 r
  library setup time                                     -0.31    8680.96
  data required time                                              8680.96
  --------------------------------------------------------------------------
  data required time                                              8680.96
  data arrival time                                                 -2.77
  --------------------------------------------------------------------------
  slack (MET)                                                     8678.19


  Startpoint: U_UART_TX/fsm/Current_State_reg[2]
              (rising edge-triggered flip-flop clocked by TX_CLK)
  Endpoint: U_UART_TX/serializer/count_reg[3]
            (rising edge-triggered flip-flop clocked by TX_CLK)
  Path Group: TX_CLK
  Path Type: max

  Point                                                   Incr       Path
  --------------------------------------------------------------------------
  clock TX_CLK (rise edge)                                0.00       0.00
  clock network delay (ideal)                             0.00       0.00
  U_UART_TX/fsm/Current_State_reg[2]/CK (DFFRQX2M)        0.00       0.00 r
  U_UART_TX/fsm/Current_State_reg[2]/Q (DFFRQX2M)         0.51       0.51 f
  U_UART_TX/fsm/U15/Y (NOR3X2M)                           0.24       0.75 r
  U_UART_TX/fsm/U4/Y (NAND2BX2M)                          0.18       0.94 r
  U_UART_TX/fsm/ser_en (TX_FSM)                           0.00       0.94 r
  U_UART_TX/serializer/ser_en (Serializer)                0.00       0.94 r
  U_UART_TX/serializer/U7/Y (NAND2X2M)                    0.12       1.06 f
  U_UART_TX/serializer/U4/Y (INVX2M)                      0.19       1.25 r
  U_UART_TX/serializer/U3/Y (OR2X2M)                      0.30       1.55 r
  U_UART_TX/serializer/U5/Y (AOI21BX2M)                   0.18       1.73 r
  U_UART_TX/serializer/U9/Y (OAI21X2M)                    0.07       1.80 f
  U_UART_TX/serializer/U11/Y (AO21XLM)                    0.26       2.06 f
  U_UART_TX/serializer/U10/Y (AO22X1M)                    0.40       2.46 f
  U_UART_TX/serializer/count_reg[3]/D (DFFRQX2M)          0.00       2.46 f
  data arrival time                                                  2.46

  clock TX_CLK (rise edge)                             8681.47    8681.47
  clock network delay (ideal)                             0.00    8681.47
  clock uncertainty                                      -0.20    8681.27
  U_UART_TX/serializer/count_reg[3]/CK (DFFRQX2M)         0.00    8681.27 r
  library setup time                                     -0.17    8681.11
  data required time                                              8681.11
  --------------------------------------------------------------------------
  data required time                                              8681.11
  data arrival time                                                 -2.46
  --------------------------------------------------------------------------
  slack (MET)                                                     8678.65


  Startpoint: U_ASYC_FIFO/Rptr_empty/R_bin_reg[1]
              (rising edge-triggered flip-flop clocked by TX_CLK)
  Endpoint: U_ASYC_FIFO/Rptr_empty/R_empty_reg
            (rising edge-triggered flip-flop clocked by TX_CLK)
  Path Group: TX_CLK
  Path Type: max

  Point                                                   Incr       Path
  --------------------------------------------------------------------------
  clock TX_CLK (rise edge)                                0.00       0.00
  clock network delay (ideal)                             0.00       0.00
  U_ASYC_FIFO/Rptr_empty/R_bin_reg[1]/CK (DFFRQX2M)       0.00       0.00 r
  U_ASYC_FIFO/Rptr_empty/R_bin_reg[1]/Q (DFFRQX2M)        0.80       0.80 r
  U_ASYC_FIFO/Rptr_empty/U17/Y (CLKXOR2X2M)               0.46       1.26 f
  U_ASYC_FIFO/Rptr_empty/U4/Y (CLKXOR2X2M)                0.29       1.54 r
  U_ASYC_FIFO/Rptr_empty/U13/Y (CLKXOR2X2M)               0.29       1.84 f
  U_ASYC_FIFO/Rptr_empty/U10/Y (NOR4X1M)                  0.24       2.07 r
  U_ASYC_FIFO/Rptr_empty/R_empty_reg/D (DFFSQX2M)         0.00       2.07 r
  data arrival time                                                  2.07

  clock TX_CLK (rise edge)                             8681.47    8681.47
  clock network delay (ideal)                             0.00    8681.47
  clock uncertainty                                      -0.20    8681.27
  U_ASYC_FIFO/Rptr_empty/R_empty_reg/CK (DFFSQX2M)        0.00    8681.27 r
  library setup time                                     -0.20    8681.07
  data required time                                              8681.07
  --------------------------------------------------------------------------
  data required time                                              8681.07
  data arrival time                                                 -2.07
  --------------------------------------------------------------------------
  slack (MET)                                                     8679.00


  Startpoint: U_UART_TX/fsm/Current_State_reg[1]
              (rising edge-triggered flip-flop clocked by TX_CLK)
  Endpoint: U_UART_TX/serializer/count_reg[2]
            (rising edge-triggered flip-flop clocked by TX_CLK)
  Path Group: TX_CLK
  Path Type: max

  Point                                                   Incr       Path
  --------------------------------------------------------------------------
  clock TX_CLK (rise edge)                                0.00       0.00
  clock network delay (ideal)                             0.00       0.00
  U_UART_TX/fsm/Current_State_reg[1]/CK (DFFRQX2M)        0.00       0.00 r
  U_UART_TX/fsm/Current_State_reg[1]/Q (DFFRQX2M)         0.50       0.50 f
  U_UART_TX/fsm/U14/Y (INVX2M)                            0.09       0.59 r
  U_UART_TX/fsm/U10/Y (NOR2X2M)                           0.05       0.65 f
  U_UART_TX/fsm/U3/Y (NAND2X2M)                           0.11       0.75 r
  U_UART_TX/fsm/U4/Y (NAND2BX2M)                          0.10       0.86 f
  U_UART_TX/fsm/ser_en (TX_FSM)                           0.00       0.86 f
  U_UART_TX/serializer/ser_en (Serializer)                0.00       0.86 f
  U_UART_TX/serializer/U7/Y (NAND2X2M)                    0.14       0.99 r
  U_UART_TX/serializer/U4/Y (INVX2M)                      0.13       1.13 f
  U_UART_TX/serializer/U3/Y (OR2X2M)                      0.29       1.41 f
  U_UART_TX/serializer/U5/Y (AOI21BX2M)                   0.20       1.62 f
  U_UART_TX/serializer/U9/Y (OAI21X2M)                    0.06       1.68 r
  U_UART_TX/serializer/U32/Y (OAI2BB1X2M)                 0.14       1.82 r
  U_UART_TX/serializer/count_reg[2]/D (DFFRQX2M)          0.00       1.82 r
  data arrival time                                                  1.82

  clock TX_CLK (rise edge)                             8681.47    8681.47
  clock network delay (ideal)                             0.00    8681.47
  clock uncertainty                                      -0.20    8681.27
  U_UART_TX/serializer/count_reg[2]/CK (DFFRQX2M)         0.00    8681.27 r
  library setup time                                     -0.30    8680.97
  data required time                                              8680.97
  --------------------------------------------------------------------------
  data required time                                              8680.97
  data arrival time                                                 -1.82
  --------------------------------------------------------------------------
  slack (MET)                                                     8679.15


  Startpoint: U_ASYC_FIFO/Rptr_empty/R_bin_reg[0]
              (rising edge-triggered flip-flop clocked by TX_CLK)
  Endpoint: U_UART_TX/serializer/serializer_reg[7]
            (rising edge-triggered flip-flop clocked by TX_CLK)
  Path Group: TX_CLK
  Path Type: max

  Point                                                   Incr       Path
  --------------------------------------------------------------------------
  clock TX_CLK (rise edge)                                0.00       0.00
  clock network delay (ideal)                             0.00       0.00
  U_ASYC_FIFO/Rptr_empty/R_bin_reg[0]/CK (DFFRQX2M)       0.00       0.00 r
  U_ASYC_FIFO/Rptr_empty/R_bin_reg[0]/Q (DFFRQX2M)        0.39       0.39 r
  U_ASYC_FIFO/Rptr_empty/R_addr[0] (Rptr_empty_ADDR_WIDTH3)
                                                          0.00       0.39 r
  U_ASYC_FIFO/FIFO_memory/R_addr[0] (FIFO_Memory_BUS_WIDTH8_ADDR_WIDTH3_DEPTH8)
                                                          0.00       0.39 r
  U_ASYC_FIFO/FIFO_memory/U110/Y (BUFX2M)                 0.54       0.93 r
  U_ASYC_FIFO/FIFO_memory/U101/Y (MX4X1M)                 0.45       1.38 f
  U_ASYC_FIFO/FIFO_memory/U100/Y (MX2X2M)                 0.25       1.63 f
  U_ASYC_FIFO/FIFO_memory/R_data[7] (FIFO_Memory_BUS_WIDTH8_ADDR_WIDTH3_DEPTH8)
                                                          0.00       1.63 f
  U_ASYC_FIFO/RD_DATA[7] (ASYC_FIFO)                      0.00       1.63 f
  U_UART_TX/P_Data[7] (UART_TX)                           0.00       1.63 f
  U_UART_TX/serializer/P_Data[7] (Serializer)             0.00       1.63 f
  U_UART_TX/serializer/U34/Y (AO2B2X2M)                   0.31       1.94 f
  U_UART_TX/serializer/serializer_reg[7]/D (DFFRQX2M)     0.00       1.94 f
  data arrival time                                                  1.94

  clock TX_CLK (rise edge)                             8681.47    8681.47
  clock network delay (ideal)                             0.00    8681.47
  clock uncertainty                                      -0.20    8681.27
  U_UART_TX/serializer/serializer_reg[7]/CK (DFFRQX2M)
                                                          0.00    8681.27 r
  library setup time                                     -0.16    8681.11
  data required time                                              8681.11
  --------------------------------------------------------------------------
  data required time                                              8681.11
  data arrival time                                                 -1.94
  --------------------------------------------------------------------------
  slack (MET)                                                     8679.17


  Startpoint: U_UART_TX/fsm/Current_State_reg[1]
              (rising edge-triggered flip-flop clocked by TX_CLK)
  Endpoint: U_UART_TX/serializer/count_reg[1]
            (rising edge-triggered flip-flop clocked by TX_CLK)
  Path Group: TX_CLK
  Path Type: max

  Point                                                   Incr       Path
  --------------------------------------------------------------------------
  clock TX_CLK (rise edge)                                0.00       0.00
  clock network delay (ideal)                             0.00       0.00
  U_UART_TX/fsm/Current_State_reg[1]/CK (DFFRQX2M)        0.00       0.00 r
  U_UART_TX/fsm/Current_State_reg[1]/Q (DFFRQX2M)         0.50       0.50 f
  U_UART_TX/fsm/U14/Y (INVX2M)                            0.09       0.59 r
  U_UART_TX/fsm/U10/Y (NOR2X2M)                           0.05       0.65 f
  U_UART_TX/fsm/U3/Y (NAND2X2M)                           0.11       0.75 r
  U_UART_TX/fsm/U4/Y (NAND2BX2M)                          0.10       0.86 f
  U_UART_TX/fsm/ser_en (TX_FSM)                           0.00       0.86 f
  U_UART_TX/serializer/ser_en (Serializer)                0.00       0.86 f
  U_UART_TX/serializer/U7/Y (NAND2X2M)                    0.14       0.99 r
  U_UART_TX/serializer/U4/Y (INVX2M)                      0.13       1.13 f
  U_UART_TX/serializer/U3/Y (OR2X2M)                      0.29       1.41 f
  U_UART_TX/serializer/U5/Y (AOI21BX2M)                   0.20       1.62 f
  U_UART_TX/serializer/U12/Y (OAI32X1M)                   0.10       1.72 r
  U_UART_TX/serializer/count_reg[1]/D (DFFRQX2M)          0.00       1.72 r
  data arrival time                                                  1.72

  clock TX_CLK (rise edge)                             8681.47    8681.47
  clock network delay (ideal)                             0.00    8681.47
  clock uncertainty                                      -0.20    8681.27
  U_UART_TX/serializer/count_reg[1]/CK (DFFRQX2M)         0.00    8681.27 r
  library setup time                                     -0.35    8680.92
  data required time                                              8680.92
  --------------------------------------------------------------------------
  data required time                                              8680.92
  data arrival time                                                 -1.72
  --------------------------------------------------------------------------
  slack (MET)                                                     8679.20


  Startpoint: U_ASYC_FIFO/Rptr_empty/R_bin_reg[0]
              (rising edge-triggered flip-flop clocked by TX_CLK)
  Endpoint: U_UART_TX/serializer/serializer_reg[2]
            (rising edge-triggered flip-flop clocked by TX_CLK)
  Path Group: TX_CLK
  Path Type: max

  Point                                                   Incr       Path
  --------------------------------------------------------------------------
  clock TX_CLK (rise edge)                                0.00       0.00
  clock network delay (ideal)                             0.00       0.00
  U_ASYC_FIFO/Rptr_empty/R_bin_reg[0]/CK (DFFRQX2M)       0.00       0.00 r
  U_ASYC_FIFO/Rptr_empty/R_bin_reg[0]/Q (DFFRQX2M)        0.39       0.39 r
  U_ASYC_FIFO/Rptr_empty/R_addr[0] (Rptr_empty_ADDR_WIDTH3)
                                                          0.00       0.39 r
  U_ASYC_FIFO/FIFO_memory/R_addr[0] (FIFO_Memory_BUS_WIDTH8_ADDR_WIDTH3_DEPTH8)
                                                          0.00       0.39 r
  U_ASYC_FIFO/FIFO_memory/U110/Y (BUFX2M)                 0.54       0.93 r
  U_ASYC_FIFO/FIFO_memory/U112/Y (MX4X1M)                 0.45       1.38 f
  U_ASYC_FIFO/FIFO_memory/U111/Y (MX2X2M)                 0.25       1.63 f
  U_ASYC_FIFO/FIFO_memory/R_data[2] (FIFO_Memory_BUS_WIDTH8_ADDR_WIDTH3_DEPTH8)
                                                          0.00       1.63 f
  U_ASYC_FIFO/RD_DATA[2] (ASYC_FIFO)                      0.00       1.63 f
  U_UART_TX/P_Data[2] (UART_TX)                           0.00       1.63 f
  U_UART_TX/serializer/P_Data[2] (Serializer)             0.00       1.63 f
  U_UART_TX/serializer/U18/Y (AOI22X1M)                   0.15       1.78 r
  U_UART_TX/serializer/U17/Y (OAI2B1X2M)                  0.09       1.87 f
  U_UART_TX/serializer/serializer_reg[2]/D (DFFRQX2M)     0.00       1.87 f
  data arrival time                                                  1.87

  clock TX_CLK (rise edge)                             8681.47    8681.47
  clock network delay (ideal)                             0.00    8681.47
  clock uncertainty                                      -0.20    8681.27
  U_UART_TX/serializer/serializer_reg[2]/CK (DFFRQX2M)
                                                          0.00    8681.27 r
  library setup time                                     -0.16    8681.11
  data required time                                              8681.11
  --------------------------------------------------------------------------
  data required time                                              8681.11
  data arrival time                                                 -1.87
  --------------------------------------------------------------------------
  slack (MET)                                                     8679.24


  Startpoint: U_ASYC_FIFO/Rptr_empty/R_bin_reg[0]
              (rising edge-triggered flip-flop clocked by TX_CLK)
  Endpoint: U_UART_TX/serializer/serializer_reg[3]
            (rising edge-triggered flip-flop clocked by TX_CLK)
  Path Group: TX_CLK
  Path Type: max

  Point                                                   Incr       Path
  --------------------------------------------------------------------------
  clock TX_CLK (rise edge)                                0.00       0.00
  clock network delay (ideal)                             0.00       0.00
  U_ASYC_FIFO/Rptr_empty/R_bin_reg[0]/CK (DFFRQX2M)       0.00       0.00 r
  U_ASYC_FIFO/Rptr_empty/R_bin_reg[0]/Q (DFFRQX2M)        0.39       0.39 r
  U_ASYC_FIFO/Rptr_empty/R_addr[0] (Rptr_empty_ADDR_WIDTH3)
                                                          0.00       0.39 r
  U_ASYC_FIFO/FIFO_memory/R_addr[0] (FIFO_Memory_BUS_WIDTH8_ADDR_WIDTH3_DEPTH8)
                                                          0.00       0.39 r
  U_ASYC_FIFO/FIFO_memory/U110/Y (BUFX2M)                 0.54       0.93 r
  U_ASYC_FIFO/FIFO_memory/U115/Y (MX4X1M)                 0.45       1.38 f
  U_ASYC_FIFO/FIFO_memory/U114/Y (MX2X2M)                 0.25       1.62 f
  U_ASYC_FIFO/FIFO_memory/R_data[3] (FIFO_Memory_BUS_WIDTH8_ADDR_WIDTH3_DEPTH8)
                                                          0.00       1.62 f
  U_ASYC_FIFO/RD_DATA[3] (ASYC_FIFO)                      0.00       1.62 f
  U_UART_TX/P_Data[3] (UART_TX)                           0.00       1.62 f
  U_UART_TX/serializer/P_Data[3] (Serializer)             0.00       1.62 f
  U_UART_TX/serializer/U20/Y (AOI22X1M)                   0.15       1.78 r
  U_UART_TX/serializer/U19/Y (OAI2B1X2M)                  0.09       1.87 f
  U_UART_TX/serializer/serializer_reg[3]/D (DFFRQX2M)     0.00       1.87 f
  data arrival time                                                  1.87

  clock TX_CLK (rise edge)                             8681.47    8681.47
  clock network delay (ideal)                             0.00    8681.47
  clock uncertainty                                      -0.20    8681.27
  U_UART_TX/serializer/serializer_reg[3]/CK (DFFRQX2M)
                                                          0.00    8681.27 r
  library setup time                                     -0.16    8681.11
  data required time                                              8681.11
  --------------------------------------------------------------------------
  data required time                                              8681.11
  data arrival time                                                 -1.87
  --------------------------------------------------------------------------
  slack (MET)                                                     8679.24


  Startpoint: U_ASYC_FIFO/Rptr_empty/R_bin_reg[0]
              (rising edge-triggered flip-flop clocked by TX_CLK)
  Endpoint: U_UART_TX/serializer/serializer_reg[0]
            (rising edge-triggered flip-flop clocked by TX_CLK)
  Path Group: TX_CLK
  Path Type: max

  Point                                                   Incr       Path
  --------------------------------------------------------------------------
  clock TX_CLK (rise edge)                                0.00       0.00
  clock network delay (ideal)                             0.00       0.00
  U_ASYC_FIFO/Rptr_empty/R_bin_reg[0]/CK (DFFRQX2M)       0.00       0.00 r
  U_ASYC_FIFO/Rptr_empty/R_bin_reg[0]/Q (DFFRQX2M)        0.39       0.39 r
  U_ASYC_FIFO/Rptr_empty/R_addr[0] (Rptr_empty_ADDR_WIDTH3)
                                                          0.00       0.39 r
  U_ASYC_FIFO/FIFO_memory/R_addr[0] (FIFO_Memory_BUS_WIDTH8_ADDR_WIDTH3_DEPTH8)
                                                          0.00       0.39 r
  U_ASYC_FIFO/FIFO_memory/U110/Y (BUFX2M)                 0.54       0.93 r
  U_ASYC_FIFO/FIFO_memory/U118/Y (MX4X1M)                 0.45       1.38 f
  U_ASYC_FIFO/FIFO_memory/U117/Y (MX2X2M)                 0.25       1.62 f
  U_ASYC_FIFO/FIFO_memory/R_data[0] (FIFO_Memory_BUS_WIDTH8_ADDR_WIDTH3_DEPTH8)
                                                          0.00       1.62 f
  U_ASYC_FIFO/RD_DATA[0] (ASYC_FIFO)                      0.00       1.62 f
  U_UART_TX/P_Data[0] (UART_TX)                           0.00       1.62 f
  U_UART_TX/serializer/P_Data[0] (Serializer)             0.00       1.62 f
  U_UART_TX/serializer/U28/Y (AOI22X1M)                   0.15       1.78 r
  U_UART_TX/serializer/U27/Y (OAI21X2M)                   0.09       1.86 f
  U_UART_TX/serializer/serializer_reg[0]/D (DFFRX1M)      0.00       1.86 f
  data arrival time                                                  1.86

  clock TX_CLK (rise edge)                             8681.47    8681.47
  clock network delay (ideal)                             0.00    8681.47
  clock uncertainty                                      -0.20    8681.27
  U_UART_TX/serializer/serializer_reg[0]/CK (DFFRX1M)     0.00    8681.27 r
  library setup time                                     -0.16    8681.11
  data required time                                              8681.11
  --------------------------------------------------------------------------
  data required time                                              8681.11
  data arrival time                                                 -1.86
  --------------------------------------------------------------------------
  slack (MET)                                                     8679.24


  Startpoint: U_ASYC_FIFO/Rptr_empty/R_bin_reg[0]
              (rising edge-triggered flip-flop clocked by TX_CLK)
  Endpoint: U_UART_TX/serializer/serializer_reg[4]
            (rising edge-triggered flip-flop clocked by TX_CLK)
  Path Group: TX_CLK
  Path Type: max

  Point                                                   Incr       Path
  --------------------------------------------------------------------------
  clock TX_CLK (rise edge)                                0.00       0.00
  clock network delay (ideal)                             0.00       0.00
  U_ASYC_FIFO/Rptr_empty/R_bin_reg[0]/CK (DFFRQX2M)       0.00       0.00 r
  U_ASYC_FIFO/Rptr_empty/R_bin_reg[0]/Q (DFFRQX2M)        0.39       0.39 r
  U_ASYC_FIFO/Rptr_empty/R_addr[0] (Rptr_empty_ADDR_WIDTH3)
                                                          0.00       0.39 r
  U_ASYC_FIFO/FIFO_memory/R_addr[0] (FIFO_Memory_BUS_WIDTH8_ADDR_WIDTH3_DEPTH8)
                                                          0.00       0.39 r
  U_ASYC_FIFO/FIFO_memory/U110/Y (BUFX2M)                 0.54       0.93 r
  U_ASYC_FIFO/FIFO_memory/U104/Y (MX4X1M)                 0.45       1.38 f
  U_ASYC_FIFO/FIFO_memory/U103/Y (MX2X2M)                 0.25       1.62 f
  U_ASYC_FIFO/FIFO_memory/R_data[4] (FIFO_Memory_BUS_WIDTH8_ADDR_WIDTH3_DEPTH8)
                                                          0.00       1.62 f
  U_ASYC_FIFO/RD_DATA[4] (ASYC_FIFO)                      0.00       1.62 f
  U_UART_TX/P_Data[4] (UART_TX)                           0.00       1.62 f
  U_UART_TX/serializer/P_Data[4] (Serializer)             0.00       1.62 f
  U_UART_TX/serializer/U22/Y (AOI22X1M)                   0.15       1.78 r
  U_UART_TX/serializer/U21/Y (OAI2B1X2M)                  0.09       1.86 f
  U_UART_TX/serializer/serializer_reg[4]/D (DFFRQX2M)     0.00       1.86 f
  data arrival time                                                  1.86

  clock TX_CLK (rise edge)                             8681.47    8681.47
  clock network delay (ideal)                             0.00    8681.47
  clock uncertainty                                      -0.20    8681.27
  U_UART_TX/serializer/serializer_reg[4]/CK (DFFRQX2M)
                                                          0.00    8681.27 r
  library setup time                                     -0.16    8681.11
  data required time                                              8681.11
  --------------------------------------------------------------------------
  data required time                                              8681.11
  data arrival time                                                 -1.86
  --------------------------------------------------------------------------
  slack (MET)                                                     8679.25


  Startpoint: U_ASYC_FIFO/Rptr_empty/R_bin_reg[0]
              (rising edge-triggered flip-flop clocked by TX_CLK)
  Endpoint: U_UART_TX/serializer/serializer_reg[6]
            (rising edge-triggered flip-flop clocked by TX_CLK)
  Path Group: TX_CLK
  Path Type: max

  Point                                                   Incr       Path
  --------------------------------------------------------------------------
  clock TX_CLK (rise edge)                                0.00       0.00
  clock network delay (ideal)                             0.00       0.00
  U_ASYC_FIFO/Rptr_empty/R_bin_reg[0]/CK (DFFRQX2M)       0.00       0.00 r
  U_ASYC_FIFO/Rptr_empty/R_bin_reg[0]/Q (DFFRQX2M)        0.39       0.39 r
  U_ASYC_FIFO/Rptr_empty/R_addr[0] (Rptr_empty_ADDR_WIDTH3)
                                                          0.00       0.39 r
  U_ASYC_FIFO/FIFO_memory/R_addr[0] (FIFO_Memory_BUS_WIDTH8_ADDR_WIDTH3_DEPTH8)
                                                          0.00       0.39 r
  U_ASYC_FIFO/FIFO_memory/U110/Y (BUFX2M)                 0.54       0.93 r
  U_ASYC_FIFO/FIFO_memory/U98/Y (MX4X1M)                  0.45       1.38 f
  U_ASYC_FIFO/FIFO_memory/U97/Y (MX2X2M)                  0.25       1.62 f
  U_ASYC_FIFO/FIFO_memory/R_data[6] (FIFO_Memory_BUS_WIDTH8_ADDR_WIDTH3_DEPTH8)
                                                          0.00       1.62 f
  U_ASYC_FIFO/RD_DATA[6] (ASYC_FIFO)                      0.00       1.62 f
  U_UART_TX/P_Data[6] (UART_TX)                           0.00       1.62 f
  U_UART_TX/serializer/P_Data[6] (Serializer)             0.00       1.62 f
  U_UART_TX/serializer/U26/Y (AOI22X1M)                   0.15       1.77 r
  U_UART_TX/serializer/U25/Y (OAI2B1X2M)                  0.09       1.86 f
  U_UART_TX/serializer/serializer_reg[6]/D (DFFRQX2M)     0.00       1.86 f
  data arrival time                                                  1.86

  clock TX_CLK (rise edge)                             8681.47    8681.47
  clock network delay (ideal)                             0.00    8681.47
  clock uncertainty                                      -0.20    8681.27
  U_UART_TX/serializer/serializer_reg[6]/CK (DFFRQX2M)
                                                          0.00    8681.27 r
  library setup time                                     -0.16    8681.11
  data required time                                              8681.11
  --------------------------------------------------------------------------
  data required time                                              8681.11
  data arrival time                                                 -1.86
  --------------------------------------------------------------------------
  slack (MET)                                                     8679.25


  Startpoint: U_ASYC_FIFO/Rptr_empty/R_bin_reg[0]
              (rising edge-triggered flip-flop clocked by TX_CLK)
  Endpoint: U_UART_TX/serializer/serializer_reg[5]
            (rising edge-triggered flip-flop clocked by TX_CLK)
  Path Group: TX_CLK
  Path Type: max

  Point                                                   Incr       Path
  --------------------------------------------------------------------------
  clock TX_CLK (rise edge)                                0.00       0.00
  clock network delay (ideal)                             0.00       0.00
  U_ASYC_FIFO/Rptr_empty/R_bin_reg[0]/CK (DFFRQX2M)       0.00       0.00 r
  U_ASYC_FIFO/Rptr_empty/R_bin_reg[0]/Q (DFFRQX2M)        0.39       0.39 r
  U_ASYC_FIFO/Rptr_empty/R_addr[0] (Rptr_empty_ADDR_WIDTH3)
                                                          0.00       0.39 r
  U_ASYC_FIFO/FIFO_memory/R_addr[0] (FIFO_Memory_BUS_WIDTH8_ADDR_WIDTH3_DEPTH8)
                                                          0.00       0.39 r
  U_ASYC_FIFO/FIFO_memory/U110/Y (BUFX2M)                 0.54       0.93 r
  U_ASYC_FIFO/FIFO_memory/U107/Y (MX4X1M)                 0.45       1.38 f
  U_ASYC_FIFO/FIFO_memory/U106/Y (MX2X2M)                 0.25       1.62 f
  U_ASYC_FIFO/FIFO_memory/R_data[5] (FIFO_Memory_BUS_WIDTH8_ADDR_WIDTH3_DEPTH8)
                                                          0.00       1.62 f
  U_ASYC_FIFO/RD_DATA[5] (ASYC_FIFO)                      0.00       1.62 f
  U_UART_TX/P_Data[5] (UART_TX)                           0.00       1.62 f
  U_UART_TX/serializer/P_Data[5] (Serializer)             0.00       1.62 f
  U_UART_TX/serializer/U24/Y (AOI22X1M)                   0.15       1.77 r
  U_UART_TX/serializer/U23/Y (OAI2B1X2M)                  0.09       1.86 f
  U_UART_TX/serializer/serializer_reg[5]/D (DFFRQX2M)     0.00       1.86 f
  data arrival time                                                  1.86

  clock TX_CLK (rise edge)                             8681.47    8681.47
  clock network delay (ideal)                             0.00    8681.47
  clock uncertainty                                      -0.20    8681.27
  U_UART_TX/serializer/serializer_reg[5]/CK (DFFRQX2M)
                                                          0.00    8681.27 r
  library setup time                                     -0.16    8681.11
  data required time                                              8681.11
  --------------------------------------------------------------------------
  data required time                                              8681.11
  data arrival time                                                 -1.86
  --------------------------------------------------------------------------
  slack (MET)                                                     8679.25


  Startpoint: U_ASYC_FIFO/Rptr_empty/R_bin_reg[0]
              (rising edge-triggered flip-flop clocked by TX_CLK)
  Endpoint: U_UART_TX/serializer/serializer_reg[1]
            (rising edge-triggered flip-flop clocked by TX_CLK)
  Path Group: TX_CLK
  Path Type: max

  Point                                                   Incr       Path
  --------------------------------------------------------------------------
  clock TX_CLK (rise edge)                                0.00       0.00
  clock network delay (ideal)                             0.00       0.00
  U_ASYC_FIFO/Rptr_empty/R_bin_reg[0]/CK (DFFRQX2M)       0.00       0.00 r
  U_ASYC_FIFO/Rptr_empty/R_bin_reg[0]/Q (DFFRQX2M)        0.39       0.39 r
  U_ASYC_FIFO/Rptr_empty/R_addr[0] (Rptr_empty_ADDR_WIDTH3)
                                                          0.00       0.39 r
  U_ASYC_FIFO/FIFO_memory/R_addr[0] (FIFO_Memory_BUS_WIDTH8_ADDR_WIDTH3_DEPTH8)
                                                          0.00       0.39 r
  U_ASYC_FIFO/FIFO_memory/U110/Y (BUFX2M)                 0.54       0.93 r
  U_ASYC_FIFO/FIFO_memory/U121/Y (MX4X1M)                 0.45       1.38 f
  U_ASYC_FIFO/FIFO_memory/U120/Y (MX2X2M)                 0.25       1.62 f
  U_ASYC_FIFO/FIFO_memory/R_data[1] (FIFO_Memory_BUS_WIDTH8_ADDR_WIDTH3_DEPTH8)
                                                          0.00       1.62 f
  U_ASYC_FIFO/RD_DATA[1] (ASYC_FIFO)                      0.00       1.62 f
  U_UART_TX/P_Data[1] (UART_TX)                           0.00       1.62 f
  U_UART_TX/serializer/P_Data[1] (Serializer)             0.00       1.62 f
  U_UART_TX/serializer/U16/Y (AOI22X1M)                   0.15       1.77 r
  U_UART_TX/serializer/U15/Y (OAI2B1X2M)                  0.09       1.86 f
  U_UART_TX/serializer/serializer_reg[1]/D (DFFRQX2M)     0.00       1.86 f
  data arrival time                                                  1.86

  clock TX_CLK (rise edge)                             8681.47    8681.47
  clock network delay (ideal)                             0.00    8681.47
  clock uncertainty                                      -0.20    8681.27
  U_UART_TX/serializer/serializer_reg[1]/CK (DFFRQX2M)
                                                          0.00    8681.27 r
  library setup time                                     -0.16    8681.11
  data required time                                              8681.11
  --------------------------------------------------------------------------
  data required time                                              8681.11
  data arrival time                                                 -1.86
  --------------------------------------------------------------------------
  slack (MET)                                                     8679.25


  Startpoint: U_UART_TX/fsm/Current_State_reg[1]
              (rising edge-triggered flip-flop clocked by TX_CLK)
  Endpoint: U_UART_TX/serializer/count_reg[0]
            (rising edge-triggered flip-flop clocked by TX_CLK)
  Path Group: TX_CLK
  Path Type: max

  Point                                                   Incr       Path
  --------------------------------------------------------------------------
  clock TX_CLK (rise edge)                                0.00       0.00
  clock network delay (ideal)                             0.00       0.00
  U_UART_TX/fsm/Current_State_reg[1]/CK (DFFRQX2M)        0.00       0.00 r
  U_UART_TX/fsm/Current_State_reg[1]/Q (DFFRQX2M)         0.50       0.50 f
  U_UART_TX/fsm/U14/Y (INVX2M)                            0.09       0.59 r
  U_UART_TX/fsm/U10/Y (NOR2X2M)                           0.05       0.65 f
  U_UART_TX/fsm/U3/Y (NAND2X2M)                           0.11       0.75 r
  U_UART_TX/fsm/U4/Y (NAND2BX2M)                          0.10       0.86 f
  U_UART_TX/fsm/ser_en (TX_FSM)                           0.00       0.86 f
  U_UART_TX/serializer/ser_en (Serializer)                0.00       0.86 f
  U_UART_TX/serializer/U7/Y (NAND2X2M)                    0.14       0.99 r
  U_UART_TX/serializer/U4/Y (INVX2M)                      0.13       1.13 f
  U_UART_TX/serializer/U3/Y (OR2X2M)                      0.29       1.41 f
  U_UART_TX/serializer/U13/Y (OAI22X1M)                   0.13       1.54 r
  U_UART_TX/serializer/count_reg[0]/D (DFFRQX2M)          0.00       1.54 r
  data arrival time                                                  1.54

  clock TX_CLK (rise edge)                             8681.47    8681.47
  clock network delay (ideal)                             0.00    8681.47
  clock uncertainty                                      -0.20    8681.27
  U_UART_TX/serializer/count_reg[0]/CK (DFFRQX2M)         0.00    8681.27 r
  library setup time                                     -0.33    8680.94
  data required time                                              8680.94
  --------------------------------------------------------------------------
  data required time                                              8680.94
  data arrival time                                                 -1.54
  --------------------------------------------------------------------------
  slack (MET)                                                     8679.40


  Startpoint: U_ASYC_FIFO/Rptr_empty/R_bin_reg[1]
              (rising edge-triggered flip-flop clocked by TX_CLK)
  Endpoint: U_ASYC_FIFO/Rptr_empty/R_ptr_reg[1]
            (rising edge-triggered flip-flop clocked by TX_CLK)
  Path Group: TX_CLK
  Path Type: max

  Point                                                   Incr       Path
  --------------------------------------------------------------------------
  clock TX_CLK (rise edge)                                0.00       0.00
  clock network delay (ideal)                             0.00       0.00
  U_ASYC_FIFO/Rptr_empty/R_bin_reg[1]/CK (DFFRQX2M)       0.00       0.00 r
  U_ASYC_FIFO/Rptr_empty/R_bin_reg[1]/Q (DFFRQX2M)        0.80       0.80 r
  U_ASYC_FIFO/Rptr_empty/U17/Y (CLKXOR2X2M)               0.46       1.26 f
  U_ASYC_FIFO/Rptr_empty/U4/Y (CLKXOR2X2M)                0.29       1.54 r
  U_ASYC_FIFO/Rptr_empty/R_ptr_reg[1]/D (DFFRQX2M)        0.00       1.54 r
  data arrival time                                                  1.54

  clock TX_CLK (rise edge)                             8681.47    8681.47
  clock network delay (ideal)                             0.00    8681.47
  clock uncertainty                                      -0.20    8681.27
  U_ASYC_FIFO/Rptr_empty/R_ptr_reg[1]/CK (DFFRQX2M)       0.00    8681.27 r
  library setup time                                     -0.30    8680.97
  data required time                                              8680.97
  --------------------------------------------------------------------------
  data required time                                              8680.97
  data arrival time                                                 -1.54
  --------------------------------------------------------------------------
  slack (MET)                                                     8679.42


  Startpoint: U_Pulse_Gen/Pulse_reg_reg[1]
              (rising edge-triggered flip-flop clocked by TX_CLK)
  Endpoint: U_ASYC_FIFO/Rptr_empty/R_ptr_reg[2]
            (rising edge-triggered flip-flop clocked by TX_CLK)
  Path Group: TX_CLK
  Path Type: max

  Point                                                   Incr       Path
  --------------------------------------------------------------------------
  clock TX_CLK (rise edge)                                0.00       0.00
  clock network delay (ideal)                             0.00       0.00
  U_Pulse_Gen/Pulse_reg_reg[1]/CK (DFFRQX2M)              0.00       0.00 r
  U_Pulse_Gen/Pulse_reg_reg[1]/Q (DFFRQX2M)               0.46       0.46 f
  U_Pulse_Gen/U3/Y (NOR2BX2M)                             0.10       0.56 r
  U_Pulse_Gen/Pulse (Pulse_Gen)                           0.00       0.56 r
  U_ASYC_FIFO/R_INC (ASYC_FIFO)                           0.00       0.56 r
  U_ASYC_FIFO/Rptr_empty/R_inc (Rptr_empty_ADDR_WIDTH3)
                                                          0.00       0.56 r
  U_ASYC_FIFO/Rptr_empty/U14/Y (NOR2BX2M)                 0.19       0.74 r
  U_ASYC_FIFO/Rptr_empty/U15/Y (AND2X2M)                  0.20       0.94 r
  U_ASYC_FIFO/Rptr_empty/U9/Y (NAND2X2M)                  0.07       1.01 f
  U_ASYC_FIFO/Rptr_empty/U8/Y (XNOR2X2M)                  0.17       1.18 f
  U_ASYC_FIFO/Rptr_empty/U3/Y (CLKXOR2X2M)                0.29       1.47 r
  U_ASYC_FIFO/Rptr_empty/R_ptr_reg[2]/D (DFFRQX2M)        0.00       1.47 r
  data arrival time                                                  1.47

  clock TX_CLK (rise edge)                             8681.47    8681.47
  clock network delay (ideal)                             0.00    8681.47
  clock uncertainty                                      -0.20    8681.27
  U_ASYC_FIFO/Rptr_empty/R_ptr_reg[2]/CK (DFFRQX2M)       0.00    8681.27 r
  library setup time                                     -0.30    8680.97
  data required time                                              8680.97
  --------------------------------------------------------------------------
  data required time                                              8680.97
  data arrival time                                                 -1.47
  --------------------------------------------------------------------------
  slack (MET)                                                     8679.50


  Startpoint: U_ASYC_FIFO/Rptr_empty/R_bin_reg[1]
              (rising edge-triggered flip-flop clocked by TX_CLK)
  Endpoint: U_ASYC_FIFO/Rptr_empty/R_ptr_reg[0]
            (rising edge-triggered flip-flop clocked by TX_CLK)
  Path Group: TX_CLK
  Path Type: max

  Point                                                   Incr       Path
  --------------------------------------------------------------------------
  clock TX_CLK (rise edge)                                0.00       0.00
  clock network delay (ideal)                             0.00       0.00
  U_ASYC_FIFO/Rptr_empty/R_bin_reg[1]/CK (DFFRQX2M)       0.00       0.00 r
  U_ASYC_FIFO/Rptr_empty/R_bin_reg[1]/Q (DFFRQX2M)        0.80       0.80 r
  U_ASYC_FIFO/Rptr_empty/U17/Y (CLKXOR2X2M)               0.46       1.26 f
  U_ASYC_FIFO/Rptr_empty/U5/Y (CLKXOR2X2M)                0.21       1.47 r
  U_ASYC_FIFO/Rptr_empty/R_ptr_reg[0]/D (DFFRQX2M)        0.00       1.47 r
  data arrival time                                                  1.47

  clock TX_CLK (rise edge)                             8681.47    8681.47
  clock network delay (ideal)                             0.00    8681.47
  clock uncertainty                                      -0.20    8681.27
  U_ASYC_FIFO/Rptr_empty/R_ptr_reg[0]/CK (DFFRQX2M)       0.00    8681.27 r
  library setup time                                     -0.30    8680.97
  data required time                                              8680.97
  --------------------------------------------------------------------------
  data required time                                              8680.97
  data arrival time                                                 -1.47
  --------------------------------------------------------------------------
  slack (MET)                                                     8679.50


  Startpoint: U_Pulse_Gen/Pulse_reg_reg[1]
              (rising edge-triggered flip-flop clocked by TX_CLK)
  Endpoint: U_ASYC_FIFO/Rptr_empty/R_bin_reg[3]
            (rising edge-triggered flip-flop clocked by TX_CLK)
  Path Group: TX_CLK
  Path Type: max

  Point                                                   Incr       Path
  --------------------------------------------------------------------------
  clock TX_CLK (rise edge)                                0.00       0.00
  clock network delay (ideal)                             0.00       0.00
  U_Pulse_Gen/Pulse_reg_reg[1]/CK (DFFRQX2M)              0.00       0.00 r
  U_Pulse_Gen/Pulse_reg_reg[1]/Q (DFFRQX2M)               0.46       0.46 f
  U_Pulse_Gen/U3/Y (NOR2BX2M)                             0.10       0.56 r
  U_Pulse_Gen/Pulse (Pulse_Gen)                           0.00       0.56 r
  U_ASYC_FIFO/R_INC (ASYC_FIFO)                           0.00       0.56 r
  U_ASYC_FIFO/Rptr_empty/R_inc (Rptr_empty_ADDR_WIDTH3)
                                                          0.00       0.56 r
  U_ASYC_FIFO/Rptr_empty/U14/Y (NOR2BX2M)                 0.19       0.74 r
  U_ASYC_FIFO/Rptr_empty/U15/Y (AND2X2M)                  0.20       0.94 r
  U_ASYC_FIFO/Rptr_empty/U7/Y (NAND3X2M)                  0.10       1.04 f
  U_ASYC_FIFO/Rptr_empty/U6/Y (XNOR2X2M)                  0.18       1.22 r
  U_ASYC_FIFO/Rptr_empty/R_bin_reg[3]/D (DFFRQX2M)        0.00       1.22 r
  data arrival time                                                  1.22

  clock TX_CLK (rise edge)                             8681.47    8681.47
  clock network delay (ideal)                             0.00    8681.47
  clock uncertainty                                      -0.20    8681.27
  U_ASYC_FIFO/Rptr_empty/R_bin_reg[3]/CK (DFFRQX2M)       0.00    8681.27 r
  library setup time                                     -0.34    8680.93
  data required time                                              8680.93
  --------------------------------------------------------------------------
  data required time                                              8680.93
  data arrival time                                                 -1.22
  --------------------------------------------------------------------------
  slack (MET)                                                     8679.71


  Startpoint: U_Pulse_Gen/Pulse_reg_reg[1]
              (rising edge-triggered flip-flop clocked by TX_CLK)
  Endpoint: U_ASYC_FIFO/Rptr_empty/R_ptr_reg[3]
            (rising edge-triggered flip-flop clocked by TX_CLK)
  Path Group: TX_CLK
  Path Type: max

  Point                                                   Incr       Path
  --------------------------------------------------------------------------
  clock TX_CLK (rise edge)                                0.00       0.00
  clock network delay (ideal)                             0.00       0.00
  U_Pulse_Gen/Pulse_reg_reg[1]/CK (DFFRQX2M)              0.00       0.00 r
  U_Pulse_Gen/Pulse_reg_reg[1]/Q (DFFRQX2M)               0.46       0.46 f
  U_Pulse_Gen/U3/Y (NOR2BX2M)                             0.10       0.56 r
  U_Pulse_Gen/Pulse (Pulse_Gen)                           0.00       0.56 r
  U_ASYC_FIFO/R_INC (ASYC_FIFO)                           0.00       0.56 r
  U_ASYC_FIFO/Rptr_empty/R_inc (Rptr_empty_ADDR_WIDTH3)
                                                          0.00       0.56 r
  U_ASYC_FIFO/Rptr_empty/U14/Y (NOR2BX2M)                 0.19       0.74 r
  U_ASYC_FIFO/Rptr_empty/U15/Y (AND2X2M)                  0.20       0.94 r
  U_ASYC_FIFO/Rptr_empty/U7/Y (NAND3X2M)                  0.10       1.04 f
  U_ASYC_FIFO/Rptr_empty/U6/Y (XNOR2X2M)                  0.18       1.22 r
  U_ASYC_FIFO/Rptr_empty/R_ptr_reg[3]/D (DFFRQX2M)        0.00       1.22 r
  data arrival time                                                  1.22

  clock TX_CLK (rise edge)                             8681.47    8681.47
  clock network delay (ideal)                             0.00    8681.47
  clock uncertainty                                      -0.20    8681.27
  U_ASYC_FIFO/Rptr_empty/R_ptr_reg[3]/CK (DFFRQX2M)       0.00    8681.27 r
  library setup time                                     -0.34    8680.93
  data required time                                              8680.93
  --------------------------------------------------------------------------
  data required time                                              8680.93
  data arrival time                                                 -1.22
  --------------------------------------------------------------------------
  slack (MET)                                                     8679.71


  Startpoint: U_UART_TX/fsm/Current_State_reg[2]
              (rising edge-triggered flip-flop clocked by TX_CLK)
  Endpoint: U_UART_TX/serializer/ser_data_reg
            (rising edge-triggered flip-flop clocked by TX_CLK)
  Path Group: TX_CLK
  Path Type: max

  Point                                                   Incr       Path
  --------------------------------------------------------------------------
  clock TX_CLK (rise edge)                                0.00       0.00
  clock network delay (ideal)                             0.00       0.00
  U_UART_TX/fsm/Current_State_reg[2]/CK (DFFRQX2M)        0.00       0.00 r
  U_UART_TX/fsm/Current_State_reg[2]/Q (DFFRQX2M)         0.51       0.51 f
  U_UART_TX/fsm/U15/Y (NOR3X2M)                           0.24       0.75 r
  U_UART_TX/fsm/U4/Y (NAND2BX2M)                          0.18       0.94 r
  U_UART_TX/fsm/ser_en (TX_FSM)                           0.00       0.94 r
  U_UART_TX/serializer/ser_en (Serializer)                0.00       0.94 r
  U_UART_TX/serializer/U7/Y (NAND2X2M)                    0.12       1.06 f
  U_UART_TX/serializer/U14/Y (OAI2BB2X1M)                 0.14       1.20 r
  U_UART_TX/serializer/ser_data_reg/D (DFFRQX2M)          0.00       1.20 r
  data arrival time                                                  1.20

  clock TX_CLK (rise edge)                             8681.47    8681.47
  clock network delay (ideal)                             0.00    8681.47
  clock uncertainty                                      -0.20    8681.27
  U_UART_TX/serializer/ser_data_reg/CK (DFFRQX2M)         0.00    8681.27 r
  library setup time                                     -0.31    8680.96
  data required time                                              8680.96
  --------------------------------------------------------------------------
  data required time                                              8680.96
  data arrival time                                                 -1.20
  --------------------------------------------------------------------------
  slack (MET)                                                     8679.76


  Startpoint: U_ASYC_FIFO/Rptr_empty/R_bin_reg[1]
              (rising edge-triggered flip-flop clocked by TX_CLK)
  Endpoint: U_ASYC_FIFO/Rptr_empty/R_bin_reg[1]
            (rising edge-triggered flip-flop clocked by TX_CLK)
  Path Group: TX_CLK
  Path Type: max

  Point                                                   Incr       Path
  --------------------------------------------------------------------------
  clock TX_CLK (rise edge)                                0.00       0.00
  clock network delay (ideal)                             0.00       0.00
  U_ASYC_FIFO/Rptr_empty/R_bin_reg[1]/CK (DFFRQX2M)       0.00       0.00 r
  U_ASYC_FIFO/Rptr_empty/R_bin_reg[1]/Q (DFFRQX2M)        0.80       0.80 r
  U_ASYC_FIFO/Rptr_empty/U17/Y (CLKXOR2X2M)               0.40       1.20 r
  U_ASYC_FIFO/Rptr_empty/R_bin_reg[1]/D (DFFRQX2M)        0.00       1.20 r
  data arrival time                                                  1.20

  clock TX_CLK (rise edge)                             8681.47    8681.47
  clock network delay (ideal)                             0.00    8681.47
  clock uncertainty                                      -0.20    8681.27
  U_ASYC_FIFO/Rptr_empty/R_bin_reg[1]/CK (DFFRQX2M)       0.00    8681.27 r
  library setup time                                     -0.31    8680.96
  data required time                                              8680.96
  --------------------------------------------------------------------------
  data required time                                              8680.96
  data arrival time                                                 -1.20
  --------------------------------------------------------------------------
  slack (MET)                                                     8679.76


  Startpoint: U_Pulse_Gen/Pulse_reg_reg[1]
              (rising edge-triggered flip-flop clocked by TX_CLK)
  Endpoint: U_ASYC_FIFO/Rptr_empty/R_bin_reg[2]
            (rising edge-triggered flip-flop clocked by TX_CLK)
  Path Group: TX_CLK
  Path Type: max

  Point                                                   Incr       Path
  --------------------------------------------------------------------------
  clock TX_CLK (rise edge)                                0.00       0.00
  clock network delay (ideal)                             0.00       0.00
  U_Pulse_Gen/Pulse_reg_reg[1]/CK (DFFRQX2M)              0.00       0.00 r
  U_Pulse_Gen/Pulse_reg_reg[1]/Q (DFFRQX2M)               0.46       0.46 f
  U_Pulse_Gen/U3/Y (NOR2BX2M)                             0.10       0.56 r
  U_Pulse_Gen/Pulse (Pulse_Gen)                           0.00       0.56 r
  U_ASYC_FIFO/R_INC (ASYC_FIFO)                           0.00       0.56 r
  U_ASYC_FIFO/Rptr_empty/R_inc (Rptr_empty_ADDR_WIDTH3)
                                                          0.00       0.56 r
  U_ASYC_FIFO/Rptr_empty/U14/Y (NOR2BX2M)                 0.19       0.74 r
  U_ASYC_FIFO/Rptr_empty/U15/Y (AND2X2M)                  0.20       0.94 r
  U_ASYC_FIFO/Rptr_empty/U9/Y (NAND2X2M)                  0.07       1.01 f
  U_ASYC_FIFO/Rptr_empty/U8/Y (XNOR2X2M)                  0.16       1.17 r
  U_ASYC_FIFO/Rptr_empty/R_bin_reg[2]/D (DFFRQX2M)        0.00       1.17 r
  data arrival time                                                  1.17

  clock TX_CLK (rise edge)                             8681.47    8681.47
  clock network delay (ideal)                             0.00    8681.47
  clock uncertainty                                      -0.20    8681.27
  U_ASYC_FIFO/Rptr_empty/R_bin_reg[2]/CK (DFFRQX2M)       0.00    8681.27 r
  library setup time                                     -0.34    8680.93
  data required time                                              8680.93
  --------------------------------------------------------------------------
  data required time                                              8680.93
  data arrival time                                                 -1.17
  --------------------------------------------------------------------------
  slack (MET)                                                     8679.76


  Startpoint: U_UART_TX/fsm/Current_State_reg[1]
              (rising edge-triggered flip-flop clocked by TX_CLK)
  Endpoint: U_UART_TX/fsm/Current_State_reg[1]
            (rising edge-triggered flip-flop clocked by TX_CLK)
  Path Group: TX_CLK
  Path Type: max

  Point                                                   Incr       Path
  --------------------------------------------------------------------------
  clock TX_CLK (rise edge)                                0.00       0.00
  clock network delay (ideal)                             0.00       0.00
  U_UART_TX/fsm/Current_State_reg[1]/CK (DFFRQX2M)        0.00       0.00 r
  U_UART_TX/fsm/Current_State_reg[1]/Q (DFFRQX2M)         0.50       0.50 f
  U_UART_TX/fsm/U8/Y (NOR2X2M)                            0.09       0.60 r
  U_UART_TX/fsm/U7/Y (AOI2B1X1M)                          0.36       0.95 r
  U_UART_TX/fsm/U6/Y (OR2X2M)                             0.18       1.13 r
  U_UART_TX/fsm/Current_State_reg[1]/D (DFFRQX2M)         0.00       1.13 r
  data arrival time                                                  1.13

  clock TX_CLK (rise edge)                             8681.47    8681.47
  clock network delay (ideal)                             0.00    8681.47
  clock uncertainty                                      -0.20    8681.27
  U_UART_TX/fsm/Current_State_reg[1]/CK (DFFRQX2M)        0.00    8681.27 r
  library setup time                                     -0.30    8680.97
  data required time                                              8680.97
  --------------------------------------------------------------------------
  data required time                                              8680.97
  data arrival time                                                 -1.13
  --------------------------------------------------------------------------
  slack (MET)                                                     8679.84


  Startpoint: U_UART_TX/fsm/Current_State_reg[2]
              (rising edge-triggered flip-flop clocked by TX_CLK)
  Endpoint: U_Pulse_Gen/Pulse_reg_reg[0]
            (rising edge-triggered flip-flop clocked by TX_CLK)
  Path Group: TX_CLK
  Path Type: max

  Point                                                   Incr       Path
  --------------------------------------------------------------------------
  clock TX_CLK (rise edge)                                0.00       0.00
  clock network delay (ideal)                             0.00       0.00
  U_UART_TX/fsm/Current_State_reg[2]/CK (DFFRQX2M)        0.00       0.00 r
  U_UART_TX/fsm/Current_State_reg[2]/Q (DFFRQX2M)         0.51       0.51 f
  U_UART_TX/fsm/U15/Y (NOR3X2M)                           0.24       0.75 r
  U_UART_TX/fsm/U4/Y (NAND2BX2M)                          0.18       0.94 r
  U_UART_TX/fsm/U5/Y (NAND2BX2M)                          0.12       1.06 r
  U_UART_TX/fsm/Busy (TX_FSM)                             0.00       1.06 r
  U_UART_TX/Busy (UART_TX)                                0.00       1.06 r
  U_Pulse_Gen/In_Sig (Pulse_Gen)                          0.00       1.06 r
  U_Pulse_Gen/Pulse_reg_reg[0]/D (DFFRQX2M)               0.00       1.06 r
  data arrival time                                                  1.06

  clock TX_CLK (rise edge)                             8681.47    8681.47
  clock network delay (ideal)                             0.00    8681.47
  clock uncertainty                                      -0.20    8681.27
  U_Pulse_Gen/Pulse_reg_reg[0]/CK (DFFRQX2M)              0.00    8681.27 r
  library setup time                                     -0.30    8680.97
  data required time                                              8680.97
  --------------------------------------------------------------------------
  data required time                                              8680.97
  data arrival time                                                 -1.06
  --------------------------------------------------------------------------
  slack (MET)                                                     8679.91


  Startpoint: U_UART_TX/fsm/Current_State_reg[1]
              (rising edge-triggered flip-flop clocked by TX_CLK)
  Endpoint: U_UART_TX/fsm/Current_State_reg[2]
            (rising edge-triggered flip-flop clocked by TX_CLK)
  Path Group: TX_CLK
  Path Type: max

  Point                                                   Incr       Path
  --------------------------------------------------------------------------
  clock TX_CLK (rise edge)                                0.00       0.00
  clock network delay (ideal)                             0.00       0.00
  U_UART_TX/fsm/Current_State_reg[1]/CK (DFFRQX2M)        0.00       0.00 r
  U_UART_TX/fsm/Current_State_reg[1]/Q (DFFRQX2M)         0.42       0.42 r
  U_UART_TX/fsm/U14/Y (INVX2M)                            0.07       0.50 f
  U_UART_TX/fsm/U10/Y (NOR2X2M)                           0.13       0.62 r
  U_UART_TX/fsm/U3/Y (NAND2X2M)                           0.12       0.74 f
  U_UART_TX/fsm/U18/Y (OAI31X1M)                          0.24       0.98 r
  U_UART_TX/fsm/Current_State_reg[2]/D (DFFRQX2M)         0.00       0.98 r
  data arrival time                                                  0.98

  clock TX_CLK (rise edge)                             8681.47    8681.47
  clock network delay (ideal)                             0.00    8681.47
  clock uncertainty                                      -0.20    8681.27
  U_UART_TX/fsm/Current_State_reg[2]/CK (DFFRQX2M)        0.00    8681.27 r
  library setup time                                     -0.33    8680.94
  data required time                                              8680.94
  --------------------------------------------------------------------------
  data required time                                              8680.94
  data arrival time                                                 -0.98
  --------------------------------------------------------------------------
  slack (MET)                                                     8679.96


  Startpoint: U_Pulse_Gen/Pulse_reg_reg[1]
              (rising edge-triggered flip-flop clocked by TX_CLK)
  Endpoint: U_ASYC_FIFO/Rptr_empty/R_bin_reg[0]
            (rising edge-triggered flip-flop clocked by TX_CLK)
  Path Group: TX_CLK
  Path Type: max

  Point                                                   Incr       Path
  --------------------------------------------------------------------------
  clock TX_CLK (rise edge)                                0.00       0.00
  clock network delay (ideal)                             0.00       0.00
  U_Pulse_Gen/Pulse_reg_reg[1]/CK (DFFRQX2M)              0.00       0.00 r
  U_Pulse_Gen/Pulse_reg_reg[1]/Q (DFFRQX2M)               0.46       0.46 f
  U_Pulse_Gen/U3/Y (NOR2BX2M)                             0.10       0.56 r
  U_Pulse_Gen/Pulse (Pulse_Gen)                           0.00       0.56 r
  U_ASYC_FIFO/R_INC (ASYC_FIFO)                           0.00       0.56 r
  U_ASYC_FIFO/Rptr_empty/R_inc (Rptr_empty_ADDR_WIDTH3)
                                                          0.00       0.56 r
  U_ASYC_FIFO/Rptr_empty/U14/Y (NOR2BX2M)                 0.19       0.74 r
  U_ASYC_FIFO/Rptr_empty/U18/Y (CLKXOR2X2M)               0.18       0.93 r
  U_ASYC_FIFO/Rptr_empty/R_bin_reg[0]/D (DFFRQX2M)        0.00       0.93 r
  data arrival time                                                  0.93

  clock TX_CLK (rise edge)                             8681.47    8681.47
  clock network delay (ideal)                             0.00    8681.47
  clock uncertainty                                      -0.20    8681.27
  U_ASYC_FIFO/Rptr_empty/R_bin_reg[0]/CK (DFFRQX2M)       0.00    8681.27 r
  library setup time                                     -0.30    8680.97
  data required time                                              8680.97
  --------------------------------------------------------------------------
  data required time                                              8680.97
  data arrival time                                                 -0.93
  --------------------------------------------------------------------------
  slack (MET)                                                     8680.04


  Startpoint: U_UART_TX/fsm/Current_State_reg[1]
              (rising edge-triggered flip-flop clocked by TX_CLK)
  Endpoint: U_UART_TX/fsm/Current_State_reg[0]
            (rising edge-triggered flip-flop clocked by TX_CLK)
  Path Group: TX_CLK
  Path Type: max

  Point                                                   Incr       Path
  --------------------------------------------------------------------------
  clock TX_CLK (rise edge)                                0.00       0.00
  clock network delay (ideal)                             0.00       0.00
  U_UART_TX/fsm/Current_State_reg[1]/CK (DFFRQX2M)        0.00       0.00 r
  U_UART_TX/fsm/Current_State_reg[1]/Q (DFFRQX2M)         0.42       0.42 r
  U_UART_TX/fsm/U14/Y (INVX2M)                            0.07       0.50 f
  U_UART_TX/fsm/U10/Y (NOR2X2M)                           0.13       0.62 r
  U_UART_TX/fsm/U3/Y (NAND2X2M)                           0.12       0.74 f
  U_UART_TX/fsm/U16/Y (OAI221X1M)                         0.19       0.93 r
  U_UART_TX/fsm/Current_State_reg[0]/D (DFFRX1M)          0.00       0.93 r
  data arrival time                                                  0.93

  clock TX_CLK (rise edge)                             8681.47    8681.47
  clock network delay (ideal)                             0.00    8681.47
  clock uncertainty                                      -0.20    8681.27
  U_UART_TX/fsm/Current_State_reg[0]/CK (DFFRX1M)         0.00    8681.27 r
  library setup time                                     -0.28    8680.99
  data required time                                              8680.99
  --------------------------------------------------------------------------
  data required time                                              8680.99
  data arrival time                                                 -0.93
  --------------------------------------------------------------------------
  slack (MET)                                                     8680.06


  Startpoint: U_UART_TX/serializer/count_reg[3]
              (rising edge-triggered flip-flop clocked by TX_CLK)
  Endpoint: U_UART_TX/serializer/ser_done_reg
            (rising edge-triggered flip-flop clocked by TX_CLK)
  Path Group: TX_CLK
  Path Type: max

  Point                                                   Incr       Path
  --------------------------------------------------------------------------
  clock TX_CLK (rise edge)                                0.00       0.00
  clock network delay (ideal)                             0.00       0.00
  U_UART_TX/serializer/count_reg[3]/CK (DFFRQX2M)         0.00       0.00 r
  U_UART_TX/serializer/count_reg[3]/Q (DFFRQX2M)          0.48       0.48 f
  U_UART_TX/serializer/U35/Y (NOR4X1M)                    0.27       0.75 r
  U_UART_TX/serializer/ser_done_reg/D (DFFRQX2M)          0.00       0.75 r
  data arrival time                                                  0.75

  clock TX_CLK (rise edge)                             8681.47    8681.47
  clock network delay (ideal)                             0.00    8681.47
  clock uncertainty                                      -0.20    8681.27
  U_UART_TX/serializer/ser_done_reg/CK (DFFRQX2M)         0.00    8681.27 r
  library setup time                                     -0.33    8680.94
  data required time                                              8680.94
  --------------------------------------------------------------------------
  data required time                                              8680.94
  data arrival time                                                 -0.75
  --------------------------------------------------------------------------
  slack (MET)                                                     8680.18


  Startpoint: U_Pulse_Gen/Pulse_reg_reg[0]
              (rising edge-triggered flip-flop clocked by TX_CLK)
  Endpoint: U_Pulse_Gen/Pulse_reg_reg[1]
            (rising edge-triggered flip-flop clocked by TX_CLK)
  Path Group: TX_CLK
  Path Type: max

  Point                                                   Incr       Path
  --------------------------------------------------------------------------
  clock TX_CLK (rise edge)                                0.00       0.00
  clock network delay (ideal)                             0.00       0.00
  U_Pulse_Gen/Pulse_reg_reg[0]/CK (DFFRQX2M)              0.00       0.00 r
  U_Pulse_Gen/Pulse_reg_reg[0]/Q (DFFRQX2M)               0.36       0.36 r
  U_Pulse_Gen/Pulse_reg_reg[1]/D (DFFRQX2M)               0.00       0.36 r
  data arrival time                                                  0.36

  clock TX_CLK (rise edge)                             8681.47    8681.47
  clock network delay (ideal)                             0.00    8681.47
  clock uncertainty                                      -0.20    8681.27
  U_Pulse_Gen/Pulse_reg_reg[1]/CK (DFFRQX2M)              0.00    8681.27 r
  library setup time                                     -0.30    8680.97
  data required time                                              8680.97
  --------------------------------------------------------------------------
  data required time                                              8680.97
  data arrival time                                                 -0.36
  --------------------------------------------------------------------------
  slack (MET)                                                     8680.61


  Startpoint: U_ASYC_FIFO/SYNC_w2r/SYNC_reg[3][0]
              (rising edge-triggered flip-flop clocked by TX_CLK)
  Endpoint: U_ASYC_FIFO/SYNC_w2r/SYNC_reg[3][1]
            (rising edge-triggered flip-flop clocked by TX_CLK)
  Path Group: TX_CLK
  Path Type: max

  Point                                                   Incr       Path
  --------------------------------------------------------------------------
  clock TX_CLK (rise edge)                                0.00       0.00
  clock network delay (ideal)                             0.00       0.00
  U_ASYC_FIFO/SYNC_w2r/SYNC_reg[3][0]/CK (DFFRQX2M)       0.00       0.00 r
  U_ASYC_FIFO/SYNC_w2r/SYNC_reg[3][0]/Q (DFFRQX2M)        0.35       0.35 r
  U_ASYC_FIFO/SYNC_w2r/SYNC_reg[3][1]/D (DFFRQX2M)        0.00       0.35 r
  data arrival time                                                  0.35

  clock TX_CLK (rise edge)                             8681.47    8681.47
  clock network delay (ideal)                             0.00    8681.47
  clock uncertainty                                      -0.20    8681.27
  U_ASYC_FIFO/SYNC_w2r/SYNC_reg[3][1]/CK (DFFRQX2M)       0.00    8681.27 r
  library setup time                                     -0.30    8680.97
  data required time                                              8680.97
  --------------------------------------------------------------------------
  data required time                                              8680.97
  data arrival time                                                 -0.35
  --------------------------------------------------------------------------
  slack (MET)                                                     8680.62


  Startpoint: U_ASYC_FIFO/SYNC_w2r/SYNC_reg[2][0]
              (rising edge-triggered flip-flop clocked by TX_CLK)
  Endpoint: U_ASYC_FIFO/SYNC_w2r/SYNC_reg[2][1]
            (rising edge-triggered flip-flop clocked by TX_CLK)
  Path Group: TX_CLK
  Path Type: max

  Point                                                   Incr       Path
  --------------------------------------------------------------------------
  clock TX_CLK (rise edge)                                0.00       0.00
  clock network delay (ideal)                             0.00       0.00
  U_ASYC_FIFO/SYNC_w2r/SYNC_reg[2][0]/CK (DFFRQX2M)       0.00       0.00 r
  U_ASYC_FIFO/SYNC_w2r/SYNC_reg[2][0]/Q (DFFRQX2M)        0.35       0.35 r
  U_ASYC_FIFO/SYNC_w2r/SYNC_reg[2][1]/D (DFFRQX2M)        0.00       0.35 r
  data arrival time                                                  0.35

  clock TX_CLK (rise edge)                             8681.47    8681.47
  clock network delay (ideal)                             0.00    8681.47
  clock uncertainty                                      -0.20    8681.27
  U_ASYC_FIFO/SYNC_w2r/SYNC_reg[2][1]/CK (DFFRQX2M)       0.00    8681.27 r
  library setup time                                     -0.30    8680.97
  data required time                                              8680.97
  --------------------------------------------------------------------------
  data required time                                              8680.97
  data arrival time                                                 -0.35
  --------------------------------------------------------------------------
  slack (MET)                                                     8680.62


  Startpoint: U_ASYC_FIFO/SYNC_w2r/SYNC_reg[1][0]
              (rising edge-triggered flip-flop clocked by TX_CLK)
  Endpoint: U_ASYC_FIFO/SYNC_w2r/SYNC_reg[1][1]
            (rising edge-triggered flip-flop clocked by TX_CLK)
  Path Group: TX_CLK
  Path Type: max

  Point                                                   Incr       Path
  --------------------------------------------------------------------------
  clock TX_CLK (rise edge)                                0.00       0.00
  clock network delay (ideal)                             0.00       0.00
  U_ASYC_FIFO/SYNC_w2r/SYNC_reg[1][0]/CK (DFFRQX2M)       0.00       0.00 r
  U_ASYC_FIFO/SYNC_w2r/SYNC_reg[1][0]/Q (DFFRQX2M)        0.35       0.35 r
  U_ASYC_FIFO/SYNC_w2r/SYNC_reg[1][1]/D (DFFRQX2M)        0.00       0.35 r
  data arrival time                                                  0.35

  clock TX_CLK (rise edge)                             8681.47    8681.47
  clock network delay (ideal)                             0.00    8681.47
  clock uncertainty                                      -0.20    8681.27
  U_ASYC_FIFO/SYNC_w2r/SYNC_reg[1][1]/CK (DFFRQX2M)       0.00    8681.27 r
  library setup time                                     -0.30    8680.97
  data required time                                              8680.97
  --------------------------------------------------------------------------
  data required time                                              8680.97
  data arrival time                                                 -0.35
  --------------------------------------------------------------------------
  slack (MET)                                                     8680.62


  Startpoint: U_ASYC_FIFO/SYNC_w2r/SYNC_reg[0][0]
              (rising edge-triggered flip-flop clocked by TX_CLK)
  Endpoint: U_ASYC_FIFO/SYNC_w2r/SYNC_reg[0][1]
            (rising edge-triggered flip-flop clocked by TX_CLK)
  Path Group: TX_CLK
  Path Type: max

  Point                                                   Incr       Path
  --------------------------------------------------------------------------
  clock TX_CLK (rise edge)                                0.00       0.00
  clock network delay (ideal)                             0.00       0.00
  U_ASYC_FIFO/SYNC_w2r/SYNC_reg[0][0]/CK (DFFRQX2M)       0.00       0.00 r
  U_ASYC_FIFO/SYNC_w2r/SYNC_reg[0][0]/Q (DFFRQX2M)        0.35       0.35 r
  U_ASYC_FIFO/SYNC_w2r/SYNC_reg[0][1]/D (DFFRQX2M)        0.00       0.35 r
  data arrival time                                                  0.35

  clock TX_CLK (rise edge)                             8681.47    8681.47
  clock network delay (ideal)                             0.00    8681.47
  clock uncertainty                                      -0.20    8681.27
  U_ASYC_FIFO/SYNC_w2r/SYNC_reg[0][1]/CK (DFFRQX2M)       0.00    8681.27 r
  library setup time                                     -0.30    8680.97
  data required time                                              8680.97
  --------------------------------------------------------------------------
  data required time                                              8680.97
  data arrival time                                                 -0.35
  --------------------------------------------------------------------------
  slack (MET)                                                     8680.62


  Startpoint: TX_ClkDiv/Counter_reg[1]
              (rising edge-triggered flip-flop clocked by UART_CLK)
  Endpoint: TX_ClkDiv/Counter_reg[6]
            (rising edge-triggered flip-flop clocked by UART_CLK)
  Path Group: UART_CLK
  Path Type: max

  Point                                                   Incr       Path
  --------------------------------------------------------------------------
  clock UART_CLK (rise edge)                              0.00       0.00
  clock network delay (ideal)                             0.00       0.00
  TX_ClkDiv/Counter_reg[1]/CK (DFFRQX2M)                  0.00       0.00 r
  TX_ClkDiv/Counter_reg[1]/Q (DFFRQX2M)                   0.48       0.48 f
  TX_ClkDiv/U59/Y (CLKINVX1M)                             0.13       0.61 r
  TX_ClkDiv/U56/Y (OAI211X1M)                             0.16       0.77 f
  TX_ClkDiv/U54/Y (AOI222X1M)                             0.36       1.13 r
  TX_ClkDiv/U53/Y (AOI221XLM)                             0.12       1.25 f
  TX_ClkDiv/U52/Y (AOI221XLM)                             0.29       1.54 r
  TX_ClkDiv/U51/Y (AOI221XLM)                             0.13       1.67 f
  TX_ClkDiv/U50/Y (AOI2B1X1M)                             0.19       1.86 r
  TX_ClkDiv/U37/Y (CLKMX2X2M)                             0.23       2.09 r
  TX_ClkDiv/U36/Y (OAI21X1M)                              0.10       2.18 f
  TX_ClkDiv/U35/Y (OR2X1M)                                0.32       2.50 f
  TX_ClkDiv/U28/Y (NOR2BX1M)                              0.13       2.63 r
  TX_ClkDiv/Counter_reg[6]/D (DFFRQX2M)                   0.00       2.63 r
  data arrival time                                                  2.63

  clock UART_CLK (rise edge)                            271.30     271.30
  clock network delay (ideal)                             0.00     271.30
  clock uncertainty                                      -0.20     271.10
  TX_ClkDiv/Counter_reg[6]/CK (DFFRQX2M)                  0.00     271.10 r
  library setup time                                     -0.30     270.80
  data required time                                               270.80
  --------------------------------------------------------------------------
  data required time                                               270.80
  data arrival time                                                 -2.63
  --------------------------------------------------------------------------
  slack (MET)                                                      268.17


  Startpoint: TX_ClkDiv/Counter_reg[1]
              (rising edge-triggered flip-flop clocked by UART_CLK)
  Endpoint: TX_ClkDiv/Counter_reg[5]
            (rising edge-triggered flip-flop clocked by UART_CLK)
  Path Group: UART_CLK
  Path Type: max

  Point                                                   Incr       Path
  --------------------------------------------------------------------------
  clock UART_CLK (rise edge)                              0.00       0.00
  clock network delay (ideal)                             0.00       0.00
  TX_ClkDiv/Counter_reg[1]/CK (DFFRQX2M)                  0.00       0.00 r
  TX_ClkDiv/Counter_reg[1]/Q (DFFRQX2M)                   0.48       0.48 f
  TX_ClkDiv/U59/Y (CLKINVX1M)                             0.13       0.61 r
  TX_ClkDiv/U56/Y (OAI211X1M)                             0.16       0.77 f
  TX_ClkDiv/U54/Y (AOI222X1M)                             0.36       1.13 r
  TX_ClkDiv/U53/Y (AOI221XLM)                             0.12       1.25 f
  TX_ClkDiv/U52/Y (AOI221XLM)                             0.29       1.54 r
  TX_ClkDiv/U51/Y (AOI221XLM)                             0.13       1.67 f
  TX_ClkDiv/U50/Y (AOI2B1X1M)                             0.19       1.86 r
  TX_ClkDiv/U37/Y (CLKMX2X2M)                             0.23       2.09 r
  TX_ClkDiv/U36/Y (OAI21X1M)                              0.10       2.18 f
  TX_ClkDiv/U35/Y (OR2X1M)                                0.32       2.50 f
  TX_ClkDiv/U29/Y (NOR2BX1M)                              0.13       2.63 r
  TX_ClkDiv/Counter_reg[5]/D (DFFRQX2M)                   0.00       2.63 r
  data arrival time                                                  2.63

  clock UART_CLK (rise edge)                            271.30     271.30
  clock network delay (ideal)                             0.00     271.30
  clock uncertainty                                      -0.20     271.10
  TX_ClkDiv/Counter_reg[5]/CK (DFFRQX2M)                  0.00     271.10 r
  library setup time                                     -0.30     270.80
  data required time                                               270.80
  --------------------------------------------------------------------------
  data required time                                               270.80
  data arrival time                                                 -2.63
  --------------------------------------------------------------------------
  slack (MET)                                                      268.17


  Startpoint: TX_ClkDiv/Counter_reg[1]
              (rising edge-triggered flip-flop clocked by UART_CLK)
  Endpoint: TX_ClkDiv/Counter_reg[0]
            (rising edge-triggered flip-flop clocked by UART_CLK)
  Path Group: UART_CLK
  Path Type: max

  Point                                                   Incr       Path
  --------------------------------------------------------------------------
  clock UART_CLK (rise edge)                              0.00       0.00
  clock network delay (ideal)                             0.00       0.00
  TX_ClkDiv/Counter_reg[1]/CK (DFFRQX2M)                  0.00       0.00 r
  TX_ClkDiv/Counter_reg[1]/Q (DFFRQX2M)                   0.48       0.48 f
  TX_ClkDiv/U59/Y (CLKINVX1M)                             0.13       0.61 r
  TX_ClkDiv/U56/Y (OAI211X1M)                             0.16       0.77 f
  TX_ClkDiv/U54/Y (AOI222X1M)                             0.36       1.13 r
  TX_ClkDiv/U53/Y (AOI221XLM)                             0.12       1.25 f
  TX_ClkDiv/U52/Y (AOI221XLM)                             0.29       1.54 r
  TX_ClkDiv/U51/Y (AOI221XLM)                             0.13       1.67 f
  TX_ClkDiv/U50/Y (AOI2B1X1M)                             0.19       1.86 r
  TX_ClkDiv/U37/Y (CLKMX2X2M)                             0.23       2.09 r
  TX_ClkDiv/U36/Y (OAI21X1M)                              0.10       2.18 f
  TX_ClkDiv/U35/Y (OR2X1M)                                0.32       2.50 f
  TX_ClkDiv/U34/Y (NOR2BX1M)                              0.13       2.63 r
  TX_ClkDiv/Counter_reg[0]/D (DFFRQX2M)                   0.00       2.63 r
  data arrival time                                                  2.63

  clock UART_CLK (rise edge)                            271.30     271.30
  clock network delay (ideal)                             0.00     271.30
  clock uncertainty                                      -0.20     271.10
  TX_ClkDiv/Counter_reg[0]/CK (DFFRQX2M)                  0.00     271.10 r
  library setup time                                     -0.30     270.80
  data required time                                               270.80
  --------------------------------------------------------------------------
  data required time                                               270.80
  data arrival time                                                 -2.63
  --------------------------------------------------------------------------
  slack (MET)                                                      268.17


  Startpoint: TX_ClkDiv/Counter_reg[1]
              (rising edge-triggered flip-flop clocked by UART_CLK)
  Endpoint: TX_ClkDiv/Counter_reg[1]
            (rising edge-triggered flip-flop clocked by UART_CLK)
  Path Group: UART_CLK
  Path Type: max

  Point                                                   Incr       Path
  --------------------------------------------------------------------------
  clock UART_CLK (rise edge)                              0.00       0.00
  clock network delay (ideal)                             0.00       0.00
  TX_ClkDiv/Counter_reg[1]/CK (DFFRQX2M)                  0.00       0.00 r
  TX_ClkDiv/Counter_reg[1]/Q (DFFRQX2M)                   0.48       0.48 f
  TX_ClkDiv/U59/Y (CLKINVX1M)                             0.13       0.61 r
  TX_ClkDiv/U56/Y (OAI211X1M)                             0.16       0.77 f
  TX_ClkDiv/U54/Y (AOI222X1M)                             0.36       1.13 r
  TX_ClkDiv/U53/Y (AOI221XLM)                             0.12       1.25 f
  TX_ClkDiv/U52/Y (AOI221XLM)                             0.29       1.54 r
  TX_ClkDiv/U51/Y (AOI221XLM)                             0.13       1.67 f
  TX_ClkDiv/U50/Y (AOI2B1X1M)                             0.19       1.86 r
  TX_ClkDiv/U37/Y (CLKMX2X2M)                             0.23       2.09 r
  TX_ClkDiv/U36/Y (OAI21X1M)                              0.10       2.18 f
  TX_ClkDiv/U35/Y (OR2X1M)                                0.32       2.50 f
  TX_ClkDiv/U33/Y (NOR2BX1M)                              0.13       2.63 r
  TX_ClkDiv/Counter_reg[1]/D (DFFRQX2M)                   0.00       2.63 r
  data arrival time                                                  2.63

  clock UART_CLK (rise edge)                            271.30     271.30
  clock network delay (ideal)                             0.00     271.30
  clock uncertainty                                      -0.20     271.10
  TX_ClkDiv/Counter_reg[1]/CK (DFFRQX2M)                  0.00     271.10 r
  library setup time                                     -0.30     270.80
  data required time                                               270.80
  --------------------------------------------------------------------------
  data required time                                               270.80
  data arrival time                                                 -2.63
  --------------------------------------------------------------------------
  slack (MET)                                                      268.17


  Startpoint: TX_ClkDiv/Counter_reg[1]
              (rising edge-triggered flip-flop clocked by UART_CLK)
  Endpoint: TX_ClkDiv/Counter_reg[4]
            (rising edge-triggered flip-flop clocked by UART_CLK)
  Path Group: UART_CLK
  Path Type: max

  Point                                                   Incr       Path
  --------------------------------------------------------------------------
  clock UART_CLK (rise edge)                              0.00       0.00
  clock network delay (ideal)                             0.00       0.00
  TX_ClkDiv/Counter_reg[1]/CK (DFFRQX2M)                  0.00       0.00 r
  TX_ClkDiv/Counter_reg[1]/Q (DFFRQX2M)                   0.48       0.48 f
  TX_ClkDiv/U59/Y (CLKINVX1M)                             0.13       0.61 r
  TX_ClkDiv/U56/Y (OAI211X1M)                             0.16       0.77 f
  TX_ClkDiv/U54/Y (AOI222X1M)                             0.36       1.13 r
  TX_ClkDiv/U53/Y (AOI221XLM)                             0.12       1.25 f
  TX_ClkDiv/U52/Y (AOI221XLM)                             0.29       1.54 r
  TX_ClkDiv/U51/Y (AOI221XLM)                             0.13       1.67 f
  TX_ClkDiv/U50/Y (AOI2B1X1M)                             0.19       1.86 r
  TX_ClkDiv/U37/Y (CLKMX2X2M)                             0.23       2.09 r
  TX_ClkDiv/U36/Y (OAI21X1M)                              0.10       2.18 f
  TX_ClkDiv/U35/Y (OR2X1M)                                0.32       2.50 f
  TX_ClkDiv/U30/Y (NOR2BX1M)                              0.13       2.63 r
  TX_ClkDiv/Counter_reg[4]/D (DFFRQX2M)                   0.00       2.63 r
  data arrival time                                                  2.63

  clock UART_CLK (rise edge)                            271.30     271.30
  clock network delay (ideal)                             0.00     271.30
  clock uncertainty                                      -0.20     271.10
  TX_ClkDiv/Counter_reg[4]/CK (DFFRQX2M)                  0.00     271.10 r
  library setup time                                     -0.30     270.80
  data required time                                               270.80
  --------------------------------------------------------------------------
  data required time                                               270.80
  data arrival time                                                 -2.63
  --------------------------------------------------------------------------
  slack (MET)                                                      268.17


  Startpoint: TX_ClkDiv/Counter_reg[1]
              (rising edge-triggered flip-flop clocked by UART_CLK)
  Endpoint: TX_ClkDiv/Counter_reg[3]
            (rising edge-triggered flip-flop clocked by UART_CLK)
  Path Group: UART_CLK
  Path Type: max

  Point                                                   Incr       Path
  --------------------------------------------------------------------------
  clock UART_CLK (rise edge)                              0.00       0.00
  clock network delay (ideal)                             0.00       0.00
  TX_ClkDiv/Counter_reg[1]/CK (DFFRQX2M)                  0.00       0.00 r
  TX_ClkDiv/Counter_reg[1]/Q (DFFRQX2M)                   0.48       0.48 f
  TX_ClkDiv/U59/Y (CLKINVX1M)                             0.13       0.61 r
  TX_ClkDiv/U56/Y (OAI211X1M)                             0.16       0.77 f
  TX_ClkDiv/U54/Y (AOI222X1M)                             0.36       1.13 r
  TX_ClkDiv/U53/Y (AOI221XLM)                             0.12       1.25 f
  TX_ClkDiv/U52/Y (AOI221XLM)                             0.29       1.54 r
  TX_ClkDiv/U51/Y (AOI221XLM)                             0.13       1.67 f
  TX_ClkDiv/U50/Y (AOI2B1X1M)                             0.19       1.86 r
  TX_ClkDiv/U37/Y (CLKMX2X2M)                             0.23       2.09 r
  TX_ClkDiv/U36/Y (OAI21X1M)                              0.10       2.18 f
  TX_ClkDiv/U35/Y (OR2X1M)                                0.32       2.50 f
  TX_ClkDiv/U31/Y (NOR2BX1M)                              0.13       2.63 r
  TX_ClkDiv/Counter_reg[3]/D (DFFRQX2M)                   0.00       2.63 r
  data arrival time                                                  2.63

  clock UART_CLK (rise edge)                            271.30     271.30
  clock network delay (ideal)                             0.00     271.30
  clock uncertainty                                      -0.20     271.10
  TX_ClkDiv/Counter_reg[3]/CK (DFFRQX2M)                  0.00     271.10 r
  library setup time                                     -0.30     270.80
  data required time                                               270.80
  --------------------------------------------------------------------------
  data required time                                               270.80
  data arrival time                                                 -2.63
  --------------------------------------------------------------------------
  slack (MET)                                                      268.17


  Startpoint: TX_ClkDiv/Counter_reg[1]
              (rising edge-triggered flip-flop clocked by UART_CLK)
  Endpoint: TX_ClkDiv/Counter_reg[2]
            (rising edge-triggered flip-flop clocked by UART_CLK)
  Path Group: UART_CLK
  Path Type: max

  Point                                                   Incr       Path
  --------------------------------------------------------------------------
  clock UART_CLK (rise edge)                              0.00       0.00
  clock network delay (ideal)                             0.00       0.00
  TX_ClkDiv/Counter_reg[1]/CK (DFFRQX2M)                  0.00       0.00 r
  TX_ClkDiv/Counter_reg[1]/Q (DFFRQX2M)                   0.48       0.48 f
  TX_ClkDiv/U59/Y (CLKINVX1M)                             0.13       0.61 r
  TX_ClkDiv/U56/Y (OAI211X1M)                             0.16       0.77 f
  TX_ClkDiv/U54/Y (AOI222X1M)                             0.36       1.13 r
  TX_ClkDiv/U53/Y (AOI221XLM)                             0.12       1.25 f
  TX_ClkDiv/U52/Y (AOI221XLM)                             0.29       1.54 r
  TX_ClkDiv/U51/Y (AOI221XLM)                             0.13       1.67 f
  TX_ClkDiv/U50/Y (AOI2B1X1M)                             0.19       1.86 r
  TX_ClkDiv/U37/Y (CLKMX2X2M)                             0.23       2.09 r
  TX_ClkDiv/U36/Y (OAI21X1M)                              0.10       2.18 f
  TX_ClkDiv/U35/Y (OR2X1M)                                0.32       2.50 f
  TX_ClkDiv/U32/Y (NOR2BX1M)                              0.13       2.63 r
  TX_ClkDiv/Counter_reg[2]/D (DFFRQX2M)                   0.00       2.63 r
  data arrival time                                                  2.63

  clock UART_CLK (rise edge)                            271.30     271.30
  clock network delay (ideal)                             0.00     271.30
  clock uncertainty                                      -0.20     271.10
  TX_ClkDiv/Counter_reg[2]/CK (DFFRQX2M)                  0.00     271.10 r
  library setup time                                     -0.30     270.80
  data required time                                               270.80
  --------------------------------------------------------------------------
  data required time                                               270.80
  data arrival time                                                 -2.63
  --------------------------------------------------------------------------
  slack (MET)                                                      268.17


  Startpoint: RX_ClkDiv/Counter_reg[1]
              (rising edge-triggered flip-flop clocked by UART_CLK)
  Endpoint: RX_ClkDiv/Counter_reg[6]
            (rising edge-triggered flip-flop clocked by UART_CLK)
  Path Group: UART_CLK
  Path Type: max

  Point                                                   Incr       Path
  --------------------------------------------------------------------------
  clock UART_CLK (rise edge)                              0.00       0.00
  clock network delay (ideal)                             0.00       0.00
  RX_ClkDiv/Counter_reg[1]/CK (DFFRQX2M)                  0.00       0.00 r
  RX_ClkDiv/Counter_reg[1]/Q (DFFRQX2M)                   0.48       0.48 f
  RX_ClkDiv/U59/Y (CLKINVX1M)                             0.13       0.61 r
  RX_ClkDiv/U56/Y (OAI211X1M)                             0.16       0.77 f
  RX_ClkDiv/U54/Y (AOI222X1M)                             0.36       1.13 r
  RX_ClkDiv/U53/Y (AOI221XLM)                             0.12       1.25 f
  RX_ClkDiv/U52/Y (AOI221XLM)                             0.29       1.54 r
  RX_ClkDiv/U51/Y (AOI221XLM)                             0.13       1.67 f
  RX_ClkDiv/U50/Y (AOI2B1X1M)                             0.19       1.86 r
  RX_ClkDiv/U37/Y (CLKMX2X2M)                             0.23       2.08 r
  RX_ClkDiv/U36/Y (OAI21X1M)                              0.10       2.18 f
  RX_ClkDiv/U35/Y (OR2X1M)                                0.32       2.50 f
  RX_ClkDiv/U28/Y (NOR2BX1M)                              0.13       2.63 r
  RX_ClkDiv/Counter_reg[6]/D (DFFRQX2M)                   0.00       2.63 r
  data arrival time                                                  2.63

  clock UART_CLK (rise edge)                            271.30     271.30
  clock network delay (ideal)                             0.00     271.30
  clock uncertainty                                      -0.20     271.10
  RX_ClkDiv/Counter_reg[6]/CK (DFFRQX2M)                  0.00     271.10 r
  library setup time                                     -0.30     270.80
  data required time                                               270.80
  --------------------------------------------------------------------------
  data required time                                               270.80
  data arrival time                                                 -2.63
  --------------------------------------------------------------------------
  slack (MET)                                                      268.17


  Startpoint: RX_ClkDiv/Counter_reg[1]
              (rising edge-triggered flip-flop clocked by UART_CLK)
  Endpoint: RX_ClkDiv/Counter_reg[5]
            (rising edge-triggered flip-flop clocked by UART_CLK)
  Path Group: UART_CLK
  Path Type: max

  Point                                                   Incr       Path
  --------------------------------------------------------------------------
  clock UART_CLK (rise edge)                              0.00       0.00
  clock network delay (ideal)                             0.00       0.00
  RX_ClkDiv/Counter_reg[1]/CK (DFFRQX2M)                  0.00       0.00 r
  RX_ClkDiv/Counter_reg[1]/Q (DFFRQX2M)                   0.48       0.48 f
  RX_ClkDiv/U59/Y (CLKINVX1M)                             0.13       0.61 r
  RX_ClkDiv/U56/Y (OAI211X1M)                             0.16       0.77 f
  RX_ClkDiv/U54/Y (AOI222X1M)                             0.36       1.13 r
  RX_ClkDiv/U53/Y (AOI221XLM)                             0.12       1.25 f
  RX_ClkDiv/U52/Y (AOI221XLM)                             0.29       1.54 r
  RX_ClkDiv/U51/Y (AOI221XLM)                             0.13       1.67 f
  RX_ClkDiv/U50/Y (AOI2B1X1M)                             0.19       1.86 r
  RX_ClkDiv/U37/Y (CLKMX2X2M)                             0.23       2.08 r
  RX_ClkDiv/U36/Y (OAI21X1M)                              0.10       2.18 f
  RX_ClkDiv/U35/Y (OR2X1M)                                0.32       2.50 f
  RX_ClkDiv/U29/Y (NOR2BX1M)                              0.13       2.63 r
  RX_ClkDiv/Counter_reg[5]/D (DFFRQX2M)                   0.00       2.63 r
  data arrival time                                                  2.63

  clock UART_CLK (rise edge)                            271.30     271.30
  clock network delay (ideal)                             0.00     271.30
  clock uncertainty                                      -0.20     271.10
  RX_ClkDiv/Counter_reg[5]/CK (DFFRQX2M)                  0.00     271.10 r
  library setup time                                     -0.30     270.80
  data required time                                               270.80
  --------------------------------------------------------------------------
  data required time                                               270.80
  data arrival time                                                 -2.63
  --------------------------------------------------------------------------
  slack (MET)                                                      268.17


  Startpoint: RX_ClkDiv/Counter_reg[1]
              (rising edge-triggered flip-flop clocked by UART_CLK)
  Endpoint: RX_ClkDiv/Counter_reg[0]
            (rising edge-triggered flip-flop clocked by UART_CLK)
  Path Group: UART_CLK
  Path Type: max

  Point                                                   Incr       Path
  --------------------------------------------------------------------------
  clock UART_CLK (rise edge)                              0.00       0.00
  clock network delay (ideal)                             0.00       0.00
  RX_ClkDiv/Counter_reg[1]/CK (DFFRQX2M)                  0.00       0.00 r
  RX_ClkDiv/Counter_reg[1]/Q (DFFRQX2M)                   0.48       0.48 f
  RX_ClkDiv/U59/Y (CLKINVX1M)                             0.13       0.61 r
  RX_ClkDiv/U56/Y (OAI211X1M)                             0.16       0.77 f
  RX_ClkDiv/U54/Y (AOI222X1M)                             0.36       1.13 r
  RX_ClkDiv/U53/Y (AOI221XLM)                             0.12       1.25 f
  RX_ClkDiv/U52/Y (AOI221XLM)                             0.29       1.54 r
  RX_ClkDiv/U51/Y (AOI221XLM)                             0.13       1.67 f
  RX_ClkDiv/U50/Y (AOI2B1X1M)                             0.19       1.86 r
  RX_ClkDiv/U37/Y (CLKMX2X2M)                             0.23       2.08 r
  RX_ClkDiv/U36/Y (OAI21X1M)                              0.10       2.18 f
  RX_ClkDiv/U35/Y (OR2X1M)                                0.32       2.50 f
  RX_ClkDiv/U34/Y (NOR2BX1M)                              0.13       2.63 r
  RX_ClkDiv/Counter_reg[0]/D (DFFRQX2M)                   0.00       2.63 r
  data arrival time                                                  2.63

  clock UART_CLK (rise edge)                            271.30     271.30
  clock network delay (ideal)                             0.00     271.30
  clock uncertainty                                      -0.20     271.10
  RX_ClkDiv/Counter_reg[0]/CK (DFFRQX2M)                  0.00     271.10 r
  library setup time                                     -0.30     270.80
  data required time                                               270.80
  --------------------------------------------------------------------------
  data required time                                               270.80
  data arrival time                                                 -2.63
  --------------------------------------------------------------------------
  slack (MET)                                                      268.17


  Startpoint: RX_ClkDiv/Counter_reg[1]
              (rising edge-triggered flip-flop clocked by UART_CLK)
  Endpoint: RX_ClkDiv/Counter_reg[1]
            (rising edge-triggered flip-flop clocked by UART_CLK)
  Path Group: UART_CLK
  Path Type: max

  Point                                                   Incr       Path
  --------------------------------------------------------------------------
  clock UART_CLK (rise edge)                              0.00       0.00
  clock network delay (ideal)                             0.00       0.00
  RX_ClkDiv/Counter_reg[1]/CK (DFFRQX2M)                  0.00       0.00 r
  RX_ClkDiv/Counter_reg[1]/Q (DFFRQX2M)                   0.48       0.48 f
  RX_ClkDiv/U59/Y (CLKINVX1M)                             0.13       0.61 r
  RX_ClkDiv/U56/Y (OAI211X1M)                             0.16       0.77 f
  RX_ClkDiv/U54/Y (AOI222X1M)                             0.36       1.13 r
  RX_ClkDiv/U53/Y (AOI221XLM)                             0.12       1.25 f
  RX_ClkDiv/U52/Y (AOI221XLM)                             0.29       1.54 r
  RX_ClkDiv/U51/Y (AOI221XLM)                             0.13       1.67 f
  RX_ClkDiv/U50/Y (AOI2B1X1M)                             0.19       1.86 r
  RX_ClkDiv/U37/Y (CLKMX2X2M)                             0.23       2.08 r
  RX_ClkDiv/U36/Y (OAI21X1M)                              0.10       2.18 f
  RX_ClkDiv/U35/Y (OR2X1M)                                0.32       2.50 f
  RX_ClkDiv/U33/Y (NOR2BX1M)                              0.13       2.63 r
  RX_ClkDiv/Counter_reg[1]/D (DFFRQX2M)                   0.00       2.63 r
  data arrival time                                                  2.63

  clock UART_CLK (rise edge)                            271.30     271.30
  clock network delay (ideal)                             0.00     271.30
  clock uncertainty                                      -0.20     271.10
  RX_ClkDiv/Counter_reg[1]/CK (DFFRQX2M)                  0.00     271.10 r
  library setup time                                     -0.30     270.80
  data required time                                               270.80
  --------------------------------------------------------------------------
  data required time                                               270.80
  data arrival time                                                 -2.63
  --------------------------------------------------------------------------
  slack (MET)                                                      268.17


  Startpoint: RX_ClkDiv/Counter_reg[1]
              (rising edge-triggered flip-flop clocked by UART_CLK)
  Endpoint: RX_ClkDiv/Counter_reg[4]
            (rising edge-triggered flip-flop clocked by UART_CLK)
  Path Group: UART_CLK
  Path Type: max

  Point                                                   Incr       Path
  --------------------------------------------------------------------------
  clock UART_CLK (rise edge)                              0.00       0.00
  clock network delay (ideal)                             0.00       0.00
  RX_ClkDiv/Counter_reg[1]/CK (DFFRQX2M)                  0.00       0.00 r
  RX_ClkDiv/Counter_reg[1]/Q (DFFRQX2M)                   0.48       0.48 f
  RX_ClkDiv/U59/Y (CLKINVX1M)                             0.13       0.61 r
  RX_ClkDiv/U56/Y (OAI211X1M)                             0.16       0.77 f
  RX_ClkDiv/U54/Y (AOI222X1M)                             0.36       1.13 r
  RX_ClkDiv/U53/Y (AOI221XLM)                             0.12       1.25 f
  RX_ClkDiv/U52/Y (AOI221XLM)                             0.29       1.54 r
  RX_ClkDiv/U51/Y (AOI221XLM)                             0.13       1.67 f
  RX_ClkDiv/U50/Y (AOI2B1X1M)                             0.19       1.86 r
  RX_ClkDiv/U37/Y (CLKMX2X2M)                             0.23       2.08 r
  RX_ClkDiv/U36/Y (OAI21X1M)                              0.10       2.18 f
  RX_ClkDiv/U35/Y (OR2X1M)                                0.32       2.50 f
  RX_ClkDiv/U30/Y (NOR2BX1M)                              0.13       2.63 r
  RX_ClkDiv/Counter_reg[4]/D (DFFRQX2M)                   0.00       2.63 r
  data arrival time                                                  2.63

  clock UART_CLK (rise edge)                            271.30     271.30
  clock network delay (ideal)                             0.00     271.30
  clock uncertainty                                      -0.20     271.10
  RX_ClkDiv/Counter_reg[4]/CK (DFFRQX2M)                  0.00     271.10 r
  library setup time                                     -0.30     270.80
  data required time                                               270.80
  --------------------------------------------------------------------------
  data required time                                               270.80
  data arrival time                                                 -2.63
  --------------------------------------------------------------------------
  slack (MET)                                                      268.17


  Startpoint: RX_ClkDiv/Counter_reg[1]
              (rising edge-triggered flip-flop clocked by UART_CLK)
  Endpoint: RX_ClkDiv/Counter_reg[3]
            (rising edge-triggered flip-flop clocked by UART_CLK)
  Path Group: UART_CLK
  Path Type: max

  Point                                                   Incr       Path
  --------------------------------------------------------------------------
  clock UART_CLK (rise edge)                              0.00       0.00
  clock network delay (ideal)                             0.00       0.00
  RX_ClkDiv/Counter_reg[1]/CK (DFFRQX2M)                  0.00       0.00 r
  RX_ClkDiv/Counter_reg[1]/Q (DFFRQX2M)                   0.48       0.48 f
  RX_ClkDiv/U59/Y (CLKINVX1M)                             0.13       0.61 r
  RX_ClkDiv/U56/Y (OAI211X1M)                             0.16       0.77 f
  RX_ClkDiv/U54/Y (AOI222X1M)                             0.36       1.13 r
  RX_ClkDiv/U53/Y (AOI221XLM)                             0.12       1.25 f
  RX_ClkDiv/U52/Y (AOI221XLM)                             0.29       1.54 r
  RX_ClkDiv/U51/Y (AOI221XLM)                             0.13       1.67 f
  RX_ClkDiv/U50/Y (AOI2B1X1M)                             0.19       1.86 r
  RX_ClkDiv/U37/Y (CLKMX2X2M)                             0.23       2.08 r
  RX_ClkDiv/U36/Y (OAI21X1M)                              0.10       2.18 f
  RX_ClkDiv/U35/Y (OR2X1M)                                0.32       2.50 f
  RX_ClkDiv/U31/Y (NOR2BX1M)                              0.13       2.63 r
  RX_ClkDiv/Counter_reg[3]/D (DFFRQX2M)                   0.00       2.63 r
  data arrival time                                                  2.63

  clock UART_CLK (rise edge)                            271.30     271.30
  clock network delay (ideal)                             0.00     271.30
  clock uncertainty                                      -0.20     271.10
  RX_ClkDiv/Counter_reg[3]/CK (DFFRQX2M)                  0.00     271.10 r
  library setup time                                     -0.30     270.80
  data required time                                               270.80
  --------------------------------------------------------------------------
  data required time                                               270.80
  data arrival time                                                 -2.63
  --------------------------------------------------------------------------
  slack (MET)                                                      268.17


  Startpoint: RX_ClkDiv/Counter_reg[1]
              (rising edge-triggered flip-flop clocked by UART_CLK)
  Endpoint: RX_ClkDiv/Counter_reg[2]
            (rising edge-triggered flip-flop clocked by UART_CLK)
  Path Group: UART_CLK
  Path Type: max

  Point                                                   Incr       Path
  --------------------------------------------------------------------------
  clock UART_CLK (rise edge)                              0.00       0.00
  clock network delay (ideal)                             0.00       0.00
  RX_ClkDiv/Counter_reg[1]/CK (DFFRQX2M)                  0.00       0.00 r
  RX_ClkDiv/Counter_reg[1]/Q (DFFRQX2M)                   0.48       0.48 f
  RX_ClkDiv/U59/Y (CLKINVX1M)                             0.13       0.61 r
  RX_ClkDiv/U56/Y (OAI211X1M)                             0.16       0.77 f
  RX_ClkDiv/U54/Y (AOI222X1M)                             0.36       1.13 r
  RX_ClkDiv/U53/Y (AOI221XLM)                             0.12       1.25 f
  RX_ClkDiv/U52/Y (AOI221XLM)                             0.29       1.54 r
  RX_ClkDiv/U51/Y (AOI221XLM)                             0.13       1.67 f
  RX_ClkDiv/U50/Y (AOI2B1X1M)                             0.19       1.86 r
  RX_ClkDiv/U37/Y (CLKMX2X2M)                             0.23       2.08 r
  RX_ClkDiv/U36/Y (OAI21X1M)                              0.10       2.18 f
  RX_ClkDiv/U35/Y (OR2X1M)                                0.32       2.50 f
  RX_ClkDiv/U32/Y (NOR2BX1M)                              0.13       2.63 r
  RX_ClkDiv/Counter_reg[2]/D (DFFRQX2M)                   0.00       2.63 r
  data arrival time                                                  2.63

  clock UART_CLK (rise edge)                            271.30     271.30
  clock network delay (ideal)                             0.00     271.30
  clock uncertainty                                      -0.20     271.10
  RX_ClkDiv/Counter_reg[2]/CK (DFFRQX2M)                  0.00     271.10 r
  library setup time                                     -0.30     270.80
  data required time                                               270.80
  --------------------------------------------------------------------------
  data required time                                               270.80
  data arrival time                                                 -2.63
  --------------------------------------------------------------------------
  slack (MET)                                                      268.17


  Startpoint: TX_ClkDiv/Counter_reg[1]
              (rising edge-triggered flip-flop clocked by UART_CLK)
  Endpoint: TX_ClkDiv/div_clk_reg
            (rising edge-triggered flip-flop clocked by UART_CLK)
  Path Group: UART_CLK
  Path Type: max

  Point                                                   Incr       Path
  --------------------------------------------------------------------------
  clock UART_CLK (rise edge)                              0.00       0.00
  clock network delay (ideal)                             0.00       0.00
  TX_ClkDiv/Counter_reg[1]/CK (DFFRQX2M)                  0.00       0.00 r
  TX_ClkDiv/Counter_reg[1]/Q (DFFRQX2M)                   0.48       0.48 f
  TX_ClkDiv/U59/Y (CLKINVX1M)                             0.13       0.61 r
  TX_ClkDiv/U56/Y (OAI211X1M)                             0.16       0.77 f
  TX_ClkDiv/U54/Y (AOI222X1M)                             0.36       1.13 r
  TX_ClkDiv/U53/Y (AOI221XLM)                             0.12       1.25 f
  TX_ClkDiv/U52/Y (AOI221XLM)                             0.29       1.54 r
  TX_ClkDiv/U51/Y (AOI221XLM)                             0.13       1.67 f
  TX_ClkDiv/U50/Y (AOI2B1X1M)                             0.19       1.86 r
  TX_ClkDiv/U37/Y (CLKMX2X2M)                             0.23       2.09 r
  TX_ClkDiv/U27/Y (MXI2X1M)                               0.09       2.18 f
  TX_ClkDiv/U26/Y (NOR2X1M)                               0.12       2.29 r
  TX_ClkDiv/div_clk_reg/D (DFFRQX2M)                      0.00       2.29 r
  data arrival time                                                  2.29

  clock UART_CLK (rise edge)                            271.30     271.30
  clock network delay (ideal)                             0.00     271.30
  clock uncertainty                                      -0.20     271.10
  TX_ClkDiv/div_clk_reg/CK (DFFRQX2M)                     0.00     271.10 r
  library setup time                                     -0.30     270.80
  data required time                                               270.80
  --------------------------------------------------------------------------
  data required time                                               270.80
  data arrival time                                                 -2.29
  --------------------------------------------------------------------------
  slack (MET)                                                      268.51


  Startpoint: RX_ClkDiv/Counter_reg[1]
              (rising edge-triggered flip-flop clocked by UART_CLK)
  Endpoint: RX_ClkDiv/div_clk_reg
            (rising edge-triggered flip-flop clocked by UART_CLK)
  Path Group: UART_CLK
  Path Type: max

  Point                                                   Incr       Path
  --------------------------------------------------------------------------
  clock UART_CLK (rise edge)                              0.00       0.00
  clock network delay (ideal)                             0.00       0.00
  RX_ClkDiv/Counter_reg[1]/CK (DFFRQX2M)                  0.00       0.00 r
  RX_ClkDiv/Counter_reg[1]/Q (DFFRQX2M)                   0.48       0.48 f
  RX_ClkDiv/U59/Y (CLKINVX1M)                             0.13       0.61 r
  RX_ClkDiv/U56/Y (OAI211X1M)                             0.16       0.77 f
  RX_ClkDiv/U54/Y (AOI222X1M)                             0.36       1.13 r
  RX_ClkDiv/U53/Y (AOI221XLM)                             0.12       1.25 f
  RX_ClkDiv/U52/Y (AOI221XLM)                             0.29       1.54 r
  RX_ClkDiv/U51/Y (AOI221XLM)                             0.13       1.67 f
  RX_ClkDiv/U50/Y (AOI2B1X1M)                             0.19       1.86 r
  RX_ClkDiv/U37/Y (CLKMX2X2M)                             0.23       2.08 r
  RX_ClkDiv/U27/Y (MXI2X1M)                               0.09       2.17 f
  RX_ClkDiv/U26/Y (NOR2X1M)                               0.12       2.29 r
  RX_ClkDiv/div_clk_reg/D (DFFRQX2M)                      0.00       2.29 r
  data arrival time                                                  2.29

  clock UART_CLK (rise edge)                            271.30     271.30
  clock network delay (ideal)                             0.00     271.30
  clock uncertainty                                      -0.20     271.10
  RX_ClkDiv/div_clk_reg/CK (DFFRQX2M)                     0.00     271.10 r
  library setup time                                     -0.30     270.80
  data required time                                               270.80
  --------------------------------------------------------------------------
  data required time                                               270.80
  data arrival time                                                 -2.29
  --------------------------------------------------------------------------
  slack (MET)                                                      268.51


  Startpoint: RST_SYNC_2/Sync_reg[0]/CK
              (internal path startpoint clocked by UART_CLK)
  Endpoint: RST_SYNC_2/Sync_reg[1]
            (rising edge-triggered flip-flop clocked by UART_CLK)
  Path Group: UART_CLK
  Path Type: max

  Point                                                   Incr       Path
  --------------------------------------------------------------------------
  clock UART_CLK (rise edge)                              0.00       0.00
  clock network delay (ideal)                             0.00       0.00
  input external delay                                    0.00       0.00 r
  RST_SYNC_2/Sync_reg[0]/CK (DFFRQX2M)                    0.00       0.00 r
  RST_SYNC_2/Sync_reg[0]/Q (DFFRQX2M)                     0.36       0.36 r
  RST_SYNC_2/Sync_reg[1]/D (DFFRQX2M)                     0.00       0.36 r
  data arrival time                                                  0.36

  clock UART_CLK (rise edge)                            271.30     271.30
  clock network delay (ideal)                             0.00     271.30
  clock uncertainty                                      -0.20     271.10
  RST_SYNC_2/Sync_reg[1]/CK (DFFRQX2M)                    0.00     271.10 r
  library setup time                                     -0.29     270.80
  data required time                                               270.80
  --------------------------------------------------------------------------
  data required time                                               270.80
  data arrival time                                                 -0.36
  --------------------------------------------------------------------------
  slack (MET)                                                      270.44


1
